START,STOP,PATIENT,ENCOUNTER,SYSTEM,CODE,DESCRIPTION
2019-10-15,,5e688e99-61b3-5c88-3f60-21df8aaced27,5e688e99-61b3-5c88-d45d-40ccccf1e901,http://snomed.info/sct,160968000,Risk activity involvement (finding)
2020-11-03,2025-11-18,5e688e99-61b3-5c88-3f60-21df8aaced27,5e688e99-61b3-5c88-5e7f-5b5c21775b52,http://snomed.info/sct,80967001,Dental caries
2021-10-26,,5e688e99-61b3-5c88-3f60-21df8aaced27,5e688e99-61b3-5c88-9e54-dbf4c663aac9,http://snomed.info/sct,224299000,Received higher education (finding)
2021-10-26,2025-11-04,5e688e99-61b3-5c88-3f60-21df8aaced27,5e688e99-61b3-5c88-9e54-dbf4c663aac9,http://snomed.info/sct,73595000,Stress (finding)
2021-10-26,,5e688e99-61b3-5c88-3f60-21df8aaced27,5e688e99-61b3-5c88-9e54-dbf4c663aac9,http://snomed.info/sct,706893006,Victim of intimate partner abuse (finding)
2012-04-06,,e74367bd-7385-97dc-2c7f-251b4cd9fe29,e74367bd-7385-97dc-5e42-cdb3b35e8144,http://snomed.info/sct,224299000,Received higher education (finding)
2022-11-01,2025-11-04,5e688e99-61b3-5c88-3f60-21df8aaced27,5e688e99-61b3-5c88-d39d-d7af840e73d1,http://snomed.info/sct,314529007,Medication review due (situation)
2022-11-01,2025-11-04,5e688e99-61b3-5c88-3f60-21df8aaced27,5e688e99-61b3-5c88-d39d-d7af840e73d1,http://snomed.info/sct,73438004,Unemployed (finding)
2016-04-15,,e74367bd-7385-97dc-2c7f-251b4cd9fe29,e74367bd-7385-97dc-d0ee-01626746a953,http://snomed.info/sct,162864005,Body mass index 30+ - obesity (finding)
2016-04-15,,e74367bd-7385-97dc-2c7f-251b4cd9fe29,e74367bd-7385-97dc-d0ee-01626746a953,http://snomed.info/sct,160903007,Full-time employment (finding)
2010-04-11,,c86c400e-ff88-a1e3-2e23-caa4d8311f47,c86c400e-ff88-a1e3-fd10-a2c73070b8fb,http://snomed.info/sct,160968000,Risk activity involvement (finding)
2019-04-19,,e74367bd-7385-97dc-2c7f-251b4cd9fe29,e74367bd-7385-97dc-1977-29046e5ef32b,http://snomed.info/sct,714628002,Prediabetes (finding)
2012-04-22,,c86c400e-ff88-a1e3-2e23-caa4d8311f47,c86c400e-ff88-a1e3-fa16-9f0405f255e4,http://snomed.info/sct,224299000,Received higher education (finding)
2012-04-22,,c86c400e-ff88-a1e3-2e23-caa4d8311f47,c86c400e-ff88-a1e3-fa16-9f0405f255e4,http://snomed.info/sct,160903007,Full-time employment (finding)
2012-04-22,,c86c400e-ff88-a1e3-2e23-caa4d8311f47,c86c400e-ff88-a1e3-fa16-9f0405f255e4,http://snomed.info/sct,266934004,Transport problem (finding)
2013-04-28,,c86c400e-ff88-a1e3-2e23-caa4d8311f47,c86c400e-ff88-a1e3-6d1c-075c58976c6d,http://snomed.info/sct,713458007,Lack of access to transportation (finding)
2019-07-08,,e74367bd-7385-97dc-2c7f-251b4cd9fe29,e74367bd-7385-97dc-3cb7-efa5f8bb1a23,http://snomed.info/sct,267020005,History of tubal ligation (situation)
2023-11-15,2023-11-15,aee7bbe1-0c45-c028-1e62-1f4cdb30c273,aee7bbe1-0c45-c028-4fc2-22bf838d4eef,http://snomed.info/sct,314529007,Medication review due (situation)
2016-05-01,,c86c400e-ff88-a1e3-2e23-caa4d8311f47,c86c400e-ff88-a1e3-ca7d-37fc3448be3f,http://snomed.info/sct,162864005,Body mass index 30+ - obesity (finding)
2020-08-14,2025-04-25,e74367bd-7385-97dc-2c7f-251b4cd9fe29,e74367bd-7385-97dc-0e45-fca28cc87816,http://snomed.info/sct,314529007,Medication review due (situation)
2020-08-14,,e74367bd-7385-97dc-2c7f-251b4cd9fe29,e74367bd-7385-97dc-0e45-fca28cc87816,http://snomed.info/sct,271737000,Anemia (disorder)
2022-05-08,2025-05-11,c86c400e-ff88-a1e3-2e23-caa4d8311f47,c86c400e-ff88-a1e3-e4bb-396f0046be39,http://snomed.info/sct,73595000,Stress (finding)
2022-05-08,,c86c400e-ff88-a1e3-2e23-caa4d8311f47,c86c400e-ff88-a1e3-e4bb-396f0046be39,http://snomed.info/sct,706893006,Victim of intimate partner abuse (finding)
2015-11-05,2023-11-23,4f083ce3-f12b-bb4b-7353-e17f0cd55b0a,4f083ce3-f12b-bb4b-3850-99cca9f5a39f,http://snomed.info/sct,80967001,Dental caries
2025-11-04,,5e688e99-61b3-5c88-3f60-21df8aaced27,5e688e99-61b3-5c88-d6ed-0726c9d0ea48,http://snomed.info/sct,162864005,Body mass index 30+ - obesity (finding)
2025-11-04,,5e688e99-61b3-5c88-3f60-21df8aaced27,5e688e99-61b3-5c88-d6ed-0726c9d0ea48,http://snomed.info/sct,160904001,Part-time employment (finding)
2025-11-04,2025-11-18,5e688e99-61b3-5c88-3f60-21df8aaced27,5e688e99-61b3-5c88-d6ed-0726c9d0ea48,http://snomed.info/sct,66383009,Gingivitis (disorder)
2025-05-11,,c86c400e-ff88-a1e3-2e23-caa4d8311f47,c86c400e-ff88-a1e3-031e-6704c1a49157,http://snomed.info/sct,314529007,Medication review due (situation)
2016-10-27,,4f083ce3-f12b-bb4b-7353-e17f0cd55b0a,4f083ce3-f12b-bb4b-b007-cb21169ff0c1,http://snomed.info/sct,224299000,Received higher education (finding)
2016-10-27,,4f083ce3-f12b-bb4b-7353-e17f0cd55b0a,4f083ce3-f12b-bb4b-b007-cb21169ff0c1,http://snomed.info/sct,713458007,Lack of access to transportation (finding)
2017-11-02,,4f083ce3-f12b-bb4b-7353-e17f0cd55b0a,4f083ce3-f12b-bb4b-d8e3-ad8e4083d882,http://snomed.info/sct,266934004,Transport problem (finding)
2020-11-05,,4f083ce3-f12b-bb4b-7353-e17f0cd55b0a,4f083ce3-f12b-bb4b-2923-5a0fc0bd33a2,http://snomed.info/sct,160903007,Full-time employment (finding)
2020-11-05,,4f083ce3-f12b-bb4b-7353-e17f0cd55b0a,4f083ce3-f12b-bb4b-2923-5a0fc0bd33a2,http://snomed.info/sct,73595000,Stress (finding)
2023-11-09,,4f083ce3-f12b-bb4b-7353-e17f0cd55b0a,4f083ce3-f12b-bb4b-fff7-83c90d346a71,http://snomed.info/sct,314529007,Medication review due (situation)
2025-04-25,,e74367bd-7385-97dc-2c7f-251b4cd9fe29,e74367bd-7385-97dc-6dff-b86b29e2075b,http://snomed.info/sct,422650009,Social isolation (finding)
2025-04-25,,e74367bd-7385-97dc-2c7f-251b4cd9fe29,e74367bd-7385-97dc-6dff-b86b29e2075b,http://snomed.info/sct,73595000,Stress (finding)
2025-04-25,,e74367bd-7385-97dc-2c7f-251b4cd9fe29,e74367bd-7385-97dc-6dff-b86b29e2075b,http://snomed.info/sct,424393004,Reports of violence in the environment (finding)
2024-06-28,2024-09-11,4f083ce3-f12b-bb4b-7353-e17f0cd55b0a,4f083ce3-f12b-bb4b-cce8-0b84dacb7bcb,http://snomed.info/sct,36971009,Sinusitis (disorder)
2024-10-02,2024-10-02,aee7bbe1-0c45-c028-1e62-1f4cdb30c273,aee7bbe1-0c45-c028-c7d7-a3864552d0ed,http://snomed.info/sct,314529007,Medication review due (situation)
2024-10-02,2024-10-16,aee7bbe1-0c45-c028-1e62-1f4cdb30c273,aee7bbe1-0c45-c028-c7d7-a3864552d0ed,http://snomed.info/sct,66383009,Gingivitis (disorder)
2011-01-06,,46ee9d82-b52c-856d-069b-5064ff052225,46ee9d82-b52c-856d-0887-185d1d9f4797,http://snomed.info/sct,105531004,Housing unsatisfactory (finding)
2011-01-06,,46ee9d82-b52c-856d-069b-5064ff052225,46ee9d82-b52c-856d-0887-185d1d9f4797,http://snomed.info/sct,224299000,Received higher education (finding)
2011-01-06,,46ee9d82-b52c-856d-069b-5064ff052225,46ee9d82-b52c-856d-0887-185d1d9f4797,http://snomed.info/sct,160903007,Full-time employment (finding)
2011-01-06,,46ee9d82-b52c-856d-069b-5064ff052225,46ee9d82-b52c-856d-0887-185d1d9f4797,http://snomed.info/sct,266934004,Transport problem (finding)
2012-01-12,,46ee9d82-b52c-856d-069b-5064ff052225,46ee9d82-b52c-856d-6059-83644a409a4b,http://snomed.info/sct,713458007,Lack of access to transportation (finding)
2018-07-20,,46ee9d82-b52c-856d-069b-5064ff052225,46ee9d82-b52c-856d-26ec-5b343d05de5c,http://snomed.info/sct,267020005,History of tubal ligation (situation)
2021-01-21,2024-01-25,46ee9d82-b52c-856d-069b-5064ff052225,46ee9d82-b52c-856d-3899-1dcef22e0f74,http://snomed.info/sct,314529007,Medication review due (situation)
2021-01-21,2024-01-25,46ee9d82-b52c-856d-069b-5064ff052225,46ee9d82-b52c-856d-3899-1dcef22e0f74,http://snomed.info/sct,422650009,Social isolation (finding)
2024-01-25,,46ee9d82-b52c-856d-069b-5064ff052225,46ee9d82-b52c-856d-7de0-5c6adc215474,http://snomed.info/sct,73595000,Stress (finding)
2024-10-09,2024-10-09,aee7bbe1-0c45-c028-1e62-1f4cdb30c273,aee7bbe1-0c45-c028-1b5f-3d4f4ac3378d,http://snomed.info/sct,314529007,Medication review due (situation)
2024-10-16,2024-11-02,aee7bbe1-0c45-c028-1e62-1f4cdb30c273,aee7bbe1-0c45-c028-769e-b79c8b01ffc1,http://snomed.info/sct,10509002,Acute bronchitis (disorder)
2024-07-24,,4f083ce3-f12b-bb4b-7353-e17f0cd55b0a,4f083ce3-f12b-bb4b-5e6a-b2ade940738f,http://snomed.info/sct,40055000,Chronic sinusitis (disorder)
2024-11-20,,aee7bbe1-0c45-c028-1e62-1f4cdb30c273,aee7bbe1-0c45-c028-6b38-46ef1accdec3,http://snomed.info/sct,314529007,Medication review due (situation)
2025-11-26,2025-12-03,aee7bbe1-0c45-c028-1e62-1f4cdb30c273,aee7bbe1-0c45-c028-c67c-2de42fd83c5d,http://snomed.info/sct,66383009,Gingivitis (disorder)
2026-06-21,2026-06-28,aee7bbe1-0c45-c028-1e62-1f4cdb30c273,aee7bbe1-0c45-c028-ba98-c1cfef766943,http://snomed.info/sct,195662009,Acute viral pharyngitis (disorder)
2010-05-01,2025-08-02,76b20010-c318-5754-8c85-983aa538522f,76b20010-c318-5754-3283-ad584b0ba446,http://snomed.info/sct,5689008,Chronic periodontitis
2015-05-23,,76b20010-c318-5754-8c85-983aa538522f,76b20010-c318-5754-f030-b0f7c7d13342,http://snomed.info/sct,160968000,Risk activity involvement (finding)
2017-09-16,,76b20010-c318-5754-8c85-983aa538522f,76b20010-c318-5754-a925-e177adc98945,http://snomed.info/sct,161744009,Past pregnancy history of miscarriage (situation)
2019-05-27,,76b20010-c318-5754-8c85-983aa538522f,76b20010-c318-5754-4193-ef1bc4925015,http://snomed.info/sct,82423001,Chronic pain (finding)
2019-05-27,,76b20010-c318-5754-8c85-983aa538522f,76b20010-c318-5754-4193-ef1bc4925015,http://snomed.info/sct,278860009,Chronic low back pain (finding)
2019-05-27,,76b20010-c318-5754-8c85-983aa538522f,76b20010-c318-5754-4193-ef1bc4925015,http://snomed.info/sct,1121000119107,Chronic neck pain (finding)
2019-06-15,,76b20010-c318-5754-8c85-983aa538522f,76b20010-c318-5754-f363-c9d005b656a9,http://snomed.info/sct,224299000,Received higher education (finding)
2019-06-15,,76b20010-c318-5754-8c85-983aa538522f,76b20010-c318-5754-f363-c9d005b656a9,http://snomed.info/sct,266948004,Has a criminal record (finding)
2022-07-02,2024-07-13,76b20010-c318-5754-8c85-983aa538522f,76b20010-c318-5754-befc-72c145ddf274,http://snomed.info/sct,423315002,Limited social contact (finding)
2022-07-02,2026-07-25,76b20010-c318-5754-8c85-983aa538522f,76b20010-c318-5754-befc-72c145ddf274,http://snomed.info/sct,73595000,Stress (finding)
2023-07-08,2024-07-13,76b20010-c318-5754-8c85-983aa538522f,76b20010-c318-5754-76b2-beee4ca47e6a,http://snomed.info/sct,741062008,Not in labor force (finding)
2023-07-08,2024-07-13,76b20010-c318-5754-8c85-983aa538522f,76b20010-c318-5754-76b2-beee4ca47e6a,http://snomed.info/sct,424393004,Reports of violence in the environment (finding)
2024-03-02,2025-08-02,76b20010-c318-5754-8c85-983aa538522f,76b20010-c318-5754-ef98-4ec33e5e461b,http://snomed.info/sct,80967001,Dental caries
2024-07-13,2025-07-19,76b20010-c318-5754-8c85-983aa538522f,76b20010-c318-5754-1e4c-a0bab0bf634b,http://snomed.info/sct,314529007,Medication review due (situation)
2024-07-13,,76b20010-c318-5754-8c85-983aa538522f,76b20010-c318-5754-1e4c-a0bab0bf634b,http://snomed.info/sct,160903007,Full-time employment (finding)
2024-07-13,2024-07-27,76b20010-c318-5754-8c85-983aa538522f,76b20010-c318-5754-1e4c-a0bab0bf634b,http://snomed.info/sct,66383009,Gingivitis (disorder)
2025-07-19,2026-07-25,76b20010-c318-5754-8c85-983aa538522f,76b20010-c318-5754-dda9-e7d53df63d3d,http://snomed.info/sct,422650009,Social isolation (finding)
2025-08-23,2025-09-25,76b20010-c318-5754-8c85-983aa538522f,76b20010-c318-5754-1f6a-6f4f937481c2,http://snomed.info/sct,72892002,Normal pregnancy (finding)
2005-02-13,,46976cf7-b0bf-be20-39a5-9f425a52886d,46976cf7-b0bf-be20-bb2b-00e35ca90b90,http://snomed.info/sct,105531004,Housing unsatisfactory (finding)
2005-02-13,,46976cf7-b0bf-be20-39a5-9f425a52886d,46976cf7-b0bf-be20-bb2b-00e35ca90b90,http://snomed.info/sct,224299000,Received higher education (finding)
2006-01-08,2025-09-14,46976cf7-b0bf-be20-39a5-9f425a52886d,46976cf7-b0bf-be20-59e0-1a5f6fe102c4,http://snomed.info/sct,235104008,Impacted tooth
2026-07-25,2026-07-25,76b20010-c318-5754-8c85-983aa538522f,76b20010-c318-5754-284e-ec46603e304f,http://snomed.info/sct,314529007,Medication review due (situation)
2009-02-22,,46976cf7-b0bf-be20-39a5-9f425a52886d,46976cf7-b0bf-be20-10ec-fcf1b9984180,http://snomed.info/sct,714628002,Prediabetes (finding)
2026-07-25,,76b20010-c318-5754-8c85-983aa538522f,76b20010-c318-5754-284e-ec46603e304f,http://snomed.info/sct,714628002,Prediabetes (finding)
2026-07-25,,76b20010-c318-5754-8c85-983aa538522f,76b20010-c318-5754-284e-ec46603e304f,http://snomed.info/sct,271737000,Anemia (disorder)
2012-02-26,,46976cf7-b0bf-be20-39a5-9f425a52886d,46976cf7-b0bf-be20-de43-eef974d46828,http://snomed.info/sct,271737000,Anemia (disorder)
2012-02-26,2025-08-31,46976cf7-b0bf-be20-39a5-9f425a52886d,46976cf7-b0bf-be20-de43-eef974d46828,http://snomed.info/sct,423315002,Limited social contact (finding)
2013-01-18,,46976cf7-b0bf-be20-39a5-9f425a52886d,46976cf7-b0bf-be20-53ec-fc2769154060,http://snomed.info/sct,161744009,Past pregnancy history of miscarriage (situation)
2014-02-04,,46976cf7-b0bf-be20-39a5-9f425a52886d,46976cf7-b0bf-be20-f1ea-73e1be0bbde9,http://snomed.info/sct,82423001,Chronic pain (finding)
2014-02-04,,46976cf7-b0bf-be20-39a5-9f425a52886d,46976cf7-b0bf-be20-f1ea-73e1be0bbde9,http://snomed.info/sct,1121000119107,Chronic neck pain (finding)
2016-07-24,2025-09-14,46976cf7-b0bf-be20-39a5-9f425a52886d,46976cf7-b0bf-be20-b937-6d9fc142d463,http://snomed.info/sct,80967001,Dental caries
2018-07-22,2024-08-25,46976cf7-b0bf-be20-39a5-9f425a52886d,46976cf7-b0bf-be20-a6ac-e970c3b697b3,http://snomed.info/sct,314529007,Medication review due (situation)
2020-08-02,2024-08-25,46976cf7-b0bf-be20-39a5-9f425a52886d,46976cf7-b0bf-be20-d92d-9ff3076c207b,http://snomed.info/sct,160903007,Full-time employment (finding)
2022-09-10,,46976cf7-b0bf-be20-39a5-9f425a52886d,46976cf7-b0bf-be20-7916-d0bf930a2163,http://snomed.info/sct,40055000,Chronic sinusitis (disorder)
2024-08-25,2025-08-31,46976cf7-b0bf-be20-39a5-9f425a52886d,46976cf7-b0bf-be20-e20b-846107d1bb3c,http://snomed.info/sct,73438004,Unemployed (finding)
2024-08-25,2025-08-31,46976cf7-b0bf-be20-39a5-9f425a52886d,46976cf7-b0bf-be20-e20b-846107d1bb3c,http://snomed.info/sct,424393004,Reports of violence in the environment (finding)
2025-08-31,2025-08-31,46976cf7-b0bf-be20-39a5-9f425a52886d,46976cf7-b0bf-be20-e16b-e2b944724e5b,http://snomed.info/sct,314529007,Medication review due (situation)
2025-08-31,,46976cf7-b0bf-be20-39a5-9f425a52886d,46976cf7-b0bf-be20-e16b-e2b944724e5b,http://snomed.info/sct,160903007,Full-time employment (finding)
2025-08-31,2026-09-06,46976cf7-b0bf-be20-39a5-9f425a52886d,46976cf7-b0bf-be20-e16b-e2b944724e5b,http://snomed.info/sct,73595000,Stress (finding)
2026-09-06,,46976cf7-b0bf-be20-39a5-9f425a52886d,46976cf7-b0bf-be20-64a0-0c2a910cc846,http://snomed.info/sct,314529007,Medication review due (situation)
2026-09-06,,46976cf7-b0bf-be20-39a5-9f425a52886d,46976cf7-b0bf-be20-64a0-0c2a910cc846,http://snomed.info/sct,423315002,Limited social contact (finding)
1990-02-06,,ba419d35-0dfe-8af7-347c-eebf02485a56,ba419d35-0dfe-8af7-5eb5-f38a7eb14e0f,http://snomed.info/sct,197927001,Recurrent urinary tract infection (disorder)
1991-02-26,,ba419d35-0dfe-8af7-347c-eebf02485a56,ba419d35-0dfe-8af7-8de9-2c4150467374,http://snomed.info/sct,160968000,Risk activity involvement (finding)
1991-07-08,,ba419d35-0dfe-8af7-347c-eebf02485a56,ba419d35-0dfe-8af7-d0de-6bcd15eda31f,http://snomed.info/sct,224299000,Received higher education (finding)
2001-11-23,,ba419d35-0dfe-8af7-347c-eebf02485a56,ba419d35-0dfe-8af7-6554-0aaa18ba648d,http://snomed.info/sct,95417003,Primary fibromyalgia syndrome (disorder)
2004-07-26,,ba419d35-0dfe-8af7-347c-eebf02485a56,ba419d35-0dfe-8af7-3045-41e79d71a376,http://snomed.info/sct,714628002,Prediabetes (finding)
2006-07-31,,ba419d35-0dfe-8af7-347c-eebf02485a56,ba419d35-0dfe-8af7-f030-7998b6962eac,http://snomed.info/sct,66383009,Gingivitis (disorder)
2008-06-10,,ba419d35-0dfe-8af7-347c-eebf02485a56,ba419d35-0dfe-8af7-fb92-adc27ac985b9,http://snomed.info/sct,267020005,History of tubal ligation (situation)
2013-05-20,,ba419d35-0dfe-8af7-347c-eebf02485a56,ba419d35-0dfe-8af7-4eb8-d47890ff8acf,http://snomed.info/sct,162864005,Body mass index 30+ - obesity (finding)
2014-02-05,,ba419d35-0dfe-8af7-347c-eebf02485a56,ba419d35-0dfe-8af7-5edb-3a9e825fc255,http://snomed.info/sct,82423001,Chronic pain (finding)
2014-02-05,,ba419d35-0dfe-8af7-347c-eebf02485a56,ba419d35-0dfe-8af7-5edb-3a9e825fc255,http://snomed.info/sct,278860009,Chronic low back pain (finding)
2014-02-05,,ba419d35-0dfe-8af7-347c-eebf02485a56,ba419d35-0dfe-8af7-5edb-3a9e825fc255,http://snomed.info/sct,1121000119107,Chronic neck pain (finding)
2021-06-07,2024-05-20,ba419d35-0dfe-8af7-347c-eebf02485a56,ba419d35-0dfe-8af7-ca9e-8e8435f7c932,http://snomed.info/sct,160903007,Full-time employment (finding)
2024-01-01,2024-01-01,ba419d35-0dfe-8af7-347c-eebf02485a56,ba419d35-0dfe-8af7-60df-98d56b815daf,http://snomed.info/sct,314529007,Medication review due (situation)
2024-01-01,2025-05-26,ba419d35-0dfe-8af7-347c-eebf02485a56,ba419d35-0dfe-8af7-60df-98d56b815daf,http://snomed.info/sct,73595000,Stress (finding)
2024-01-08,2024-02-19,ba419d35-0dfe-8af7-347c-eebf02485a56,ba419d35-0dfe-8af7-d5c4-49a2ee2d32cb,http://snomed.info/sct,36971009,Sinusitis (disorder)
2024-05-20,2024-05-20,ba419d35-0dfe-8af7-347c-eebf02485a56,ba419d35-0dfe-8af7-8f87-c048f773eb0a,http://snomed.info/sct,314529007,Medication review due (situation)
2024-05-20,2026-06-01,ba419d35-0dfe-8af7-347c-eebf02485a56,ba419d35-0dfe-8af7-8f87-c048f773eb0a,http://snomed.info/sct,160904001,Part-time employment (finding)
2024-05-20,2025-05-26,ba419d35-0dfe-8af7-347c-eebf02485a56,ba419d35-0dfe-8af7-8f87-c048f773eb0a,http://snomed.info/sct,423315002,Limited social contact (finding)
2024-05-20,2025-05-26,ba419d35-0dfe-8af7-347c-eebf02485a56,ba419d35-0dfe-8af7-8f87-c048f773eb0a,http://snomed.info/sct,424393004,Reports of violence in the environment (finding)
2024-05-21,,ba419d35-0dfe-8af7-347c-eebf02485a56,ba419d35-0dfe-8af7-8f87-c048f773eb0a,http://snomed.info/sct,706893006,Victim of intimate partner abuse (finding)
2025-05-26,,ba419d35-0dfe-8af7-347c-eebf02485a56,ba419d35-0dfe-8af7-d211-d84757465ba3,http://snomed.info/sct,314529007,Medication review due (situation)
2026-06-01,,ba419d35-0dfe-8af7-347c-eebf02485a56,ba419d35-0dfe-8af7-7d5c-d3b10644b283,http://snomed.info/sct,160903007,Full-time employment (finding)
1966-09-07,,aa616abe-1761-0c9a-7959-07544679dafd,aa616abe-1761-0c9a-22ae-896518b73d06,http://snomed.info/sct,160968000,Risk activity involvement (finding)
1968-09-18,,aa616abe-1761-0c9a-7959-07544679dafd,aa616abe-1761-0c9a-2ae9-e966c154b460,http://snomed.info/sct,473461003,Educated to high school level (finding)
1975-09-05,,aa616abe-1761-0c9a-7959-07544679dafd,aa616abe-1761-0c9a-2360-401aa987f9eb,http://snomed.info/sct,267020005,History of tubal ligation (situation)
1978-10-04,,aa616abe-1761-0c9a-7959-07544679dafd,aa616abe-1761-0c9a-3d95-61da2c9b62e4,http://snomed.info/sct,714628002,Prediabetes (finding)
1978-10-04,,aa616abe-1761-0c9a-7959-07544679dafd,aa616abe-1761-0c9a-3d95-61da2c9b62e4,http://snomed.info/sct,271737000,Anemia (disorder)
1984-10-10,,aa616abe-1761-0c9a-7959-07544679dafd,aa616abe-1761-0c9a-7831-6387aeb2b83d,http://snomed.info/sct,44054006,Diabetes mellitus type 2 (disorder)
1987-10-14,,aa616abe-1761-0c9a-7959-07544679dafd,aa616abe-1761-0c9a-c1b3-c66779eae4be,http://snomed.info/sct,302870006,Hypertriglyceridemia (disorder)
1987-10-14,,aa616abe-1761-0c9a-7959-07544679dafd,aa616abe-1761-0c9a-c1b3-c66779eae4be,http://snomed.info/sct,237602007,Metabolic syndrome X (disorder)
1990-08-01,,aa616abe-1761-0c9a-7959-07544679dafd,aa616abe-1761-0c9a-9a9e-f50c47ea40b9,http://snomed.info/sct,162864005,Body mass index 30+ - obesity (finding)
1991-08-07,,aa616abe-1761-0c9a-7959-07544679dafd,aa616abe-1761-0c9a-6d9d-e469d8d9edfa,http://snomed.info/sct,80394007,Hyperglycemia (disorder)
1993-04-17,,aa616abe-1761-0c9a-7959-07544679dafd,aa616abe-1761-0c9a-4e3f-f8b5b7100f8c,http://snomed.info/sct,1551000119108,Nonproliferative diabetic retinopathy due to type II diabetes mellitus
1995-08-30,,aa616abe-1761-0c9a-7959-07544679dafd,aa616abe-1761-0c9a-5d08-77c02361e706,http://snomed.info/sct,266948004,Has a criminal record (finding)
2009-02-18,,aa616abe-1761-0c9a-7959-07544679dafd,aa616abe-1761-0c9a-0a08-d01cd01c687b,http://snomed.info/sct,83664006,Idiopathic atrophic hypothyroidism (disorder)
2009-09-30,,aa616abe-1761-0c9a-7959-07544679dafd,aa616abe-1761-0c9a-0fe5-2e535f23e438,http://snomed.info/sct,431855005,Chronic kidney disease stage 1 (disorder)
2009-09-30,,aa616abe-1761-0c9a-7959-07544679dafd,aa616abe-1761-0c9a-0fe5-2e535f23e438,http://snomed.info/sct,127013003,Disorder of kidney due to diabetes mellitus (disorder)
2010-06-30,,aa616abe-1761-0c9a-7959-07544679dafd,aa616abe-1761-0c9a-6890-06d0d1a7f872,http://snomed.info/sct,55822004,Hyperlipidemia (disorder)
2010-06-30,,aa616abe-1761-0c9a-7959-07544679dafd,aa616abe-1761-0c9a-6890-06d0d1a7f872,http://snomed.info/sct,66383009,Gingivitis (disorder)
2010-09-08,2026-07-22,aa616abe-1761-0c9a-7959-07544679dafd,aa616abe-1761-0c9a-9b39-f7cf654d93f5,http://hl7.org/fhir/sid/icd-10,K05.30,Chronic periodontitis  unspecified
2011-01-26,,aa616abe-1761-0c9a-7959-07544679dafd,aa616abe-1761-0c9a-1cd0-fea5ee5c70a3,http://snomed.info/sct,431856006,Chronic kidney disease stage 2 (disorder)
2011-01-26,,aa616abe-1761-0c9a-7959-07544679dafd,aa616abe-1761-0c9a-1cd0-fea5ee5c70a3,http://snomed.info/sct,90781000119102,Microalbuminuria due to type 2 diabetes mellitus (disorder)
2012-05-02,2026-07-22,aa616abe-1761-0c9a-7959-07544679dafd,aa616abe-1761-0c9a-1549-c561256c609b,http://hl7.org/fhir/sid/icd-10,K00.6,Disturbances in tooth eruption
2013-10-23,2026-07-22,aa616abe-1761-0c9a-7959-07544679dafd,aa616abe-1761-0c9a-efa9-82501f6f3513,http://hl7.org/fhir/sid/icd-10,C03.0,Malignant neoplasm of upper gum
2013-10-23,2026-07-22,aa616abe-1761-0c9a-7959-07544679dafd,aa616abe-1761-0c9a-efa9-82501f6f3513,http://hl7.org/fhir/sid/icd-10,C00.0,Malignant neoplasm of external upper lip
2014-03-12,,aa616abe-1761-0c9a-7959-07544679dafd,aa616abe-1761-0c9a-5d91-882b2391f747,http://snomed.info/sct,82423001,Chronic pain (finding)
2014-03-12,,aa616abe-1761-0c9a-7959-07544679dafd,aa616abe-1761-0c9a-5d91-882b2391f747,http://snomed.info/sct,1121000119107,Chronic neck pain (finding)
2015-06-15,,aa616abe-1761-0c9a-7959-07544679dafd,aa616abe-1761-0c9a-8e66-6ed7241564a1,http://snomed.info/sct,414545008,Ischemic heart disease (disorder)
2015-07-03,,aa616abe-1761-0c9a-7959-07544679dafd,aa616abe-1761-0c9a-e405-eed884852d66,http://snomed.info/sct,274531002,Abnormal findings diagnostic imaging heart+coronary circulat (finding)
2015-07-23,,aa616abe-1761-0c9a-7959-07544679dafd,aa616abe-1761-0c9a-2bfd-02e614851685,http://snomed.info/sct,399261000,History of coronary artery bypass grafting (situation)
2015-08-04,,aa616abe-1761-0c9a-7959-07544679dafd,aa616abe-1761-0c9a-9cdc-8dbc98aad576,http://snomed.info/sct,68496003,Polyp of colon (disorder)
2017-05-10,2026-07-22,aa616abe-1761-0c9a-7959-07544679dafd,aa616abe-1761-0c9a-8a95-e0327fc13e81,http://hl7.org/fhir/sid/icd-10,C34.90,Malignant neoplasm of unspecified part of unspecified bronchus or lung
2020-08-19,2026-07-22,aa616abe-1761-0c9a-7959-07544679dafd,aa616abe-1761-0c9a-7f02-afb8105679bf,http://hl7.org/fhir/sid/icd-10,K04.90,Unspecified diseases of pulp and periapical tissues
2022-03-16,2025-12-31,aa616abe-1761-0c9a-7959-07544679dafd,aa616abe-1761-0c9a-578f-93bf41522246,http://hl7.org/fhir/sid/icd-10,K02.9,Dental caries  unspecified
2022-05-25,2024-06-05,aa616abe-1761-0c9a-7959-07544679dafd,aa616abe-1761-0c9a-f973-4b12d19a7183,http://snomed.info/sct,706893006,Victim of intimate partner abuse (finding)
2022-08-31,2024-02-21,aa616abe-1761-0c9a-7959-07544679dafd,aa616abe-1761-0c9a-f224-15b4a2c8d7a3,http://snomed.info/sct,160903007,Full-time employment (finding)
2023-06-21,2023-11-08,aa616abe-1761-0c9a-7959-07544679dafd,aa616abe-1761-0c9a-b375-4c905a59014b,http://snomed.info/sct,422650009,Social isolation (finding)
2023-11-08,2023-11-08,aa616abe-1761-0c9a-7959-07544679dafd,aa616abe-1761-0c9a-8cdd-8e3d599fa386,http://snomed.info/sct,314529007,Medication review due (situation)
2023-11-15,2023-11-15,aa616abe-1761-0c9a-7959-07544679dafd,aa616abe-1761-0c9a-dff6-d2fd242f9d94,http://snomed.info/sct,314529007,Medication review due (situation)
2023-11-22,2023-11-22,aa616abe-1761-0c9a-7959-07544679dafd,aa616abe-1761-0c9a-17b7-6db2e594fffb,http://snomed.info/sct,314529007,Medication review due (situation)
2023-11-22,2023-12-20,aa616abe-1761-0c9a-7959-07544679dafd,aa616abe-1761-0c9a-17b7-6db2e594fffb,http://snomed.info/sct,73595000,Stress (finding)
2023-11-22,2024-03-06,aa616abe-1761-0c9a-7959-07544679dafd,aa616abe-1761-0c9a-17b7-6db2e594fffb,http://snomed.info/sct,10939881000119105,Unhealthy alcohol drinking behavior (finding)
2023-12-20,2024-01-17,aa616abe-1761-0c9a-7959-07544679dafd,aa616abe-1761-0c9a-565f-c4ea6986a7ae,http://snomed.info/sct,314529007,Medication review due (situation)
2024-01-24,2024-02-21,aa616abe-1761-0c9a-7959-07544679dafd,aa616abe-1761-0c9a-edc8-7778a2da0abb,http://snomed.info/sct,314529007,Medication review due (situation)
2024-02-21,2024-03-06,aa616abe-1761-0c9a-7959-07544679dafd,aa616abe-1761-0c9a-2681-bb2e644093cc,http://snomed.info/sct,160904001,Part-time employment (finding)
2024-02-21,2024-03-06,aa616abe-1761-0c9a-7959-07544679dafd,aa616abe-1761-0c9a-2681-bb2e644093cc,http://snomed.info/sct,73595000,Stress (finding)
2024-02-28,2024-03-20,aa616abe-1761-0c9a-7959-07544679dafd,aa616abe-1761-0c9a-80ad-6cc2bce866c1,http://snomed.info/sct,314529007,Medication review due (situation)
2024-03-06,2024-08-14,aa616abe-1761-0c9a-7959-07544679dafd,aa616abe-1761-0c9a-734b-fc8587254c98,http://snomed.info/sct,160903007,Full-time employment (finding)
2024-03-20,2024-05-15,aa616abe-1761-0c9a-7959-07544679dafd,aa616abe-1761-0c9a-6ee0-acea6b0f4399,http://snomed.info/sct,73595000,Stress (finding)
2024-03-27,2024-03-27,aa616abe-1761-0c9a-7959-07544679dafd,aa616abe-1761-0c9a-b26c-d4d2ac8efffd,http://snomed.info/sct,314529007,Medication review due (situation)
2024-04-17,2024-04-17,aa616abe-1761-0c9a-7959-07544679dafd,aa616abe-1761-0c9a-4bbf-bc034380cbe7,http://snomed.info/sct,314529007,Medication review due (situation)
2024-04-24,2024-04-24,aa616abe-1761-0c9a-7959-07544679dafd,aa616abe-1761-0c9a-c290-2f1d0f151f5b,http://snomed.info/sct,314529007,Medication review due (situation)
2024-05-15,2024-05-15,aa616abe-1761-0c9a-7959-07544679dafd,aa616abe-1761-0c9a-e3b3-8841a497bd44,http://snomed.info/sct,314529007,Medication review due (situation)
2024-05-15,2024-06-05,aa616abe-1761-0c9a-7959-07544679dafd,aa616abe-1761-0c9a-e3b3-8841a497bd44,http://snomed.info/sct,422650009,Social isolation (finding)
2024-06-05,2024-06-05,aa616abe-1761-0c9a-7959-07544679dafd,aa616abe-1761-0c9a-6927-d146f96cd914,http://snomed.info/sct,314529007,Medication review due (situation)
2024-06-05,2024-08-14,aa616abe-1761-0c9a-7959-07544679dafd,aa616abe-1761-0c9a-6927-d146f96cd914,http://snomed.info/sct,73595000,Stress (finding)
2024-07-03,2024-07-03,aa616abe-1761-0c9a-7959-07544679dafd,aa616abe-1761-0c9a-bfe1-73049b0f2170,http://snomed.info/sct,314529007,Medication review due (situation)
2024-07-03,2024-07-17,aa616abe-1761-0c9a-7959-07544679dafd,aa616abe-1761-0c9a-bfe1-73049b0f2170,http://snomed.info/sct,423315002,Limited social contact (finding)
2024-07-17,2024-08-21,aa616abe-1761-0c9a-7959-07544679dafd,aa616abe-1761-0c9a-5178-87a1d4c83d00,http://snomed.info/sct,314529007,Medication review due (situation)
2024-08-14,2024-08-28,aa616abe-1761-0c9a-7959-07544679dafd,aa616abe-1761-0c9a-e5e3-e6534716a43e,http://snomed.info/sct,160904001,Part-time employment (finding)
2024-08-14,2024-08-28,aa616abe-1761-0c9a-7959-07544679dafd,aa616abe-1761-0c9a-e5e3-e6534716a43e,http://snomed.info/sct,422650009,Social isolation (finding)
2024-08-28,2024-09-04,aa616abe-1761-0c9a-7959-07544679dafd,aa616abe-1761-0c9a-150f-5f5a0d7846e6,http://snomed.info/sct,314529007,Medication review due (situation)
2024-08-28,2025-10-22,aa616abe-1761-0c9a-7959-07544679dafd,aa616abe-1761-0c9a-150f-5f5a0d7846e6,http://snomed.info/sct,160903007,Full-time employment (finding)
2024-08-28,2024-09-25,aa616abe-1761-0c9a-7959-07544679dafd,aa616abe-1761-0c9a-150f-5f5a0d7846e6,http://snomed.info/sct,73595000,Stress (finding)
2024-08-28,2024-09-11,aa616abe-1761-0c9a-7959-07544679dafd,aa616abe-1761-0c9a-150f-5f5a0d7846e6,http://snomed.info/sct,706893006,Victim of intimate partner abuse (finding)
2024-09-11,2024-09-11,aa616abe-1761-0c9a-7959-07544679dafd,aa616abe-1761-0c9a-753d-8998877cbb64,http://snomed.info/sct,314529007,Medication review due (situation)
2024-09-11,2024-09-25,aa616abe-1761-0c9a-7959-07544679dafd,aa616abe-1761-0c9a-753d-8998877cbb64,http://snomed.info/sct,423315002,Limited social contact (finding)
2024-09-18,2024-10-02,aa616abe-1761-0c9a-7959-07544679dafd,aa616abe-1761-0c9a-646f-8da248890bd0,http://snomed.info/sct,314529007,Medication review due (situation)
2024-10-09,2024-10-09,aa616abe-1761-0c9a-7959-07544679dafd,aa616abe-1761-0c9a-56f4-8c5848aab430,http://snomed.info/sct,314529007,Medication review due (situation)
2024-10-09,2024-10-23,aa616abe-1761-0c9a-7959-07544679dafd,aa616abe-1761-0c9a-56f4-8c5848aab430,http://snomed.info/sct,422650009,Social isolation (finding)
2024-10-09,2024-11-06,aa616abe-1761-0c9a-7959-07544679dafd,aa616abe-1761-0c9a-56f4-8c5848aab430,http://snomed.info/sct,73595000,Stress (finding)
2024-10-16,2024-10-23,aa616abe-1761-0c9a-7959-07544679dafd,aa616abe-1761-0c9a-808a-b0ab533768c9,http://snomed.info/sct,314529007,Medication review due (situation)
2024-10-30,2024-10-30,aa616abe-1761-0c9a-7959-07544679dafd,aa616abe-1761-0c9a-5332-3ad705d69607,http://snomed.info/sct,314529007,Medication review due (situation)
2024-11-06,2024-11-20,aa616abe-1761-0c9a-7959-07544679dafd,aa616abe-1761-0c9a-4c57-ec904e78220a,http://snomed.info/sct,314529007,Medication review due (situation)
2024-11-06,2024-11-20,aa616abe-1761-0c9a-7959-07544679dafd,aa616abe-1761-0c9a-4c57-ec904e78220a,http://snomed.info/sct,423315002,Limited social contact (finding)
2024-11-20,2025-04-09,aa616abe-1761-0c9a-7959-07544679dafd,aa616abe-1761-0c9a-04b8-d94ab164cd13,http://snomed.info/sct,10939881000119105,Unhealthy alcohol drinking behavior (finding)
2024-11-27,2026-07-22,aa616abe-1761-0c9a-7959-07544679dafd,aa616abe-1761-0c9a-7463-7bed360679e4,http://hl7.org/fhir/sid/icd-10,M27.8,Other specified diseases of jaws
2024-11-27,2024-12-06,aa616abe-1761-0c9a-7959-07544679dafd,aa616abe-1761-0c9a-8ef5-fc3937b5f701,http://snomed.info/sct,195662009,Acute viral pharyngitis (disorder)
2024-12-11,2024-12-11,aa616abe-1761-0c9a-7959-07544679dafd,aa616abe-1761-0c9a-8c4d-10fe61e457c4,http://snomed.info/sct,314529007,Medication review due (situation)
2024-12-18,2025-04-30,aa616abe-1761-0c9a-7959-07544679dafd,aa616abe-1761-0c9a-b205-d60e8b3ddfd0,http://snomed.info/sct,314529007,Medication review due (situation)
2025-02-26,2025-04-09,aa616abe-1761-0c9a-7959-07544679dafd,aa616abe-1761-0c9a-0f15-e0c057454b56,http://snomed.info/sct,73595000,Stress (finding)
2025-05-28,2025-07-09,aa616abe-1761-0c9a-7959-07544679dafd,aa616abe-1761-0c9a-7f42-e2f462cd481e,http://snomed.info/sct,314529007,Medication review due (situation)
2025-05-28,2025-07-09,aa616abe-1761-0c9a-7959-07544679dafd,aa616abe-1761-0c9a-7f42-e2f462cd481e,http://snomed.info/sct,73595000,Stress (finding)
2025-07-09,2026-02-25,aa616abe-1761-0c9a-7959-07544679dafd,aa616abe-1761-0c9a-1d49-3d85612d8b76,http://snomed.info/sct,423315002,Limited social contact (finding)
2025-09-03,2025-12-03,aa616abe-1761-0c9a-7959-07544679dafd,aa616abe-1761-0c9a-f7a3-57106e7b56c5,http://snomed.info/sct,125601008,Injury of knee (disorder)
2025-09-03,2025-12-03,aa616abe-1761-0c9a-7959-07544679dafd,aa616abe-1761-0c9a-f7a3-57106e7b56c5,http://snomed.info/sct,30832001,Rupture of patellar tendon (disorder)
2025-10-01,2025-10-01,aa616abe-1761-0c9a-7959-07544679dafd,aa616abe-1761-0c9a-1b19-0dd794eabec6,http://snomed.info/sct,314529007,Medication review due (situation)
2025-10-01,2025-12-24,aa616abe-1761-0c9a-7959-07544679dafd,aa616abe-1761-0c9a-1b19-0dd794eabec6,http://snomed.info/sct,422650009,Social isolation (finding)
2025-10-01,2025-10-22,aa616abe-1761-0c9a-7959-07544679dafd,aa616abe-1761-0c9a-1b19-0dd794eabec6,http://snomed.info/sct,73595000,Stress (finding)
2025-10-01,2025-10-22,aa616abe-1761-0c9a-7959-07544679dafd,aa616abe-1761-0c9a-1b19-0dd794eabec6,http://snomed.info/sct,706893006,Victim of intimate partner abuse (finding)
2025-10-08,2025-10-08,aa616abe-1761-0c9a-7959-07544679dafd,aa616abe-1761-0c9a-af34-7e7a8975662f,http://snomed.info/sct,314529007,Medication review due (situation)
2025-10-22,2025-10-22,aa616abe-1761-0c9a-7959-07544679dafd,aa616abe-1761-0c9a-010b-2a518bedb30e,http://snomed.info/sct,314529007,Medication review due (situation)
2025-10-22,2025-11-05,aa616abe-1761-0c9a-7959-07544679dafd,aa616abe-1761-0c9a-010b-2a518bedb30e,http://snomed.info/sct,741062008,Not in labor force (finding)
2025-10-22,2025-12-24,aa616abe-1761-0c9a-7959-07544679dafd,aa616abe-1761-0c9a-010b-2a518bedb30e,http://snomed.info/sct,80583007,Severe anxiety (panic) (finding)
2025-11-05,2025-11-05,aa616abe-1761-0c9a-7959-07544679dafd,aa616abe-1761-0c9a-5f03-f65cc81acfe5,http://snomed.info/sct,314529007,Medication review due (situation)
2025-11-05,2026-04-08,aa616abe-1761-0c9a-7959-07544679dafd,aa616abe-1761-0c9a-5f03-f65cc81acfe5,http://snomed.info/sct,160903007,Full-time employment (finding)
2025-11-12,2025-12-24,aa616abe-1761-0c9a-7959-07544679dafd,aa616abe-1761-0c9a-f176-73e9a850b672,http://snomed.info/sct,314529007,Medication review due (situation)
2025-12-31,2026-07-22,aa616abe-1761-0c9a-7959-07544679dafd,aa616abe-1761-0c9a-cc98-c252f3173845,http://hl7.org/fhir/sid/icd-10,K01.1,Impacted teeth
2026-02-04,2026-02-25,aa616abe-1761-0c9a-7959-07544679dafd,aa616abe-1761-0c9a-8625-00956b4d1cf3,http://snomed.info/sct,314529007,Medication review due (situation)
2026-02-04,2026-03-25,aa616abe-1761-0c9a-7959-07544679dafd,aa616abe-1761-0c9a-8625-00956b4d1cf3,http://snomed.info/sct,73595000,Stress (finding)
2026-03-04,2026-03-25,aa616abe-1761-0c9a-7959-07544679dafd,aa616abe-1761-0c9a-c4d1-57105c013ad6,http://snomed.info/sct,314529007,Medication review due (situation)
2026-03-11,2026-07-22,aa616abe-1761-0c9a-7959-07544679dafd,aa616abe-1761-0c9a-5a17-1df55b354372,http://hl7.org/fhir/sid/icd-10,K02.9,Dental caries  unspecified
2026-04-08,2026-05-06,aa616abe-1761-0c9a-7959-07544679dafd,aa616abe-1761-0c9a-0373-d93b40bf4794,http://snomed.info/sct,314529007,Medication review due (situation)
2026-04-08,2026-05-06,aa616abe-1761-0c9a-7959-07544679dafd,aa616abe-1761-0c9a-0373-d93b40bf4794,http://snomed.info/sct,160904001,Part-time employment (finding)
2026-04-08,2026-09-02,aa616abe-1761-0c9a-7959-07544679dafd,aa616abe-1761-0c9a-0373-d93b40bf4794,http://snomed.info/sct,422650009,Social isolation (finding)
2026-04-08,2026-05-06,aa616abe-1761-0c9a-7959-07544679dafd,aa616abe-1761-0c9a-0373-d93b40bf4794,http://snomed.info/sct,73595000,Stress (finding)
2026-05-06,2026-09-02,aa616abe-1761-0c9a-7959-07544679dafd,aa616abe-1761-0c9a-c1c5-1dd1dba9b1d9,http://snomed.info/sct,160903007,Full-time employment (finding)
2026-05-06,2026-07-08,aa616abe-1761-0c9a-7959-07544679dafd,aa616abe-1761-0c9a-c1c5-1dd1dba9b1d9,http://snomed.info/sct,423315002,Limited social contact (finding)
2026-07-08,2026-07-08,aa616abe-1761-0c9a-7959-07544679dafd,aa616abe-1761-0c9a-9ddf-20d8d2673fa0,http://snomed.info/sct,314529007,Medication review due (situation)
2026-07-15,2026-07-15,aa616abe-1761-0c9a-7959-07544679dafd,aa616abe-1761-0c9a-ea9d-284cf789343b,http://snomed.info/sct,314529007,Medication review due (situation)
2026-08-05,2026-09-02,aa616abe-1761-0c9a-7959-07544679dafd,aa616abe-1761-0c9a-b6b4-10bec79003a2,http://snomed.info/sct,314529007,Medication review due (situation)
2026-08-05,,aa616abe-1761-0c9a-7959-07544679dafd,aa616abe-1761-0c9a-b6b4-10bec79003a2,http://snomed.info/sct,73595000,Stress (finding)
2026-08-05,2026-08-19,aa616abe-1761-0c9a-7959-07544679dafd,aa616abe-1761-0c9a-b6b4-10bec79003a2,http://snomed.info/sct,706893006,Victim of intimate partner abuse (finding)
2026-09-02,,aa616abe-1761-0c9a-7959-07544679dafd,aa616abe-1761-0c9a-01f7-4ab5aa771875,http://snomed.info/sct,741062008,Not in labor force (finding)
2026-09-16,,aa616abe-1761-0c9a-7959-07544679dafd,aa616abe-1761-0c9a-66af-0e7f776f5fc8,http://hl7.org/fhir/sid/icd-10,M26.62,Arthralgia of temporomandibular joint
