START,STOP,PATIENT,ENCOUNTER,CODE,DESCRIPTION,UDI
2019-04-19T19:11:58Z,,e74367bd-7385-97dc-2c7f-251b4cd9fe29,e74367bd-7385-97dc-1977-29046e5ef32b,337414009,Blood glucose meter (physical object),(01)22951421138983(11)190329(17)440412(10)788630757979785693(21)99251999043230
2024-07-24T05:14:21Z,,4f083ce3-f12b-bb4b-7353-e17f0cd55b0a,4f083ce3-f12b-bb4b-5e6a-b2ade940738f,170615005,Home nebulizer (physical object),(01)52078381549620(11)240703(17)490718(10)6865790785740(21)40884226
2009-02-22T00:47:24Z,,46976cf7-b0bf-be20-39a5-9f425a52886d,46976cf7-b0bf-be20-10ec-fcf1b9984180,337414009,Blood glucose meter (physical object),(01)59539391538922(11)090201(17)340216(10)1977711769891707(21)370155843361341427
2022-09-10T10:47:24Z,,46976cf7-b0bf-be20-39a5-9f425a52886d,46976cf7-b0bf-be20-7916-d0bf930a2163,170615005,Home nebulizer (physical object),(01)90997271306064(11)220820(17)470904(10)10482820473491393(21)8492043509
2026-07-25T16:22:38Z,,76b20010-c318-5754-8c85-983aa538522f,76b20010-c318-5754-284e-ec46603e304f,337414009,Blood glucose meter (physical object),(01)11815583681638(11)260704(17)510719(10)28274155545656727(21)483656519173
2004-07-26T22:30:59Z,,ba419d35-0dfe-8af7-347c-eebf02485a56,ba419d35-0dfe-8af7-3045-41e79d71a376,337414009,Blood glucose meter (physical object),(01)26621181755156(11)040705(17)290720(10)81469390(21)74607346300045595
1978-10-04T09:38:04Z,,aa616abe-1761-0c9a-7959-07544679dafd,aa616abe-1761-0c9a-3d95-61da2c9b62e4,337414009,Blood glucose meter (physical object),(01)62381990030184(11)780913(17)030928(10)183376825798(21)24500000
2025-07-30T09:38:04Z,2025-08-29T09:38:04Z,aa616abe-1761-0c9a-7959-07544679dafd,aa616abe-1761-0c9a-38ed-34eaa5949dd3,91537007,Hospital bed  device (physical object),(01)63819862416817(11)250709(17)500724(10)52165342958(21)2768
2025-07-30T09:38:04Z,2025-08-29T09:38:04Z,aa616abe-1761-0c9a-7959-07544679dafd,aa616abe-1761-0c9a-38ed-34eaa5949dd3,706112002,Patient lifting system (physical object),(01)77738114532242(11)250709(17)500724(10)8693335412828(21)8292546
2025-07-30T09:38:04Z,2025-08-29T09:38:04Z,aa616abe-1761-0c9a-7959-07544679dafd,aa616abe-1761-0c9a-38ed-34eaa5949dd3,360008003,Commode (physical object),(01)33041452665880(11)250709(17)500724(10)5355866275113144(21)689254727508155
2025-09-11T14:54:04Z,2025-09-22T14:54:04Z,aa616abe-1761-0c9a-7959-07544679dafd,aa616abe-1761-0c9a-416b-d27de5e4d084,228869008,Manual wheelchair (physical object),(01)21603212418106(11)250821(17)500905(10)29483(21)75562250
