Id,DATE,PATIENT,ENCOUNTER,SERIES_UID,BODYSITE_CODE,BODYSITE_DESCRIPTION,MODALITY_CODE,MODALITY_DESCRIPTION,INSTANCE_UID,SOP_CODE,SOP_DESCRIPTION,PROCEDURE_CODE
aa616abe-1761-0c9a-c7c5-522e206e31b2,1993-04-17T12:34:57Z,aa616abe-1761-0c9a-7959-07544679dafd,aa616abe-1761-0c9a-4e3f-f8b5b7100f8c,1.2.840.99999999.1.77229900.735050097865,181171005,Entire retina (body structure),OP,Ophthalmic Photography,1.2.840.99999999.1.1.61755909.735050097865,1.2.840.10008.5.1.4.1.1.77.1.5.1,Ophthalmic Photography 8 Bit Image Storage,314971001
aa616abe-1761-0c9a-c7c5-522e206e31b2,1993-04-17T12:34:57Z,aa616abe-1761-0c9a-7959-07544679dafd,aa616abe-1761-0c9a-4e3f-f8b5b7100f8c,1.2.840.99999999.1.77229900.735050097865,181171005,Entire retina (body structure),OP,Ophthalmic Photography,1.2.840.99999999.1.2.89323803.735050097865,1.2.840.10008.5.1.4.1.1.77.1.5.1,Ophthalmic Photography 8 Bit Image Storage,314971001
aa616abe-1761-0c9a-e077-18cc2aec3f1b,2024-02-07T09:52:04Z,aa616abe-1761-0c9a-7959-07544679dafd,aa616abe-1761-0c9a-75bf-b4e9504dacfd,1.2.840.99999999.1.17093300.1707299524865,181171005,Entire retina (body structure),OP,Ophthalmic Photography,1.2.840.99999999.1.1.86926720.1707299524865,1.2.840.10008.5.1.4.1.1.77.1.5.1,Ophthalmic Photography 8 Bit Image Storage,314971001
aa616abe-1761-0c9a-e077-18cc2aec3f1b,2024-02-07T09:52:04Z,aa616abe-1761-0c9a-7959-07544679dafd,aa616abe-1761-0c9a-75bf-b4e9504dacfd,1.2.840.99999999.1.17093300.1707299524865,181171005,Entire retina (body structure),OP,Ophthalmic Photography,1.2.840.99999999.1.2.92591076.1707299524865,1.2.840.10008.5.1.4.1.1.77.1.5.1,Ophthalmic Photography 8 Bit Image Storage,314971001
aa616abe-1761-0c9a-dd70-68c95d961828,2024-02-07T09:54:11Z,aa616abe-1761-0c9a-7959-07544679dafd,aa616abe-1761-0c9a-75bf-b4e9504dacfd,1.2.840.99999999.1.39408363.1707299651865,181171005,Entire retina (body structure),OPT,Ophthalmic Tomography,1.2.840.99999999.1.1.80210561.1707299651865,1.2.840.10008.5.1.4.1.1.77.1.5.4,Ophthalmic Tomography Image,700070005
aa616abe-1761-0c9a-dd70-68c95d961828,2024-02-07T09:54:11Z,aa616abe-1761-0c9a-7959-07544679dafd,aa616abe-1761-0c9a-75bf-b4e9504dacfd,1.2.840.99999999.1.39408363.1707299651865,181171005,Entire retina (body structure),OPT,Ophthalmic Tomography,1.2.840.99999999.1.2.68481760.1707299651865,1.2.840.10008.5.1.4.1.1.77.1.5.4,Ophthalmic Tomography Image,700070005
aa616abe-1761-0c9a-87f2-1ef541888205,2025-02-01T10:08:11Z,aa616abe-1761-0c9a-7959-07544679dafd,aa616abe-1761-0c9a-528c-1031bce2e7d4,1.2.840.99999999.1.23719182.1738404491865,181171005,Entire retina (body structure),OP,Ophthalmic Photography,1.2.840.99999999.1.1.95256579.1738404491865,1.2.840.10008.5.1.4.1.1.77.1.5.1,Ophthalmic Photography 8 Bit Image Storage,314971001
aa616abe-1761-0c9a-87f2-1ef541888205,2025-02-01T10:08:11Z,aa616abe-1761-0c9a-7959-07544679dafd,aa616abe-1761-0c9a-528c-1031bce2e7d4,1.2.840.99999999.1.23719182.1738404491865,181171005,Entire retina (body structure),OP,Ophthalmic Photography,1.2.840.99999999.1.2.25485172.1738404491865,1.2.840.10008.5.1.4.1.1.77.1.5.1,Ophthalmic Photography 8 Bit Image Storage,314971001
aa616abe-1761-0c9a-f2ba-d1bb2a3d3b21,2025-02-01T10:12:37Z,aa616abe-1761-0c9a-7959-07544679dafd,aa616abe-1761-0c9a-528c-1031bce2e7d4,1.2.840.99999999.1.62920157.1738404757865,181171005,Entire retina (body structure),OPT,Ophthalmic Tomography,1.2.840.99999999.1.1.53204321.1738404757865,1.2.840.10008.5.1.4.1.1.77.1.5.4,Ophthalmic Tomography Image,700070005
aa616abe-1761-0c9a-f2ba-d1bb2a3d3b21,2025-02-01T10:12:37Z,aa616abe-1761-0c9a-7959-07544679dafd,aa616abe-1761-0c9a-528c-1031bce2e7d4,1.2.840.99999999.1.62920157.1738404757865,181171005,Entire retina (body structure),OPT,Ophthalmic Tomography,1.2.840.99999999.1.2.37375253.1738404757865,1.2.840.10008.5.1.4.1.1.77.1.5.4,Ophthalmic Tomography Image,700070005
aa616abe-1761-0c9a-bdc1-1c50bcdb54de,2025-09-03T09:38:04Z,aa616abe-1761-0c9a-7959-07544679dafd,aa616abe-1761-0c9a-f7a3-57106e7b56c5,1.2.840.99999999.1.28671881.1756892284865,72696002,Knee region structure (body structure),DX,Digital Radiography,1.2.840.99999999.1.1.59772615.1756892284865,1.2.840.10008.5.1.4.1.1.1.1,Digital X-Ray Image Storage,1290407002
aa616abe-1761-0c9a-b543-140ab07c4875,2026-01-07T09:52:04Z,aa616abe-1761-0c9a-7959-07544679dafd,aa616abe-1761-0c9a-2a5c-ff461598ea31,1.2.840.99999999.1.91603314.1767779524865,181171005,Entire retina (body structure),OP,Ophthalmic Photography,1.2.840.99999999.1.1.94973149.1767779524865,1.2.840.10008.5.1.4.1.1.77.1.5.1,Ophthalmic Photography 8 Bit Image Storage,314971001
aa616abe-1761-0c9a-b543-140ab07c4875,2026-01-07T09:52:04Z,aa616abe-1761-0c9a-7959-07544679dafd,aa616abe-1761-0c9a-2a5c-ff461598ea31,1.2.840.99999999.1.91603314.1767779524865,181171005,Entire retina (body structure),OP,Ophthalmic Photography,1.2.840.99999999.1.2.36847965.1767779524865,1.2.840.10008.5.1.4.1.1.77.1.5.1,Ophthalmic Photography 8 Bit Image Storage,314971001
aa616abe-1761-0c9a-385e-30c9bee8d9b9,2026-01-07T09:55:04Z,aa616abe-1761-0c9a-7959-07544679dafd,aa616abe-1761-0c9a-2a5c-ff461598ea31,1.2.840.99999999.1.11618738.1767779704865,181171005,Entire retina (body structure),OPT,Ophthalmic Tomography,1.2.840.99999999.1.1.39944863.1767779704865,1.2.840.10008.5.1.4.1.1.77.1.5.4,Ophthalmic Tomography Image,700070005
aa616abe-1761-0c9a-385e-30c9bee8d9b9,2026-01-07T09:55:04Z,aa616abe-1761-0c9a-7959-07544679dafd,aa616abe-1761-0c9a-2a5c-ff461598ea31,1.2.840.99999999.1.11618738.1767779704865,181171005,Entire retina (body structure),OPT,Ophthalmic Tomography,1.2.840.99999999.1.2.29551235.1767779704865,1.2.840.10008.5.1.4.1.1.77.1.5.4,Ophthalmic Tomography Image,700070005
