START,STOP,PATIENT,PAYER,ENCOUNTER,CODE,DESCRIPTION,BASE_COST,PAYER_COVERAGE,DISPENSES,TOTALCOST,REASONCODE,REASONDESCRIPTION
2020-08-22T21:55:34Z,,e74367bd-7385-97dc-2c7f-251b4cd9fe29,0133f751-9229-3cfd-815f-b6d4979bdd6a,e74367bd-7385-97dc-5a0a-be684eaf213f,2001499,Vitamin B12 5 MG/ML Injectable Solution,48.04,0.00,74,3554.96,,
2024-07-23T19:08:48Z,2025-07-18T19:30:38Z,4f083ce3-f12b-bb4b-7353-e17f0cd55b0a,b046940f-1664-3047-bca7-dfa76be352a4,4f083ce3-f12b-bb4b-c743-6f7babdaed7a,389221,Etonogestrel 68 MG Drug Implant,13.37,0.00,12,160.44,,
1994-03-22T14:37:21Z,,46ee9d82-b52c-856d-069b-5064ff052225,e03e23c9-4df1-3eb6-a62d-f70f02301496,46ee9d82-b52c-856d-aa6e-388351cdf22e,665078,Loratadine 5 MG Chewable Tablet,84.61,0.00,395,33420.95,,
1994-03-22T14:37:21Z,,46ee9d82-b52c-856d-069b-5064ff052225,e03e23c9-4df1-3eb6-a62d-f70f02301496,46ee9d82-b52c-856d-aa6e-388351cdf22e,1870230,NDA020800 0.3 ML Epinephrine 1 MG/ML Auto-Injector,56.33,0.00,395,22250.35,,
1997-10-09T14:14:31Z,,46ee9d82-b52c-856d-069b-5064ff052225,e03e23c9-4df1-3eb6-a62d-f70f02301496,46ee9d82-b52c-856d-449a-c6aba4f50016,1649987,doxycycline hyclate 100 MG,129.94,0.00,352,45738.88,444814009,Viral sinusitis (disorder)
2024-10-16T01:52:42Z,2024-11-02T01:52:42Z,aee7bbe1-0c45-c028-1e62-1f4cdb30c273,df166300-5a78-3502-a46a-832842197811,aee7bbe1-0c45-c028-769e-b79c8b01ffc1,1043400,Acetaminophen 21.7 MG/ML / Dextromethorphan Hydrobromide 1 MG/ML / doxylamine succinate 0.417 MG/ML Oral Solution,176.91,26.91,1,176.91,10509002,Acute bronchitis (disorder)
2025-07-18T19:30:38Z,2026-07-16T08:39:47Z,4f083ce3-f12b-bb4b-7353-e17f0cd55b0a,b046940f-1664-3047-bca7-dfa76be352a4,4f083ce3-f12b-bb4b-5319-a3dd3ddb5136,1856546,levonorgestrel 0.000729 MG/HR Intrauterine System [Kyleena],11.19,0.00,12,134.28,,
2023-07-08T16:22:38Z,2024-07-13T16:22:38Z,76b20010-c318-5754-8c85-983aa538522f,d31fccc3-1767-390d-966a-22a5156f4219,76b20010-c318-5754-76b2-beee4ca47e6a,206905,Ibuprofen 400 MG Oral Tablet [Ibu],129.94,0.00,3,389.82,,
2024-05-13T16:22:38Z,2025-05-08T16:22:38Z,76b20010-c318-5754-8c85-983aa538522f,d31fccc3-1767-390d-966a-22a5156f4219,76b20010-c318-5754-2b66-20666e1c7c38,749762,{7 (ethinyl estradiol 0.01 MG Oral Tablet) / 84 (ethinyl estradiol 0.03 MG / levonorgestrel 0.15 MG Oral Tablet) } Pack [Seasonique],257.13,0.00,12,3085.56,,
2024-07-13T16:22:38Z,2025-07-19T16:22:38Z,76b20010-c318-5754-8c85-983aa538522f,d31fccc3-1767-390d-966a-22a5156f4219,76b20010-c318-5754-1e4c-a0bab0bf634b,206905,Ibuprofen 400 MG Oral Tablet [Ibu],129.94,0.00,3,389.82,,
2025-05-08T16:22:38Z,2026-05-03T16:22:38Z,76b20010-c318-5754-8c85-983aa538522f,d31fccc3-1767-390d-966a-22a5156f4219,76b20010-c318-5754-7e24-f25c850ef8d2,749762,{7 (ethinyl estradiol 0.01 MG Oral Tablet) / 84 (ethinyl estradiol 0.03 MG / levonorgestrel 0.15 MG Oral Tablet) } Pack [Seasonique],229.32,0.00,12,2751.84,,
2025-07-19T16:22:38Z,2026-07-25T16:22:38Z,76b20010-c318-5754-8c85-983aa538522f,d31fccc3-1767-390d-966a-22a5156f4219,76b20010-c318-5754-dda9-e7d53df63d3d,206905,Ibuprofen 400 MG Oral Tablet [Ibu],129.94,0.00,3,389.82,,
2026-05-03T16:22:38Z,,76b20010-c318-5754-8c85-983aa538522f,d31fccc3-1767-390d-966a-22a5156f4219,76b20010-c318-5754-da47-39e61c7f606a,751905,{7 (ethinyl estradiol 0.035 MG / norgestimate 0.18 MG Oral Tablet) / 7 (ethinyl estradiol 0.035 MG / norgestimate 0.215 MG Oral Tablet) / 7 (ethinyl estradiol 0.035 MG / norgestimate 0.25 MG Oral Tablet) / 7 (inert ingredients 1 MG Oral Tablet) } Pack [Trinessa 28 Day],507.90,0.00,4,2031.60,,
2026-07-25T16:22:38Z,,76b20010-c318-5754-8c85-983aa538522f,d31fccc3-1767-390d-966a-22a5156f4219,76b20010-c318-5754-284e-ec46603e304f,206905,Ibuprofen 400 MG Oral Tablet [Ibu],129.94,0.00,3,389.82,,
2023-02-01T00:47:24Z,2024-01-30T13:47:35Z,46976cf7-b0bf-be20-39a5-9f425a52886d,8fa6c185-e44e-3e34-8bd8-39be8694f4ce,46976cf7-b0bf-be20-366d-81e5b68ab3ea,1605257,levonorgestrel 0.000813 MG/HR Intrauterine System [Liletta],761.34,0.00,12,9136.08,,
2023-08-20T00:47:24Z,2024-08-25T00:47:24Z,46976cf7-b0bf-be20-39a5-9f425a52886d,8fa6c185-e44e-3e34-8bd8-39be8694f4ce,46976cf7-b0bf-be20-778a-621a03461bbd,835603,tramadol hydrochloride 50 MG Oral Tablet,129.94,90.96,3,389.82,,
2024-01-30T13:47:35Z,2025-01-24T14:02:46Z,46976cf7-b0bf-be20-39a5-9f425a52886d,8fa6c185-e44e-3e34-8bd8-39be8694f4ce,46976cf7-b0bf-be20-c6fb-97205e7942f6,1000126,1 ML medroxyprogesterone acetate 150 MG/ML Injection,24.78,0.00,12,297.36,,
2024-08-25T00:47:24Z,2025-08-31T00:47:24Z,46976cf7-b0bf-be20-39a5-9f425a52886d,8fa6c185-e44e-3e34-8bd8-39be8694f4ce,46976cf7-b0bf-be20-e20b-846107d1bb3c,835603,tramadol hydrochloride 50 MG Oral Tablet,129.94,0.00,3,389.82,,
2025-01-24T14:02:46Z,2026-01-19T14:02:46Z,46976cf7-b0bf-be20-39a5-9f425a52886d,8fa6c185-e44e-3e34-8bd8-39be8694f4ce,46976cf7-b0bf-be20-ea62-140f2e941ab5,978950,{5 (dienogest 2 MG / estradiol valerate 2 MG Oral Tablet) / 17 (dienogest 3 MG / estradiol valerate 2 MG Oral Tablet) / 2 (estradiol valerate 1 MG Oral Tablet) / 2 (estradiol valerate 3 MG Oral Tablet) / 2 (inert ingredients 1 MG Oral Tablet) } Pack [Natazia 28 Day],489.21,0.00,12,5870.52,,
2025-08-31T00:47:24Z,2026-09-06T00:47:24Z,46976cf7-b0bf-be20-39a5-9f425a52886d,8fa6c185-e44e-3e34-8bd8-39be8694f4ce,46976cf7-b0bf-be20-e16b-e2b944724e5b,835603,tramadol hydrochloride 50 MG Oral Tablet,129.94,0.00,3,389.82,,
2026-01-19T14:02:46Z,,46976cf7-b0bf-be20-39a5-9f425a52886d,8fa6c185-e44e-3e34-8bd8-39be8694f4ce,46976cf7-b0bf-be20-7010-b925c6a8b237,978950,{5 (dienogest 2 MG / estradiol valerate 2 MG Oral Tablet) / 17 (dienogest 3 MG / estradiol valerate 2 MG Oral Tablet) / 2 (estradiol valerate 1 MG Oral Tablet) / 2 (estradiol valerate 3 MG Oral Tablet) / 2 (inert ingredients 1 MG Oral Tablet) } Pack [Natazia 28 Day],229.32,0.00,8,1834.56,,
2026-09-06T00:47:24Z,,46976cf7-b0bf-be20-39a5-9f425a52886d,8fa6c185-e44e-3e34-8bd8-39be8694f4ce,46976cf7-b0bf-be20-64a0-0c2a910cc846,835603,tramadol hydrochloride 50 MG Oral Tablet,129.94,0.00,3,389.82,,
1996-09-23T23:53:00Z,,ba419d35-0dfe-8af7-347c-eebf02485a56,e03e23c9-4df1-3eb6-a62d-f70f02301496,ba419d35-0dfe-8af7-f4fb-eaf44f55bb61,310325,ferrous sulfate 325 MG Oral Tablet,0.15,0.00,365,54.75,,
2001-11-23T22:30:59Z,,ba419d35-0dfe-8af7-347c-eebf02485a56,e03e23c9-4df1-3eb6-a62d-f70f02301496,ba419d35-0dfe-8af7-6554-0aaa18ba648d,198014,Naproxen 500 MG Oral Tablet,45.86,0.00,302,13849.72,95417003,Primary fibromyalgia syndrome (disorder)
2014-06-15T04:32:27Z,,ba419d35-0dfe-8af7-347c-eebf02485a56,a735bf55-83e9-331a-899d-a82a60b9f60c,ba419d35-0dfe-8af7-9414-75a3685f0ab4,856987,Acetaminophen 300 MG / Hydrocodone Bitartrate 5 MG Oral Tablet,12.80,10.24,3,38.40,,
2024-01-08T22:30:59Z,2024-02-19T22:30:59Z,ba419d35-0dfe-8af7-347c-eebf02485a56,a735bf55-83e9-331a-899d-a82a60b9f60c,ba419d35-0dfe-8af7-d5c4-49a2ee2d32cb,562251,Amoxicillin 250 MG / Clavulanate 125 MG Oral Tablet,126.53,101.22,1,126.53,36971009,Sinusitis (disorder)
2025-05-30T22:30:59Z,2025-06-29T22:30:59Z,ba419d35-0dfe-8af7-347c-eebf02485a56,a735bf55-83e9-331a-899d-a82a60b9f60c,ba419d35-0dfe-8af7-4714-48b272140c9a,833135,Milnacipran hydrochloride 100 MG Oral Tablet,63.59,50.87,1,63.59,95417003,Primary fibromyalgia syndrome (disorder)
2009-02-18T09:38:04Z,,aa616abe-1761-0c9a-7959-07544679dafd,df166300-5a78-3502-a46a-832842197811,aa616abe-1761-0c9a-0a08-d01cd01c687b,966222,Levothyroxine Sodium 0.075 MG Oral Tablet,0.21,0.00,6,1.26,,
2010-07-28T09:38:04Z,2025-11-27T09:38:04Z,aa616abe-1761-0c9a-7959-07544679dafd,d18ef2e6-ef40-324c-be54-34a5ee865625,aa616abe-1761-0c9a-7069-d9f3f312f510,314231,Simvastatin 10 MG Oral Tablet,0.43,0.00,10,4.30,55822004,Hyperlipidemia (disorder)
2015-06-22T09:38:04Z,,aa616abe-1761-0c9a-7959-07544679dafd,d18ef2e6-ef40-324c-be54-34a5ee865625,aa616abe-1761-0c9a-8bd6-da30a8d9dc51,309362,Clopidogrel 75 MG Oral Tablet,491.19,456.19,137,67293.03,,
2015-06-22T09:38:04Z,,aa616abe-1761-0c9a-7959-07544679dafd,d18ef2e6-ef40-324c-be54-34a5ee865625,aa616abe-1761-0c9a-8bd6-da30a8d9dc51,312961,Simvastatin 20 MG Oral Tablet,30.60,0.00,137,4192.20,,
2015-06-22T09:38:04Z,,aa616abe-1761-0c9a-7959-07544679dafd,d18ef2e6-ef40-324c-be54-34a5ee865625,aa616abe-1761-0c9a-8bd6-da30a8d9dc51,866412,24 HR metoprolol succinate 100 MG Extended Release Oral Tablet,129.94,94.94,137,17801.78,,
2015-06-22T09:38:04Z,,aa616abe-1761-0c9a-7959-07544679dafd,d18ef2e6-ef40-324c-be54-34a5ee865625,aa616abe-1761-0c9a-8bd6-da30a8d9dc51,705129,Nitroglycerin 0.4 MG/ACTUAT Mucosal Spray,91.20,56.20,137,12494.40,,
2022-10-01T09:38:04Z,2023-10-11T09:38:04Z,aa616abe-1761-0c9a-7959-07544679dafd,d18ef2e6-ef40-324c-be54-34a5ee865625,aa616abe-1761-0c9a-0c51-fae0b4576622,314231,Simvastatin 10 MG Oral Tablet,0.44,0.00,12,5.28,55822004,Hyperlipidemia (disorder)
2023-09-20T09:38:04Z,2023-11-08T09:38:04Z,aa616abe-1761-0c9a-7959-07544679dafd,df166300-5a78-3502-a46a-832842197811,aa616abe-1761-0c9a-5075-491a80778720,1049625,Acetaminophen 325 MG / Oxycodone Hydrochloride 10 MG Oral Tablet [Percocet],129.94,0.00,3,389.82,,
2023-09-20T09:38:04Z,2023-11-08T09:38:04Z,aa616abe-1761-0c9a-7959-07544679dafd,df166300-5a78-3502-a46a-832842197811,aa616abe-1761-0c9a-5075-491a80778720,206905,Ibuprofen 400 MG Oral Tablet [Ibu],129.94,59.88,3,389.82,,
2023-09-20T09:38:04Z,2023-11-08T09:38:04Z,aa616abe-1761-0c9a-7959-07544679dafd,df166300-5a78-3502-a46a-832842197811,aa616abe-1761-0c9a-5075-491a80778720,860975,24 HR Metformin hydrochloride 500 MG Extended Release Oral Tablet,1.41,0.00,1,1.41,44054006,Diabetes mellitus type 2 (disorder)
2023-10-11T09:38:04Z,2024-11-27T09:38:04Z,aa616abe-1761-0c9a-7959-07544679dafd,df166300-5a78-3502-a46a-832842197811,aa616abe-1761-0c9a-0897-b0866ca5b812,314231,Simvastatin 10 MG Oral Tablet,0.43,0.00,12,5.16,55822004,Hyperlipidemia (disorder)
2023-11-08T09:38:04Z,2023-11-15T09:38:04Z,aa616abe-1761-0c9a-7959-07544679dafd,df166300-5a78-3502-a46a-832842197811,aa616abe-1761-0c9a-8cdd-8e3d599fa386,1049625,Acetaminophen 325 MG / Oxycodone Hydrochloride 10 MG Oral Tablet [Percocet],129.94,79.94,3,389.82,,
2023-11-08T09:38:04Z,2023-11-15T09:38:04Z,aa616abe-1761-0c9a-7959-07544679dafd,df166300-5a78-3502-a46a-832842197811,aa616abe-1761-0c9a-8cdd-8e3d599fa386,206905,Ibuprofen 400 MG Oral Tablet [Ibu],129.94,79.94,3,389.82,,
2023-11-08T09:38:04Z,2023-11-15T09:38:04Z,aa616abe-1761-0c9a-7959-07544679dafd,df166300-5a78-3502-a46a-832842197811,aa616abe-1761-0c9a-8cdd-8e3d599fa386,860975,24 HR Metformin hydrochloride 500 MG Extended Release Oral Tablet,0.60,0.00,1,0.60,44054006,Diabetes mellitus type 2 (disorder)
2023-11-15T09:38:04Z,2023-11-22T09:38:04Z,aa616abe-1761-0c9a-7959-07544679dafd,df166300-5a78-3502-a46a-832842197811,aa616abe-1761-0c9a-dff6-d2fd242f9d94,1049625,Acetaminophen 325 MG / Oxycodone Hydrochloride 10 MG Oral Tablet [Percocet],129.94,79.94,3,389.82,,
2023-11-15T09:38:04Z,2023-11-22T09:38:04Z,aa616abe-1761-0c9a-7959-07544679dafd,df166300-5a78-3502-a46a-832842197811,aa616abe-1761-0c9a-dff6-d2fd242f9d94,206905,Ibuprofen 400 MG Oral Tablet [Ibu],129.94,79.94,3,389.82,,
2023-11-15T09:38:04Z,2023-11-22T09:38:04Z,aa616abe-1761-0c9a-7959-07544679dafd,df166300-5a78-3502-a46a-832842197811,aa616abe-1761-0c9a-dff6-d2fd242f9d94,860975,24 HR Metformin hydrochloride 500 MG Extended Release Oral Tablet,6.32,0.00,1,6.32,44054006,Diabetes mellitus type 2 (disorder)
2023-11-22T09:38:04Z,2023-12-20T09:38:04Z,aa616abe-1761-0c9a-7959-07544679dafd,df166300-5a78-3502-a46a-832842197811,aa616abe-1761-0c9a-17b7-6db2e594fffb,1049625,Acetaminophen 325 MG / Oxycodone Hydrochloride 10 MG Oral Tablet [Percocet],129.94,79.94,3,389.82,,
2023-11-22T09:38:04Z,2023-12-20T09:38:04Z,aa616abe-1761-0c9a-7959-07544679dafd,df166300-5a78-3502-a46a-832842197811,aa616abe-1761-0c9a-17b7-6db2e594fffb,206905,Ibuprofen 400 MG Oral Tablet [Ibu],129.94,79.94,3,389.82,,
2023-11-22T09:38:04Z,2023-12-20T09:38:04Z,aa616abe-1761-0c9a-7959-07544679dafd,df166300-5a78-3502-a46a-832842197811,aa616abe-1761-0c9a-17b7-6db2e594fffb,860975,24 HR Metformin hydrochloride 500 MG Extended Release Oral Tablet,0.15,0.00,1,0.15,44054006,Diabetes mellitus type 2 (disorder)
2023-12-20T09:38:04Z,2023-12-27T09:38:04Z,aa616abe-1761-0c9a-7959-07544679dafd,df166300-5a78-3502-a46a-832842197811,aa616abe-1761-0c9a-565f-c4ea6986a7ae,1049625,Acetaminophen 325 MG / Oxycodone Hydrochloride 10 MG Oral Tablet [Percocet],129.94,79.94,3,389.82,,
2023-12-20T09:38:04Z,2023-12-27T09:38:04Z,aa616abe-1761-0c9a-7959-07544679dafd,df166300-5a78-3502-a46a-832842197811,aa616abe-1761-0c9a-565f-c4ea6986a7ae,206905,Ibuprofen 400 MG Oral Tablet [Ibu],129.94,79.94,3,389.82,,
2023-12-20T09:38:04Z,2023-12-27T09:38:04Z,aa616abe-1761-0c9a-7959-07544679dafd,df166300-5a78-3502-a46a-832842197811,aa616abe-1761-0c9a-565f-c4ea6986a7ae,860975,24 HR Metformin hydrochloride 500 MG Extended Release Oral Tablet,3.16,0.00,1,3.16,44054006,Diabetes mellitus type 2 (disorder)
2023-12-27T09:38:04Z,2024-01-17T09:38:04Z,aa616abe-1761-0c9a-7959-07544679dafd,df166300-5a78-3502-a46a-832842197811,aa616abe-1761-0c9a-d97f-769ad3127616,1049625,Acetaminophen 325 MG / Oxycodone Hydrochloride 10 MG Oral Tablet [Percocet],129.94,79.94,3,389.82,,
2023-12-27T09:38:04Z,2024-01-17T09:38:04Z,aa616abe-1761-0c9a-7959-07544679dafd,df166300-5a78-3502-a46a-832842197811,aa616abe-1761-0c9a-d97f-769ad3127616,206905,Ibuprofen 400 MG Oral Tablet [Ibu],129.94,79.94,3,389.82,,
2023-12-27T09:38:04Z,2024-01-17T09:38:04Z,aa616abe-1761-0c9a-7959-07544679dafd,df166300-5a78-3502-a46a-832842197811,aa616abe-1761-0c9a-d97f-769ad3127616,860975,24 HR Metformin hydrochloride 500 MG Extended Release Oral Tablet,2.18,0.00,1,2.18,44054006,Diabetes mellitus type 2 (disorder)
2024-01-17T09:38:04Z,2024-01-24T09:38:04Z,aa616abe-1761-0c9a-7959-07544679dafd,df166300-5a78-3502-a46a-832842197811,aa616abe-1761-0c9a-0945-adec19b34f1c,1049625,Acetaminophen 325 MG / Oxycodone Hydrochloride 10 MG Oral Tablet [Percocet],129.94,79.94,3,389.82,,
2024-01-17T09:38:04Z,2024-01-24T09:38:04Z,aa616abe-1761-0c9a-7959-07544679dafd,df166300-5a78-3502-a46a-832842197811,aa616abe-1761-0c9a-0945-adec19b34f1c,206905,Ibuprofen 400 MG Oral Tablet [Ibu],129.94,79.94,3,389.82,,
2024-01-17T09:38:04Z,2024-01-24T09:38:04Z,aa616abe-1761-0c9a-7959-07544679dafd,df166300-5a78-3502-a46a-832842197811,aa616abe-1761-0c9a-0945-adec19b34f1c,860975,24 HR Metformin hydrochloride 500 MG Extended Release Oral Tablet,6.08,0.00,1,6.08,44054006,Diabetes mellitus type 2 (disorder)
2024-01-24T09:38:04Z,2024-02-21T09:38:04Z,aa616abe-1761-0c9a-7959-07544679dafd,df166300-5a78-3502-a46a-832842197811,aa616abe-1761-0c9a-edc8-7778a2da0abb,1049625,Acetaminophen 325 MG / Oxycodone Hydrochloride 10 MG Oral Tablet [Percocet],129.94,79.94,3,389.82,,
2024-01-24T09:38:04Z,2024-02-21T09:38:04Z,aa616abe-1761-0c9a-7959-07544679dafd,df166300-5a78-3502-a46a-832842197811,aa616abe-1761-0c9a-edc8-7778a2da0abb,206905,Ibuprofen 400 MG Oral Tablet [Ibu],129.94,79.94,3,389.82,,
2024-01-24T09:38:04Z,2024-02-21T09:38:04Z,aa616abe-1761-0c9a-7959-07544679dafd,df166300-5a78-3502-a46a-832842197811,aa616abe-1761-0c9a-edc8-7778a2da0abb,860975,24 HR Metformin hydrochloride 500 MG Extended Release Oral Tablet,1.26,0.00,1,1.26,44054006,Diabetes mellitus type 2 (disorder)
2024-02-07T09:42:04Z,2024-02-07T09:42:04Z,aa616abe-1761-0c9a-7959-07544679dafd,df166300-5a78-3502-a46a-832842197811,aa616abe-1761-0c9a-75bf-b4e9504dacfd,313521,tropicamide 5 MG/ML Ophthalmic Solution,129.94,79.94,1,129.94,,
2024-02-21T09:38:04Z,2024-02-28T09:38:04Z,aa616abe-1761-0c9a-7959-07544679dafd,df166300-5a78-3502-a46a-832842197811,aa616abe-1761-0c9a-2681-bb2e644093cc,1049625,Acetaminophen 325 MG / Oxycodone Hydrochloride 10 MG Oral Tablet [Percocet],129.94,79.94,3,389.82,,
2024-02-21T09:38:04Z,2024-02-28T09:38:04Z,aa616abe-1761-0c9a-7959-07544679dafd,df166300-5a78-3502-a46a-832842197811,aa616abe-1761-0c9a-2681-bb2e644093cc,206905,Ibuprofen 400 MG Oral Tablet [Ibu],129.94,79.94,3,389.82,,
2024-02-21T09:38:04Z,2024-02-28T09:38:04Z,aa616abe-1761-0c9a-7959-07544679dafd,df166300-5a78-3502-a46a-832842197811,aa616abe-1761-0c9a-2681-bb2e644093cc,860975,24 HR Metformin hydrochloride 500 MG Extended Release Oral Tablet,0.15,0.00,1,0.15,44054006,Diabetes mellitus type 2 (disorder)
2024-02-28T09:38:04Z,2024-03-06T09:38:04Z,aa616abe-1761-0c9a-7959-07544679dafd,df166300-5a78-3502-a46a-832842197811,aa616abe-1761-0c9a-80ad-6cc2bce866c1,1049625,Acetaminophen 325 MG / Oxycodone Hydrochloride 10 MG Oral Tablet [Percocet],129.94,79.94,3,389.82,,
2024-02-28T09:38:04Z,2024-03-06T09:38:04Z,aa616abe-1761-0c9a-7959-07544679dafd,df166300-5a78-3502-a46a-832842197811,aa616abe-1761-0c9a-80ad-6cc2bce866c1,206905,Ibuprofen 400 MG Oral Tablet [Ibu],129.94,79.94,3,389.82,,
2024-02-28T09:38:04Z,2024-03-06T09:38:04Z,aa616abe-1761-0c9a-7959-07544679dafd,df166300-5a78-3502-a46a-832842197811,aa616abe-1761-0c9a-80ad-6cc2bce866c1,860975,24 HR Metformin hydrochloride 500 MG Extended Release Oral Tablet,10.59,0.00,1,10.59,44054006,Diabetes mellitus type 2 (disorder)
2024-03-06T09:38:04Z,2024-03-20T09:38:04Z,aa616abe-1761-0c9a-7959-07544679dafd,df166300-5a78-3502-a46a-832842197811,aa616abe-1761-0c9a-734b-fc8587254c98,1049625,Acetaminophen 325 MG / Oxycodone Hydrochloride 10 MG Oral Tablet [Percocet],129.94,79.94,3,389.82,,
2024-03-06T09:38:04Z,2024-03-20T09:38:04Z,aa616abe-1761-0c9a-7959-07544679dafd,df166300-5a78-3502-a46a-832842197811,aa616abe-1761-0c9a-734b-fc8587254c98,206905,Ibuprofen 400 MG Oral Tablet [Ibu],129.94,79.94,3,389.82,,
2024-03-06T09:38:04Z,2024-03-20T09:38:04Z,aa616abe-1761-0c9a-7959-07544679dafd,df166300-5a78-3502-a46a-832842197811,aa616abe-1761-0c9a-734b-fc8587254c98,860975,24 HR Metformin hydrochloride 500 MG Extended Release Oral Tablet,2.53,0.00,1,2.53,44054006,Diabetes mellitus type 2 (disorder)
2024-03-20T09:38:04Z,2024-03-27T09:38:04Z,aa616abe-1761-0c9a-7959-07544679dafd,df166300-5a78-3502-a46a-832842197811,aa616abe-1761-0c9a-6ee0-acea6b0f4399,1049625,Acetaminophen 325 MG / Oxycodone Hydrochloride 10 MG Oral Tablet [Percocet],129.94,79.94,3,389.82,,
2024-03-20T09:38:04Z,2024-03-27T09:38:04Z,aa616abe-1761-0c9a-7959-07544679dafd,df166300-5a78-3502-a46a-832842197811,aa616abe-1761-0c9a-6ee0-acea6b0f4399,206905,Ibuprofen 400 MG Oral Tablet [Ibu],129.94,79.94,3,389.82,,
2024-03-20T09:38:04Z,2024-03-27T09:38:04Z,aa616abe-1761-0c9a-7959-07544679dafd,df166300-5a78-3502-a46a-832842197811,aa616abe-1761-0c9a-6ee0-acea6b0f4399,860975,24 HR Metformin hydrochloride 500 MG Extended Release Oral Tablet,1.53,0.00,1,1.53,44054006,Diabetes mellitus type 2 (disorder)
2024-03-27T09:38:04Z,2024-04-17T09:38:04Z,aa616abe-1761-0c9a-7959-07544679dafd,df166300-5a78-3502-a46a-832842197811,aa616abe-1761-0c9a-b26c-d4d2ac8efffd,1049625,Acetaminophen 325 MG / Oxycodone Hydrochloride 10 MG Oral Tablet [Percocet],129.94,79.94,3,389.82,,
2024-03-27T09:38:04Z,2024-04-17T09:38:04Z,aa616abe-1761-0c9a-7959-07544679dafd,df166300-5a78-3502-a46a-832842197811,aa616abe-1761-0c9a-b26c-d4d2ac8efffd,206905,Ibuprofen 400 MG Oral Tablet [Ibu],129.94,79.94,3,389.82,,
2024-03-27T09:38:04Z,2024-04-17T09:38:04Z,aa616abe-1761-0c9a-7959-07544679dafd,df166300-5a78-3502-a46a-832842197811,aa616abe-1761-0c9a-b26c-d4d2ac8efffd,860975,24 HR Metformin hydrochloride 500 MG Extended Release Oral Tablet,0.80,0.00,1,0.80,44054006,Diabetes mellitus type 2 (disorder)
2024-04-17T09:38:04Z,2024-04-24T09:38:04Z,aa616abe-1761-0c9a-7959-07544679dafd,df166300-5a78-3502-a46a-832842197811,aa616abe-1761-0c9a-4bbf-bc034380cbe7,1049625,Acetaminophen 325 MG / Oxycodone Hydrochloride 10 MG Oral Tablet [Percocet],129.94,79.94,3,389.82,,
2024-04-17T09:38:04Z,2024-04-24T09:38:04Z,aa616abe-1761-0c9a-7959-07544679dafd,df166300-5a78-3502-a46a-832842197811,aa616abe-1761-0c9a-4bbf-bc034380cbe7,206905,Ibuprofen 400 MG Oral Tablet [Ibu],129.94,79.94,3,389.82,,
2024-04-17T09:38:04Z,2024-04-24T09:38:04Z,aa616abe-1761-0c9a-7959-07544679dafd,df166300-5a78-3502-a46a-832842197811,aa616abe-1761-0c9a-4bbf-bc034380cbe7,860975,24 HR Metformin hydrochloride 500 MG Extended Release Oral Tablet,0.19,0.00,1,0.19,44054006,Diabetes mellitus type 2 (disorder)
2024-04-24T09:38:04Z,2024-05-15T09:38:04Z,aa616abe-1761-0c9a-7959-07544679dafd,df166300-5a78-3502-a46a-832842197811,aa616abe-1761-0c9a-c290-2f1d0f151f5b,1049625,Acetaminophen 325 MG / Oxycodone Hydrochloride 10 MG Oral Tablet [Percocet],129.94,79.94,3,389.82,,
2024-04-24T09:38:04Z,2024-05-15T09:38:04Z,aa616abe-1761-0c9a-7959-07544679dafd,df166300-5a78-3502-a46a-832842197811,aa616abe-1761-0c9a-c290-2f1d0f151f5b,206905,Ibuprofen 400 MG Oral Tablet [Ibu],129.94,79.94,3,389.82,,
2024-04-24T09:38:04Z,2024-05-15T09:38:04Z,aa616abe-1761-0c9a-7959-07544679dafd,df166300-5a78-3502-a46a-832842197811,aa616abe-1761-0c9a-c290-2f1d0f151f5b,860975,24 HR Metformin hydrochloride 500 MG Extended Release Oral Tablet,0.49,0.00,1,0.49,44054006,Diabetes mellitus type 2 (disorder)
2024-05-15T09:38:04Z,2024-06-05T09:38:04Z,aa616abe-1761-0c9a-7959-07544679dafd,df166300-5a78-3502-a46a-832842197811,aa616abe-1761-0c9a-e3b3-8841a497bd44,1049625,Acetaminophen 325 MG / Oxycodone Hydrochloride 10 MG Oral Tablet [Percocet],129.94,79.94,3,389.82,,
2024-05-15T09:38:04Z,2024-06-05T09:38:04Z,aa616abe-1761-0c9a-7959-07544679dafd,df166300-5a78-3502-a46a-832842197811,aa616abe-1761-0c9a-e3b3-8841a497bd44,206905,Ibuprofen 400 MG Oral Tablet [Ibu],129.94,79.94,3,389.82,,
2024-05-15T09:38:04Z,2024-06-05T09:38:04Z,aa616abe-1761-0c9a-7959-07544679dafd,df166300-5a78-3502-a46a-832842197811,aa616abe-1761-0c9a-e3b3-8841a497bd44,860975,24 HR Metformin hydrochloride 500 MG Extended Release Oral Tablet,2.42,0.00,1,2.42,44054006,Diabetes mellitus type 2 (disorder)
2024-06-05T09:38:04Z,2024-07-03T09:38:04Z,aa616abe-1761-0c9a-7959-07544679dafd,df166300-5a78-3502-a46a-832842197811,aa616abe-1761-0c9a-6927-d146f96cd914,1049625,Acetaminophen 325 MG / Oxycodone Hydrochloride 10 MG Oral Tablet [Percocet],129.94,79.94,3,389.82,,
2024-06-05T09:38:04Z,2024-07-03T09:38:04Z,aa616abe-1761-0c9a-7959-07544679dafd,df166300-5a78-3502-a46a-832842197811,aa616abe-1761-0c9a-6927-d146f96cd914,206905,Ibuprofen 400 MG Oral Tablet [Ibu],129.94,79.94,3,389.82,,
2024-06-05T09:38:04Z,2024-07-03T09:38:04Z,aa616abe-1761-0c9a-7959-07544679dafd,df166300-5a78-3502-a46a-832842197811,aa616abe-1761-0c9a-6927-d146f96cd914,860975,24 HR Metformin hydrochloride 500 MG Extended Release Oral Tablet,0.29,0.00,1,0.29,44054006,Diabetes mellitus type 2 (disorder)
2024-07-03T09:38:04Z,2024-07-17T09:38:04Z,aa616abe-1761-0c9a-7959-07544679dafd,df166300-5a78-3502-a46a-832842197811,aa616abe-1761-0c9a-bfe1-73049b0f2170,1049625,Acetaminophen 325 MG / Oxycodone Hydrochloride 10 MG Oral Tablet [Percocet],129.94,79.94,3,389.82,,
2024-07-03T09:38:04Z,2024-07-17T09:38:04Z,aa616abe-1761-0c9a-7959-07544679dafd,df166300-5a78-3502-a46a-832842197811,aa616abe-1761-0c9a-bfe1-73049b0f2170,206905,Ibuprofen 400 MG Oral Tablet [Ibu],129.94,79.94,3,389.82,,
2024-07-03T09:38:04Z,2024-07-17T09:38:04Z,aa616abe-1761-0c9a-7959-07544679dafd,df166300-5a78-3502-a46a-832842197811,aa616abe-1761-0c9a-bfe1-73049b0f2170,860975,24 HR Metformin hydrochloride 500 MG Extended Release Oral Tablet,0.31,0.00,1,0.31,44054006,Diabetes mellitus type 2 (disorder)
2024-07-17T09:38:04Z,2024-08-14T09:38:04Z,aa616abe-1761-0c9a-7959-07544679dafd,df166300-5a78-3502-a46a-832842197811,aa616abe-1761-0c9a-5178-87a1d4c83d00,1049625,Acetaminophen 325 MG / Oxycodone Hydrochloride 10 MG Oral Tablet [Percocet],129.94,79.94,3,389.82,,
2024-07-17T09:38:04Z,2024-08-14T09:38:04Z,aa616abe-1761-0c9a-7959-07544679dafd,df166300-5a78-3502-a46a-832842197811,aa616abe-1761-0c9a-5178-87a1d4c83d00,206905,Ibuprofen 400 MG Oral Tablet [Ibu],129.94,79.94,3,389.82,,
2024-07-17T09:38:04Z,2024-08-14T09:38:04Z,aa616abe-1761-0c9a-7959-07544679dafd,df166300-5a78-3502-a46a-832842197811,aa616abe-1761-0c9a-5178-87a1d4c83d00,860975,24 HR Metformin hydrochloride 500 MG Extended Release Oral Tablet,3.41,0.00,1,3.41,44054006,Diabetes mellitus type 2 (disorder)
2024-08-14T09:38:04Z,2024-08-21T09:38:04Z,aa616abe-1761-0c9a-7959-07544679dafd,df166300-5a78-3502-a46a-832842197811,aa616abe-1761-0c9a-e5e3-e6534716a43e,1049625,Acetaminophen 325 MG / Oxycodone Hydrochloride 10 MG Oral Tablet [Percocet],129.94,15.49,3,389.82,,
2024-08-14T09:38:04Z,2024-08-21T09:38:04Z,aa616abe-1761-0c9a-7959-07544679dafd,df166300-5a78-3502-a46a-832842197811,aa616abe-1761-0c9a-e5e3-e6534716a43e,206905,Ibuprofen 400 MG Oral Tablet [Ibu],129.94,79.94,3,389.82,,
2024-08-14T09:38:04Z,2024-08-21T09:38:04Z,aa616abe-1761-0c9a-7959-07544679dafd,df166300-5a78-3502-a46a-832842197811,aa616abe-1761-0c9a-e5e3-e6534716a43e,860975,24 HR Metformin hydrochloride 500 MG Extended Release Oral Tablet,4.86,0.00,1,4.86,44054006,Diabetes mellitus type 2 (disorder)
2024-08-21T09:38:04Z,2024-08-28T09:38:04Z,aa616abe-1761-0c9a-7959-07544679dafd,df166300-5a78-3502-a46a-832842197811,aa616abe-1761-0c9a-d45d-e27640fc842e,1049625,Acetaminophen 325 MG / Oxycodone Hydrochloride 10 MG Oral Tablet [Percocet],129.94,79.94,3,389.82,,
2024-08-21T09:38:04Z,2024-08-28T09:38:04Z,aa616abe-1761-0c9a-7959-07544679dafd,df166300-5a78-3502-a46a-832842197811,aa616abe-1761-0c9a-d45d-e27640fc842e,206905,Ibuprofen 400 MG Oral Tablet [Ibu],129.94,79.94,3,389.82,,
2024-08-21T09:38:04Z,2024-08-28T09:38:04Z,aa616abe-1761-0c9a-7959-07544679dafd,df166300-5a78-3502-a46a-832842197811,aa616abe-1761-0c9a-d45d-e27640fc842e,860975,24 HR Metformin hydrochloride 500 MG Extended Release Oral Tablet,1.75,0.00,1,1.75,44054006,Diabetes mellitus type 2 (disorder)
2024-08-28T09:38:04Z,2024-09-04T09:38:04Z,aa616abe-1761-0c9a-7959-07544679dafd,df166300-5a78-3502-a46a-832842197811,aa616abe-1761-0c9a-150f-5f5a0d7846e6,1049625,Acetaminophen 325 MG / Oxycodone Hydrochloride 10 MG Oral Tablet [Percocet],129.94,79.94,3,389.82,,
2024-08-28T09:38:04Z,2024-09-04T09:38:04Z,aa616abe-1761-0c9a-7959-07544679dafd,df166300-5a78-3502-a46a-832842197811,aa616abe-1761-0c9a-150f-5f5a0d7846e6,206905,Ibuprofen 400 MG Oral Tablet [Ibu],129.94,79.94,3,389.82,,
2024-08-28T09:38:04Z,2024-09-04T09:38:04Z,aa616abe-1761-0c9a-7959-07544679dafd,df166300-5a78-3502-a46a-832842197811,aa616abe-1761-0c9a-150f-5f5a0d7846e6,860975,24 HR Metformin hydrochloride 500 MG Extended Release Oral Tablet,1.79,0.00,1,1.79,44054006,Diabetes mellitus type 2 (disorder)
2024-09-04T09:38:04Z,2024-09-11T09:38:04Z,aa616abe-1761-0c9a-7959-07544679dafd,df166300-5a78-3502-a46a-832842197811,aa616abe-1761-0c9a-0c2a-99fcc7c8673c,1049625,Acetaminophen 325 MG / Oxycodone Hydrochloride 10 MG Oral Tablet [Percocet],129.94,79.94,3,389.82,,
2024-09-04T09:38:04Z,2024-09-11T09:38:04Z,aa616abe-1761-0c9a-7959-07544679dafd,df166300-5a78-3502-a46a-832842197811,aa616abe-1761-0c9a-0c2a-99fcc7c8673c,206905,Ibuprofen 400 MG Oral Tablet [Ibu],129.94,79.94,3,389.82,,
2024-09-04T09:38:04Z,2024-09-11T09:38:04Z,aa616abe-1761-0c9a-7959-07544679dafd,df166300-5a78-3502-a46a-832842197811,aa616abe-1761-0c9a-0c2a-99fcc7c8673c,860975,24 HR Metformin hydrochloride 500 MG Extended Release Oral Tablet,2.23,0.00,1,2.23,44054006,Diabetes mellitus type 2 (disorder)
2024-09-11T09:38:04Z,2024-09-18T09:38:04Z,aa616abe-1761-0c9a-7959-07544679dafd,df166300-5a78-3502-a46a-832842197811,aa616abe-1761-0c9a-753d-8998877cbb64,1049625,Acetaminophen 325 MG / Oxycodone Hydrochloride 10 MG Oral Tablet [Percocet],129.94,79.94,3,389.82,,
2024-09-11T09:38:04Z,2024-09-18T09:38:04Z,aa616abe-1761-0c9a-7959-07544679dafd,df166300-5a78-3502-a46a-832842197811,aa616abe-1761-0c9a-753d-8998877cbb64,206905,Ibuprofen 400 MG Oral Tablet [Ibu],129.94,79.94,3,389.82,,
2024-09-11T09:38:04Z,2024-09-18T09:38:04Z,aa616abe-1761-0c9a-7959-07544679dafd,df166300-5a78-3502-a46a-832842197811,aa616abe-1761-0c9a-753d-8998877cbb64,860975,24 HR Metformin hydrochloride 500 MG Extended Release Oral Tablet,2.96,0.00,1,2.96,44054006,Diabetes mellitus type 2 (disorder)
2024-09-18T09:38:04Z,2024-09-25T09:38:04Z,aa616abe-1761-0c9a-7959-07544679dafd,df166300-5a78-3502-a46a-832842197811,aa616abe-1761-0c9a-646f-8da248890bd0,1049625,Acetaminophen 325 MG / Oxycodone Hydrochloride 10 MG Oral Tablet [Percocet],129.94,79.94,3,389.82,,
2024-09-18T09:38:04Z,2024-09-25T09:38:04Z,aa616abe-1761-0c9a-7959-07544679dafd,df166300-5a78-3502-a46a-832842197811,aa616abe-1761-0c9a-646f-8da248890bd0,206905,Ibuprofen 400 MG Oral Tablet [Ibu],129.94,79.94,3,389.82,,
2024-09-18T09:38:04Z,2024-09-25T09:38:04Z,aa616abe-1761-0c9a-7959-07544679dafd,df166300-5a78-3502-a46a-832842197811,aa616abe-1761-0c9a-646f-8da248890bd0,860975,24 HR Metformin hydrochloride 500 MG Extended Release Oral Tablet,0.84,0.00,1,0.84,44054006,Diabetes mellitus type 2 (disorder)
2024-09-25T09:38:04Z,2024-10-02T09:38:04Z,aa616abe-1761-0c9a-7959-07544679dafd,df166300-5a78-3502-a46a-832842197811,aa616abe-1761-0c9a-225e-607c10b55761,1049625,Acetaminophen 325 MG / Oxycodone Hydrochloride 10 MG Oral Tablet [Percocet],129.94,79.94,3,389.82,,
2024-09-25T09:38:04Z,2024-10-02T09:38:04Z,aa616abe-1761-0c9a-7959-07544679dafd,df166300-5a78-3502-a46a-832842197811,aa616abe-1761-0c9a-225e-607c10b55761,206905,Ibuprofen 400 MG Oral Tablet [Ibu],129.94,79.94,3,389.82,,
2024-09-25T09:38:04Z,2024-10-02T09:38:04Z,aa616abe-1761-0c9a-7959-07544679dafd,df166300-5a78-3502-a46a-832842197811,aa616abe-1761-0c9a-225e-607c10b55761,860975,24 HR Metformin hydrochloride 500 MG Extended Release Oral Tablet,3.70,0.00,1,3.70,44054006,Diabetes mellitus type 2 (disorder)
2024-10-02T09:38:04Z,2024-10-09T09:38:04Z,aa616abe-1761-0c9a-7959-07544679dafd,df166300-5a78-3502-a46a-832842197811,aa616abe-1761-0c9a-78bd-fe9c63a0faa0,1049625,Acetaminophen 325 MG / Oxycodone Hydrochloride 10 MG Oral Tablet [Percocet],129.94,79.94,3,389.82,,
2024-10-02T09:38:04Z,2024-10-09T09:38:04Z,aa616abe-1761-0c9a-7959-07544679dafd,df166300-5a78-3502-a46a-832842197811,aa616abe-1761-0c9a-78bd-fe9c63a0faa0,206905,Ibuprofen 400 MG Oral Tablet [Ibu],129.94,79.94,3,389.82,,
2024-10-02T09:38:04Z,2024-10-09T09:38:04Z,aa616abe-1761-0c9a-7959-07544679dafd,df166300-5a78-3502-a46a-832842197811,aa616abe-1761-0c9a-78bd-fe9c63a0faa0,860975,24 HR Metformin hydrochloride 500 MG Extended Release Oral Tablet,3.12,0.00,1,3.12,44054006,Diabetes mellitus type 2 (disorder)
2024-10-09T09:38:04Z,2024-10-16T09:38:04Z,aa616abe-1761-0c9a-7959-07544679dafd,df166300-5a78-3502-a46a-832842197811,aa616abe-1761-0c9a-56f4-8c5848aab430,1049625,Acetaminophen 325 MG / Oxycodone Hydrochloride 10 MG Oral Tablet [Percocet],129.94,79.94,3,389.82,,
2024-10-09T09:38:04Z,2024-10-16T09:38:04Z,aa616abe-1761-0c9a-7959-07544679dafd,df166300-5a78-3502-a46a-832842197811,aa616abe-1761-0c9a-56f4-8c5848aab430,206905,Ibuprofen 400 MG Oral Tablet [Ibu],129.94,79.94,3,389.82,,
2024-10-09T09:38:04Z,2024-10-16T09:38:04Z,aa616abe-1761-0c9a-7959-07544679dafd,df166300-5a78-3502-a46a-832842197811,aa616abe-1761-0c9a-56f4-8c5848aab430,860975,24 HR Metformin hydrochloride 500 MG Extended Release Oral Tablet,0.15,0.00,1,0.15,44054006,Diabetes mellitus type 2 (disorder)
2024-10-16T09:38:04Z,2024-10-23T09:38:04Z,aa616abe-1761-0c9a-7959-07544679dafd,df166300-5a78-3502-a46a-832842197811,aa616abe-1761-0c9a-808a-b0ab533768c9,1049625,Acetaminophen 325 MG / Oxycodone Hydrochloride 10 MG Oral Tablet [Percocet],129.94,79.94,3,389.82,,
2024-10-16T09:38:04Z,2024-10-23T09:38:04Z,aa616abe-1761-0c9a-7959-07544679dafd,df166300-5a78-3502-a46a-832842197811,aa616abe-1761-0c9a-808a-b0ab533768c9,206905,Ibuprofen 400 MG Oral Tablet [Ibu],129.94,79.94,3,389.82,,
2024-10-16T09:38:04Z,2024-10-23T09:38:04Z,aa616abe-1761-0c9a-7959-07544679dafd,df166300-5a78-3502-a46a-832842197811,aa616abe-1761-0c9a-808a-b0ab533768c9,860975,24 HR Metformin hydrochloride 500 MG Extended Release Oral Tablet,0.15,0.00,1,0.15,44054006,Diabetes mellitus type 2 (disorder)
2024-10-23T09:38:04Z,2024-10-30T09:38:04Z,aa616abe-1761-0c9a-7959-07544679dafd,df166300-5a78-3502-a46a-832842197811,aa616abe-1761-0c9a-1486-427f451dfdfd,1049625,Acetaminophen 325 MG / Oxycodone Hydrochloride 10 MG Oral Tablet [Percocet],129.94,79.94,3,389.82,,
2024-10-23T09:38:04Z,2024-10-30T09:38:04Z,aa616abe-1761-0c9a-7959-07544679dafd,df166300-5a78-3502-a46a-832842197811,aa616abe-1761-0c9a-1486-427f451dfdfd,206905,Ibuprofen 400 MG Oral Tablet [Ibu],129.94,79.94,3,389.82,,
2024-10-23T09:38:04Z,2024-10-30T09:38:04Z,aa616abe-1761-0c9a-7959-07544679dafd,df166300-5a78-3502-a46a-832842197811,aa616abe-1761-0c9a-1486-427f451dfdfd,860975,24 HR Metformin hydrochloride 500 MG Extended Release Oral Tablet,9.00,0.00,1,9.00,44054006,Diabetes mellitus type 2 (disorder)
2024-10-30T09:38:04Z,2024-11-06T09:38:04Z,aa616abe-1761-0c9a-7959-07544679dafd,df166300-5a78-3502-a46a-832842197811,aa616abe-1761-0c9a-5332-3ad705d69607,1049625,Acetaminophen 325 MG / Oxycodone Hydrochloride 10 MG Oral Tablet [Percocet],129.94,79.94,3,389.82,,
2024-10-30T09:38:04Z,2024-11-06T09:38:04Z,aa616abe-1761-0c9a-7959-07544679dafd,df166300-5a78-3502-a46a-832842197811,aa616abe-1761-0c9a-5332-3ad705d69607,206905,Ibuprofen 400 MG Oral Tablet [Ibu],129.94,79.94,3,389.82,,
2024-10-30T09:38:04Z,2024-11-06T09:38:04Z,aa616abe-1761-0c9a-7959-07544679dafd,df166300-5a78-3502-a46a-832842197811,aa616abe-1761-0c9a-5332-3ad705d69607,860975,24 HR Metformin hydrochloride 500 MG Extended Release Oral Tablet,0.15,0.00,1,0.15,44054006,Diabetes mellitus type 2 (disorder)
2024-11-06T09:38:04Z,2024-11-13T09:38:04Z,aa616abe-1761-0c9a-7959-07544679dafd,df166300-5a78-3502-a46a-832842197811,aa616abe-1761-0c9a-4c57-ec904e78220a,1049625,Acetaminophen 325 MG / Oxycodone Hydrochloride 10 MG Oral Tablet [Percocet],129.94,79.94,3,389.82,,
2024-11-06T09:38:04Z,2024-11-13T09:38:04Z,aa616abe-1761-0c9a-7959-07544679dafd,df166300-5a78-3502-a46a-832842197811,aa616abe-1761-0c9a-4c57-ec904e78220a,206905,Ibuprofen 400 MG Oral Tablet [Ibu],129.94,79.94,3,389.82,,
2024-11-06T09:38:04Z,2024-11-13T09:38:04Z,aa616abe-1761-0c9a-7959-07544679dafd,df166300-5a78-3502-a46a-832842197811,aa616abe-1761-0c9a-4c57-ec904e78220a,860975,24 HR Metformin hydrochloride 500 MG Extended Release Oral Tablet,8.19,0.00,1,8.19,44054006,Diabetes mellitus type 2 (disorder)
2024-11-13T09:38:04Z,2024-11-20T09:38:04Z,aa616abe-1761-0c9a-7959-07544679dafd,df166300-5a78-3502-a46a-832842197811,aa616abe-1761-0c9a-4b0f-8cf90115fd87,1049625,Acetaminophen 325 MG / Oxycodone Hydrochloride 10 MG Oral Tablet [Percocet],129.94,79.94,3,389.82,,
2024-11-13T09:38:04Z,2024-11-20T09:38:04Z,aa616abe-1761-0c9a-7959-07544679dafd,df166300-5a78-3502-a46a-832842197811,aa616abe-1761-0c9a-4b0f-8cf90115fd87,206905,Ibuprofen 400 MG Oral Tablet [Ibu],129.94,79.94,3,389.82,,
2024-11-13T09:38:04Z,2024-11-20T09:38:04Z,aa616abe-1761-0c9a-7959-07544679dafd,df166300-5a78-3502-a46a-832842197811,aa616abe-1761-0c9a-4b0f-8cf90115fd87,860975,24 HR Metformin hydrochloride 500 MG Extended Release Oral Tablet,2.55,0.00,1,2.55,44054006,Diabetes mellitus type 2 (disorder)
2024-11-20T09:38:04Z,2024-12-11T09:38:04Z,aa616abe-1761-0c9a-7959-07544679dafd,df166300-5a78-3502-a46a-832842197811,aa616abe-1761-0c9a-04b8-d94ab164cd13,1049625,Acetaminophen 325 MG / Oxycodone Hydrochloride 10 MG Oral Tablet [Percocet],129.94,79.94,3,389.82,,
2024-11-20T09:38:04Z,2024-12-11T09:38:04Z,aa616abe-1761-0c9a-7959-07544679dafd,df166300-5a78-3502-a46a-832842197811,aa616abe-1761-0c9a-04b8-d94ab164cd13,206905,Ibuprofen 400 MG Oral Tablet [Ibu],129.94,79.94,3,389.82,,
2024-11-20T09:38:04Z,2024-12-11T09:38:04Z,aa616abe-1761-0c9a-7959-07544679dafd,df166300-5a78-3502-a46a-832842197811,aa616abe-1761-0c9a-04b8-d94ab164cd13,860975,24 HR Metformin hydrochloride 500 MG Extended Release Oral Tablet,4.15,0.00,1,4.15,44054006,Diabetes mellitus type 2 (disorder)
2024-11-27T09:38:04Z,2025-11-27T09:38:04Z,aa616abe-1761-0c9a-7959-07544679dafd,df166300-5a78-3502-a46a-832842197811,aa616abe-1761-0c9a-a404-0f9ffeed8831,314231,Simvastatin 10 MG Oral Tablet,0.30,0.00,12,3.60,55822004,Hyperlipidemia (disorder)
2024-12-11T09:38:04Z,2024-12-18T09:38:04Z,aa616abe-1761-0c9a-7959-07544679dafd,df166300-5a78-3502-a46a-832842197811,aa616abe-1761-0c9a-8c4d-10fe61e457c4,1049625,Acetaminophen 325 MG / Oxycodone Hydrochloride 10 MG Oral Tablet [Percocet],129.94,79.94,3,389.82,,
2024-12-11T09:38:04Z,2024-12-18T09:38:04Z,aa616abe-1761-0c9a-7959-07544679dafd,df166300-5a78-3502-a46a-832842197811,aa616abe-1761-0c9a-8c4d-10fe61e457c4,206905,Ibuprofen 400 MG Oral Tablet [Ibu],129.94,79.94,3,389.82,,
2024-12-11T09:38:04Z,2024-12-18T09:38:04Z,aa616abe-1761-0c9a-7959-07544679dafd,df166300-5a78-3502-a46a-832842197811,aa616abe-1761-0c9a-8c4d-10fe61e457c4,860975,24 HR Metformin hydrochloride 500 MG Extended Release Oral Tablet,10.01,0.00,1,10.01,44054006,Diabetes mellitus type 2 (disorder)
2024-12-18T09:38:04Z,2025-02-26T09:38:04Z,aa616abe-1761-0c9a-7959-07544679dafd,df166300-5a78-3502-a46a-832842197811,aa616abe-1761-0c9a-b205-d60e8b3ddfd0,1049625,Acetaminophen 325 MG / Oxycodone Hydrochloride 10 MG Oral Tablet [Percocet],129.94,79.94,3,389.82,,
2024-12-18T09:38:04Z,2025-02-26T09:38:04Z,aa616abe-1761-0c9a-7959-07544679dafd,df166300-5a78-3502-a46a-832842197811,aa616abe-1761-0c9a-b205-d60e8b3ddfd0,206905,Ibuprofen 400 MG Oral Tablet [Ibu],129.94,79.94,3,389.82,,
2024-12-18T09:38:04Z,2025-02-26T09:38:04Z,aa616abe-1761-0c9a-7959-07544679dafd,df166300-5a78-3502-a46a-832842197811,aa616abe-1761-0c9a-b205-d60e8b3ddfd0,860975,24 HR Metformin hydrochloride 500 MG Extended Release Oral Tablet,6.34,0.00,2,12.68,44054006,Diabetes mellitus type 2 (disorder)
2025-02-01T09:58:11Z,2025-02-01T09:58:11Z,aa616abe-1761-0c9a-7959-07544679dafd,df166300-5a78-3502-a46a-832842197811,aa616abe-1761-0c9a-528c-1031bce2e7d4,313521,tropicamide 5 MG/ML Ophthalmic Solution,129.94,79.94,1,129.94,,
2025-02-26T09:38:04Z,2025-03-05T09:38:04Z,aa616abe-1761-0c9a-7959-07544679dafd,df166300-5a78-3502-a46a-832842197811,aa616abe-1761-0c9a-0f15-e0c057454b56,1049625,Acetaminophen 325 MG / Oxycodone Hydrochloride 10 MG Oral Tablet [Percocet],129.94,79.94,3,389.82,,
2025-02-26T09:38:04Z,2025-03-05T09:38:04Z,aa616abe-1761-0c9a-7959-07544679dafd,df166300-5a78-3502-a46a-832842197811,aa616abe-1761-0c9a-0f15-e0c057454b56,206905,Ibuprofen 400 MG Oral Tablet [Ibu],129.94,79.94,3,389.82,,
2025-02-26T09:38:04Z,2025-03-05T09:38:04Z,aa616abe-1761-0c9a-7959-07544679dafd,df166300-5a78-3502-a46a-832842197811,aa616abe-1761-0c9a-0f15-e0c057454b56,860975,24 HR Metformin hydrochloride 500 MG Extended Release Oral Tablet,0.63,0.00,1,0.63,44054006,Diabetes mellitus type 2 (disorder)
2025-03-05T09:38:04Z,2025-03-12T09:38:04Z,aa616abe-1761-0c9a-7959-07544679dafd,df166300-5a78-3502-a46a-832842197811,aa616abe-1761-0c9a-0894-0593c57fa321,1049625,Acetaminophen 325 MG / Oxycodone Hydrochloride 10 MG Oral Tablet [Percocet],129.94,79.94,3,389.82,,
2025-03-05T09:38:04Z,2025-03-12T09:38:04Z,aa616abe-1761-0c9a-7959-07544679dafd,df166300-5a78-3502-a46a-832842197811,aa616abe-1761-0c9a-0894-0593c57fa321,206905,Ibuprofen 400 MG Oral Tablet [Ibu],129.94,79.94,3,389.82,,
2025-03-05T09:38:04Z,2025-03-12T09:38:04Z,aa616abe-1761-0c9a-7959-07544679dafd,df166300-5a78-3502-a46a-832842197811,aa616abe-1761-0c9a-0894-0593c57fa321,860975,24 HR Metformin hydrochloride 500 MG Extended Release Oral Tablet,6.96,0.00,1,6.96,44054006,Diabetes mellitus type 2 (disorder)
2025-03-12T09:38:04Z,2025-04-09T09:38:04Z,aa616abe-1761-0c9a-7959-07544679dafd,df166300-5a78-3502-a46a-832842197811,aa616abe-1761-0c9a-f636-909bc0c0c9c4,1049625,Acetaminophen 325 MG / Oxycodone Hydrochloride 10 MG Oral Tablet [Percocet],129.94,79.94,3,389.82,,
2025-03-12T09:38:04Z,2025-04-09T09:38:04Z,aa616abe-1761-0c9a-7959-07544679dafd,df166300-5a78-3502-a46a-832842197811,aa616abe-1761-0c9a-f636-909bc0c0c9c4,206905,Ibuprofen 400 MG Oral Tablet [Ibu],129.94,79.94,3,389.82,,
2025-03-12T09:38:04Z,2025-04-09T09:38:04Z,aa616abe-1761-0c9a-7959-07544679dafd,df166300-5a78-3502-a46a-832842197811,aa616abe-1761-0c9a-f636-909bc0c0c9c4,860975,24 HR Metformin hydrochloride 500 MG Extended Release Oral Tablet,6.82,0.00,1,6.82,44054006,Diabetes mellitus type 2 (disorder)
2025-04-09T09:38:04Z,2025-04-30T09:38:04Z,aa616abe-1761-0c9a-7959-07544679dafd,df166300-5a78-3502-a46a-832842197811,aa616abe-1761-0c9a-f93f-fabed44527ae,1049625,Acetaminophen 325 MG / Oxycodone Hydrochloride 10 MG Oral Tablet [Percocet],129.94,79.94,3,389.82,,
2025-04-09T09:38:04Z,2025-04-30T09:38:04Z,aa616abe-1761-0c9a-7959-07544679dafd,df166300-5a78-3502-a46a-832842197811,aa616abe-1761-0c9a-f93f-fabed44527ae,206905,Ibuprofen 400 MG Oral Tablet [Ibu],129.94,79.94,3,389.82,,
2025-04-09T09:38:04Z,2025-04-30T09:38:04Z,aa616abe-1761-0c9a-7959-07544679dafd,df166300-5a78-3502-a46a-832842197811,aa616abe-1761-0c9a-f93f-fabed44527ae,860975,24 HR Metformin hydrochloride 500 MG Extended Release Oral Tablet,10.16,0.00,1,10.16,44054006,Diabetes mellitus type 2 (disorder)
2025-04-30T09:38:04Z,2025-05-28T09:38:04Z,aa616abe-1761-0c9a-7959-07544679dafd,df166300-5a78-3502-a46a-832842197811,aa616abe-1761-0c9a-7213-17f3753e1813,1049625,Acetaminophen 325 MG / Oxycodone Hydrochloride 10 MG Oral Tablet [Percocet],129.94,79.94,3,389.82,,
2025-04-30T09:38:04Z,2025-05-28T09:38:04Z,aa616abe-1761-0c9a-7959-07544679dafd,df166300-5a78-3502-a46a-832842197811,aa616abe-1761-0c9a-7213-17f3753e1813,206905,Ibuprofen 400 MG Oral Tablet [Ibu],129.94,79.94,3,389.82,,
2025-04-30T09:38:04Z,2025-05-28T09:38:04Z,aa616abe-1761-0c9a-7959-07544679dafd,df166300-5a78-3502-a46a-832842197811,aa616abe-1761-0c9a-7213-17f3753e1813,860975,24 HR Metformin hydrochloride 500 MG Extended Release Oral Tablet,2.06,0.00,1,2.06,44054006,Diabetes mellitus type 2 (disorder)
2025-05-28T09:38:04Z,2025-06-25T09:38:04Z,aa616abe-1761-0c9a-7959-07544679dafd,df166300-5a78-3502-a46a-832842197811,aa616abe-1761-0c9a-7f42-e2f462cd481e,1049625,Acetaminophen 325 MG / Oxycodone Hydrochloride 10 MG Oral Tablet [Percocet],129.94,79.94,3,389.82,,
2025-05-28T09:38:04Z,2025-06-25T09:38:04Z,aa616abe-1761-0c9a-7959-07544679dafd,df166300-5a78-3502-a46a-832842197811,aa616abe-1761-0c9a-7f42-e2f462cd481e,206905,Ibuprofen 400 MG Oral Tablet [Ibu],129.94,79.94,3,389.82,,
2025-05-28T09:38:04Z,2025-06-25T09:38:04Z,aa616abe-1761-0c9a-7959-07544679dafd,df166300-5a78-3502-a46a-832842197811,aa616abe-1761-0c9a-7f42-e2f462cd481e,860975,24 HR Metformin hydrochloride 500 MG Extended Release Oral Tablet,5.24,0.00,1,5.24,44054006,Diabetes mellitus type 2 (disorder)
2025-06-25T09:38:04Z,2025-07-09T09:38:04Z,aa616abe-1761-0c9a-7959-07544679dafd,df166300-5a78-3502-a46a-832842197811,aa616abe-1761-0c9a-24f7-3dd02eca3cfa,1049625,Acetaminophen 325 MG / Oxycodone Hydrochloride 10 MG Oral Tablet [Percocet],129.94,79.94,3,389.82,,
2025-06-25T09:38:04Z,2025-07-09T09:38:04Z,aa616abe-1761-0c9a-7959-07544679dafd,df166300-5a78-3502-a46a-832842197811,aa616abe-1761-0c9a-24f7-3dd02eca3cfa,206905,Ibuprofen 400 MG Oral Tablet [Ibu],129.94,79.94,3,389.82,,
2025-06-25T09:38:04Z,2025-07-09T09:38:04Z,aa616abe-1761-0c9a-7959-07544679dafd,df166300-5a78-3502-a46a-832842197811,aa616abe-1761-0c9a-24f7-3dd02eca3cfa,860975,24 HR Metformin hydrochloride 500 MG Extended Release Oral Tablet,0.81,0.00,1,0.81,44054006,Diabetes mellitus type 2 (disorder)
2025-07-09T09:38:04Z,2025-10-01T09:38:04Z,aa616abe-1761-0c9a-7959-07544679dafd,df166300-5a78-3502-a46a-832842197811,aa616abe-1761-0c9a-1d49-3d85612d8b76,1049625,Acetaminophen 325 MG / Oxycodone Hydrochloride 10 MG Oral Tablet [Percocet],129.94,79.94,3,389.82,,
2025-07-09T09:38:04Z,2025-10-01T09:38:04Z,aa616abe-1761-0c9a-7959-07544679dafd,df166300-5a78-3502-a46a-832842197811,aa616abe-1761-0c9a-1d49-3d85612d8b76,206905,Ibuprofen 400 MG Oral Tablet [Ibu],129.94,79.94,3,389.82,,
2025-07-09T09:38:04Z,2025-10-01T09:38:04Z,aa616abe-1761-0c9a-7959-07544679dafd,df166300-5a78-3502-a46a-832842197811,aa616abe-1761-0c9a-1d49-3d85612d8b76,860975,24 HR Metformin hydrochloride 500 MG Extended Release Oral Tablet,6.21,0.00,2,12.42,44054006,Diabetes mellitus type 2 (disorder)
2025-09-03T09:38:04Z,2025-12-03T14:54:04Z,aa616abe-1761-0c9a-7959-07544679dafd,d18ef2e6-ef40-324c-be54-34a5ee865625,aa616abe-1761-0c9a-f7a3-57106e7b56c5,849574,Naproxen sodium 220 MG Oral Tablet,168.16,133.16,3,504.48,,
2025-09-10T11:54:04Z,2025-09-30T09:38:04Z,aa616abe-1761-0c9a-7959-07544679dafd,d18ef2e6-ef40-324c-be54-34a5ee865625,aa616abe-1761-0c9a-945a-fe5cdc704563,861467,Meperidine Hydrochloride 50 MG Oral Tablet,113.00,78.00,1,113.00,,
2025-10-01T09:38:04Z,2025-10-08T09:38:04Z,aa616abe-1761-0c9a-7959-07544679dafd,d18ef2e6-ef40-324c-be54-34a5ee865625,aa616abe-1761-0c9a-1b19-0dd794eabec6,1049625,Acetaminophen 325 MG / Oxycodone Hydrochloride 10 MG Oral Tablet [Percocet],129.94,94.94,3,389.82,,
2025-10-01T09:38:04Z,2025-10-08T09:38:04Z,aa616abe-1761-0c9a-7959-07544679dafd,d18ef2e6-ef40-324c-be54-34a5ee865625,aa616abe-1761-0c9a-1b19-0dd794eabec6,206905,Ibuprofen 400 MG Oral Tablet [Ibu],129.94,94.94,3,389.82,,
2025-10-01T09:38:04Z,2025-10-08T09:38:04Z,aa616abe-1761-0c9a-7959-07544679dafd,d18ef2e6-ef40-324c-be54-34a5ee865625,aa616abe-1761-0c9a-1b19-0dd794eabec6,860975,24 HR Metformin hydrochloride 500 MG Extended Release Oral Tablet,0.18,0.00,1,0.18,44054006,Diabetes mellitus type 2 (disorder)
2025-10-08T09:38:04Z,2025-10-22T09:38:04Z,aa616abe-1761-0c9a-7959-07544679dafd,d18ef2e6-ef40-324c-be54-34a5ee865625,aa616abe-1761-0c9a-af34-7e7a8975662f,1049625,Acetaminophen 325 MG / Oxycodone Hydrochloride 10 MG Oral Tablet [Percocet],129.94,94.94,3,389.82,,
2025-10-08T09:38:04Z,2025-10-22T09:38:04Z,aa616abe-1761-0c9a-7959-07544679dafd,d18ef2e6-ef40-324c-be54-34a5ee865625,aa616abe-1761-0c9a-af34-7e7a8975662f,206905,Ibuprofen 400 MG Oral Tablet [Ibu],129.94,94.94,3,389.82,,
2025-10-08T09:38:04Z,2025-10-22T09:38:04Z,aa616abe-1761-0c9a-7959-07544679dafd,d18ef2e6-ef40-324c-be54-34a5ee865625,aa616abe-1761-0c9a-af34-7e7a8975662f,860975,24 HR Metformin hydrochloride 500 MG Extended Release Oral Tablet,4.18,0.00,1,4.18,44054006,Diabetes mellitus type 2 (disorder)
2025-10-22T09:38:04Z,2025-11-05T09:38:04Z,aa616abe-1761-0c9a-7959-07544679dafd,d18ef2e6-ef40-324c-be54-34a5ee865625,aa616abe-1761-0c9a-010b-2a518bedb30e,1049625,Acetaminophen 325 MG / Oxycodone Hydrochloride 10 MG Oral Tablet [Percocet],129.94,94.94,3,389.82,,
2025-10-22T09:38:04Z,2025-11-05T09:38:04Z,aa616abe-1761-0c9a-7959-07544679dafd,d18ef2e6-ef40-324c-be54-34a5ee865625,aa616abe-1761-0c9a-010b-2a518bedb30e,206905,Ibuprofen 400 MG Oral Tablet [Ibu],129.94,94.94,3,389.82,,
2025-10-22T09:38:04Z,2025-11-05T09:38:04Z,aa616abe-1761-0c9a-7959-07544679dafd,d18ef2e6-ef40-324c-be54-34a5ee865625,aa616abe-1761-0c9a-010b-2a518bedb30e,860975,24 HR Metformin hydrochloride 500 MG Extended Release Oral Tablet,0.92,0.00,1,0.92,44054006,Diabetes mellitus type 2 (disorder)
2025-11-05T09:38:04Z,2025-11-12T09:38:04Z,aa616abe-1761-0c9a-7959-07544679dafd,d18ef2e6-ef40-324c-be54-34a5ee865625,aa616abe-1761-0c9a-5f03-f65cc81acfe5,1049625,Acetaminophen 325 MG / Oxycodone Hydrochloride 10 MG Oral Tablet [Percocet],129.94,94.94,3,389.82,,
2025-11-05T09:38:04Z,2025-11-12T09:38:04Z,aa616abe-1761-0c9a-7959-07544679dafd,d18ef2e6-ef40-324c-be54-34a5ee865625,aa616abe-1761-0c9a-5f03-f65cc81acfe5,206905,Ibuprofen 400 MG Oral Tablet [Ibu],129.94,94.94,3,389.82,,
2025-11-05T09:38:04Z,2025-11-12T09:38:04Z,aa616abe-1761-0c9a-7959-07544679dafd,d18ef2e6-ef40-324c-be54-34a5ee865625,aa616abe-1761-0c9a-5f03-f65cc81acfe5,860975,24 HR Metformin hydrochloride 500 MG Extended Release Oral Tablet,2.67,0.00,1,2.67,44054006,Diabetes mellitus type 2 (disorder)
2025-11-12T09:38:04Z,2025-12-10T09:38:04Z,aa616abe-1761-0c9a-7959-07544679dafd,d18ef2e6-ef40-324c-be54-34a5ee865625,aa616abe-1761-0c9a-f176-73e9a850b672,1049625,Acetaminophen 325 MG / Oxycodone Hydrochloride 10 MG Oral Tablet [Percocet],129.94,94.94,3,389.82,,
2025-11-12T09:38:04Z,2025-12-10T09:38:04Z,aa616abe-1761-0c9a-7959-07544679dafd,d18ef2e6-ef40-324c-be54-34a5ee865625,aa616abe-1761-0c9a-f176-73e9a850b672,206905,Ibuprofen 400 MG Oral Tablet [Ibu],129.94,94.94,3,389.82,,
2025-11-12T09:38:04Z,2025-12-10T09:38:04Z,aa616abe-1761-0c9a-7959-07544679dafd,d18ef2e6-ef40-324c-be54-34a5ee865625,aa616abe-1761-0c9a-f176-73e9a850b672,860975,24 HR Metformin hydrochloride 500 MG Extended Release Oral Tablet,1.37,0.00,1,1.37,44054006,Diabetes mellitus type 2 (disorder)
2025-11-27T09:38:04Z,,aa616abe-1761-0c9a-7959-07544679dafd,d18ef2e6-ef40-324c-be54-34a5ee865625,aa616abe-1761-0c9a-c01d-9d55ec0c403e,314231,Simvastatin 10 MG Oral Tablet,0.30,0.00,12,3.60,55822004,Hyperlipidemia (disorder)
2025-12-10T09:38:04Z,2025-12-17T09:38:04Z,aa616abe-1761-0c9a-7959-07544679dafd,d18ef2e6-ef40-324c-be54-34a5ee865625,aa616abe-1761-0c9a-85b6-70d292b7d576,1049625,Acetaminophen 325 MG / Oxycodone Hydrochloride 10 MG Oral Tablet [Percocet],129.94,94.94,3,389.82,,
2025-12-10T09:38:04Z,2025-12-17T09:38:04Z,aa616abe-1761-0c9a-7959-07544679dafd,d18ef2e6-ef40-324c-be54-34a5ee865625,aa616abe-1761-0c9a-85b6-70d292b7d576,206905,Ibuprofen 400 MG Oral Tablet [Ibu],129.94,94.94,3,389.82,,
2025-12-10T09:38:04Z,2025-12-17T09:38:04Z,aa616abe-1761-0c9a-7959-07544679dafd,d18ef2e6-ef40-324c-be54-34a5ee865625,aa616abe-1761-0c9a-85b6-70d292b7d576,860975,24 HR Metformin hydrochloride 500 MG Extended Release Oral Tablet,4.84,0.00,1,4.84,44054006,Diabetes mellitus type 2 (disorder)
2025-12-17T09:38:04Z,2025-12-24T09:38:04Z,aa616abe-1761-0c9a-7959-07544679dafd,d18ef2e6-ef40-324c-be54-34a5ee865625,aa616abe-1761-0c9a-df59-4d29b693ffc3,1049625,Acetaminophen 325 MG / Oxycodone Hydrochloride 10 MG Oral Tablet [Percocet],129.94,94.94,3,389.82,,
2025-12-17T09:38:04Z,2025-12-24T09:38:04Z,aa616abe-1761-0c9a-7959-07544679dafd,d18ef2e6-ef40-324c-be54-34a5ee865625,aa616abe-1761-0c9a-df59-4d29b693ffc3,206905,Ibuprofen 400 MG Oral Tablet [Ibu],129.94,94.94,3,389.82,,
2025-12-17T09:38:04Z,2025-12-24T09:38:04Z,aa616abe-1761-0c9a-7959-07544679dafd,d18ef2e6-ef40-324c-be54-34a5ee865625,aa616abe-1761-0c9a-df59-4d29b693ffc3,860975,24 HR Metformin hydrochloride 500 MG Extended Release Oral Tablet,2.42,0.00,1,2.42,44054006,Diabetes mellitus type 2 (disorder)
2025-12-24T09:38:04Z,2026-02-04T09:38:04Z,aa616abe-1761-0c9a-7959-07544679dafd,d18ef2e6-ef40-324c-be54-34a5ee865625,aa616abe-1761-0c9a-28fe-ea78605583e1,1049625,Acetaminophen 325 MG / Oxycodone Hydrochloride 10 MG Oral Tablet [Percocet],129.94,94.94,3,389.82,,
2025-12-24T09:38:04Z,2026-02-04T09:38:04Z,aa616abe-1761-0c9a-7959-07544679dafd,d18ef2e6-ef40-324c-be54-34a5ee865625,aa616abe-1761-0c9a-28fe-ea78605583e1,206905,Ibuprofen 400 MG Oral Tablet [Ibu],129.94,94.94,3,389.82,,
2025-12-24T09:38:04Z,2026-02-04T09:38:04Z,aa616abe-1761-0c9a-7959-07544679dafd,d18ef2e6-ef40-324c-be54-34a5ee865625,aa616abe-1761-0c9a-28fe-ea78605583e1,860975,24 HR Metformin hydrochloride 500 MG Extended Release Oral Tablet,2.61,0.00,1,2.61,44054006,Diabetes mellitus type 2 (disorder)
2026-01-07T09:42:04Z,2026-01-07T09:42:04Z,aa616abe-1761-0c9a-7959-07544679dafd,d18ef2e6-ef40-324c-be54-34a5ee865625,aa616abe-1761-0c9a-2a5c-ff461598ea31,313521,tropicamide 5 MG/ML Ophthalmic Solution,129.94,94.94,1,129.94,,
2026-02-04T09:38:04Z,2026-02-25T09:38:04Z,aa616abe-1761-0c9a-7959-07544679dafd,d18ef2e6-ef40-324c-be54-34a5ee865625,aa616abe-1761-0c9a-8625-00956b4d1cf3,1049625,Acetaminophen 325 MG / Oxycodone Hydrochloride 10 MG Oral Tablet [Percocet],129.94,94.94,3,389.82,,
2026-02-04T09:38:04Z,2026-02-25T09:38:04Z,aa616abe-1761-0c9a-7959-07544679dafd,d18ef2e6-ef40-324c-be54-34a5ee865625,aa616abe-1761-0c9a-8625-00956b4d1cf3,206905,Ibuprofen 400 MG Oral Tablet [Ibu],129.94,94.94,3,389.82,,
2026-02-04T09:38:04Z,2026-02-25T09:38:04Z,aa616abe-1761-0c9a-7959-07544679dafd,d18ef2e6-ef40-324c-be54-34a5ee865625,aa616abe-1761-0c9a-8625-00956b4d1cf3,860975,24 HR Metformin hydrochloride 500 MG Extended Release Oral Tablet,3.14,0.00,1,3.14,44054006,Diabetes mellitus type 2 (disorder)
2026-02-25T09:38:04Z,2026-03-04T09:38:04Z,aa616abe-1761-0c9a-7959-07544679dafd,d18ef2e6-ef40-324c-be54-34a5ee865625,aa616abe-1761-0c9a-47ee-9259d894f4c8,1049625,Acetaminophen 325 MG / Oxycodone Hydrochloride 10 MG Oral Tablet [Percocet],129.94,94.94,3,389.82,,
2026-02-25T09:38:04Z,2026-03-04T09:38:04Z,aa616abe-1761-0c9a-7959-07544679dafd,d18ef2e6-ef40-324c-be54-34a5ee865625,aa616abe-1761-0c9a-47ee-9259d894f4c8,206905,Ibuprofen 400 MG Oral Tablet [Ibu],129.94,94.94,3,389.82,,
2026-02-25T09:38:04Z,2026-03-04T09:38:04Z,aa616abe-1761-0c9a-7959-07544679dafd,d18ef2e6-ef40-324c-be54-34a5ee865625,aa616abe-1761-0c9a-47ee-9259d894f4c8,860975,24 HR Metformin hydrochloride 500 MG Extended Release Oral Tablet,0.92,0.00,1,0.92,44054006,Diabetes mellitus type 2 (disorder)
2026-03-04T09:38:04Z,2026-03-25T09:38:04Z,aa616abe-1761-0c9a-7959-07544679dafd,d18ef2e6-ef40-324c-be54-34a5ee865625,aa616abe-1761-0c9a-c4d1-57105c013ad6,1049625,Acetaminophen 325 MG / Oxycodone Hydrochloride 10 MG Oral Tablet [Percocet],129.94,94.94,3,389.82,,
2026-03-04T09:38:04Z,2026-03-25T09:38:04Z,aa616abe-1761-0c9a-7959-07544679dafd,d18ef2e6-ef40-324c-be54-34a5ee865625,aa616abe-1761-0c9a-c4d1-57105c013ad6,206905,Ibuprofen 400 MG Oral Tablet [Ibu],129.94,94.94,3,389.82,,
2026-03-04T09:38:04Z,2026-03-25T09:38:04Z,aa616abe-1761-0c9a-7959-07544679dafd,d18ef2e6-ef40-324c-be54-34a5ee865625,aa616abe-1761-0c9a-c4d1-57105c013ad6,860975,24 HR Metformin hydrochloride 500 MG Extended Release Oral Tablet,4.92,0.00,1,4.92,44054006,Diabetes mellitus type 2 (disorder)
2026-03-25T09:38:04Z,2026-04-08T09:38:04Z,aa616abe-1761-0c9a-7959-07544679dafd,d18ef2e6-ef40-324c-be54-34a5ee865625,aa616abe-1761-0c9a-bb96-bd6ac4bf3ddd,1049625,Acetaminophen 325 MG / Oxycodone Hydrochloride 10 MG Oral Tablet [Percocet],129.94,94.94,3,389.82,,
2026-03-25T09:38:04Z,2026-04-08T09:38:04Z,aa616abe-1761-0c9a-7959-07544679dafd,d18ef2e6-ef40-324c-be54-34a5ee865625,aa616abe-1761-0c9a-bb96-bd6ac4bf3ddd,206905,Ibuprofen 400 MG Oral Tablet [Ibu],129.94,94.94,3,389.82,,
2026-03-25T09:38:04Z,2026-04-08T09:38:04Z,aa616abe-1761-0c9a-7959-07544679dafd,d18ef2e6-ef40-324c-be54-34a5ee865625,aa616abe-1761-0c9a-bb96-bd6ac4bf3ddd,860975,24 HR Metformin hydrochloride 500 MG Extended Release Oral Tablet,1.23,0.00,1,1.23,44054006,Diabetes mellitus type 2 (disorder)
2026-04-08T09:38:04Z,2026-05-06T09:38:04Z,aa616abe-1761-0c9a-7959-07544679dafd,d18ef2e6-ef40-324c-be54-34a5ee865625,aa616abe-1761-0c9a-0373-d93b40bf4794,1049625,Acetaminophen 325 MG / Oxycodone Hydrochloride 10 MG Oral Tablet [Percocet],129.94,94.94,3,389.82,,
2026-04-08T09:38:04Z,2026-05-06T09:38:04Z,aa616abe-1761-0c9a-7959-07544679dafd,d18ef2e6-ef40-324c-be54-34a5ee865625,aa616abe-1761-0c9a-0373-d93b40bf4794,206905,Ibuprofen 400 MG Oral Tablet [Ibu],129.94,94.94,3,389.82,,
2026-04-08T09:38:04Z,2026-05-06T09:38:04Z,aa616abe-1761-0c9a-7959-07544679dafd,d18ef2e6-ef40-324c-be54-34a5ee865625,aa616abe-1761-0c9a-0373-d93b40bf4794,860975,24 HR Metformin hydrochloride 500 MG Extended Release Oral Tablet,1.41,0.00,1,1.41,44054006,Diabetes mellitus type 2 (disorder)
2026-05-06T09:38:04Z,2026-07-08T09:38:04Z,aa616abe-1761-0c9a-7959-07544679dafd,d18ef2e6-ef40-324c-be54-34a5ee865625,aa616abe-1761-0c9a-c1c5-1dd1dba9b1d9,1049625,Acetaminophen 325 MG / Oxycodone Hydrochloride 10 MG Oral Tablet [Percocet],129.94,94.94,3,389.82,,
2026-05-06T09:38:04Z,2026-07-08T09:38:04Z,aa616abe-1761-0c9a-7959-07544679dafd,d18ef2e6-ef40-324c-be54-34a5ee865625,aa616abe-1761-0c9a-c1c5-1dd1dba9b1d9,206905,Ibuprofen 400 MG Oral Tablet [Ibu],129.94,94.94,3,389.82,,
2026-05-06T09:38:04Z,2026-07-08T09:38:04Z,aa616abe-1761-0c9a-7959-07544679dafd,d18ef2e6-ef40-324c-be54-34a5ee865625,aa616abe-1761-0c9a-c1c5-1dd1dba9b1d9,860975,24 HR Metformin hydrochloride 500 MG Extended Release Oral Tablet,3.24,0.00,2,6.48,44054006,Diabetes mellitus type 2 (disorder)
2026-07-08T09:38:04Z,2026-07-15T09:38:04Z,aa616abe-1761-0c9a-7959-07544679dafd,d18ef2e6-ef40-324c-be54-34a5ee865625,aa616abe-1761-0c9a-9ddf-20d8d2673fa0,1049625,Acetaminophen 325 MG / Oxycodone Hydrochloride 10 MG Oral Tablet [Percocet],129.94,94.94,3,389.82,,
2026-07-08T09:38:04Z,2026-07-15T09:38:04Z,aa616abe-1761-0c9a-7959-07544679dafd,d18ef2e6-ef40-324c-be54-34a5ee865625,aa616abe-1761-0c9a-9ddf-20d8d2673fa0,206905,Ibuprofen 400 MG Oral Tablet [Ibu],129.94,94.94,3,389.82,,
2026-07-08T09:38:04Z,2026-07-15T09:38:04Z,aa616abe-1761-0c9a-7959-07544679dafd,d18ef2e6-ef40-324c-be54-34a5ee865625,aa616abe-1761-0c9a-9ddf-20d8d2673fa0,860975,24 HR Metformin hydrochloride 500 MG Extended Release Oral Tablet,3.25,0.00,1,3.25,44054006,Diabetes mellitus type 2 (disorder)
2026-07-15T09:38:04Z,2026-08-05T09:38:04Z,aa616abe-1761-0c9a-7959-07544679dafd,d18ef2e6-ef40-324c-be54-34a5ee865625,aa616abe-1761-0c9a-ea9d-284cf789343b,1049625,Acetaminophen 325 MG / Oxycodone Hydrochloride 10 MG Oral Tablet [Percocet],129.94,94.94,3,389.82,,
2026-07-15T09:38:04Z,2026-08-05T09:38:04Z,aa616abe-1761-0c9a-7959-07544679dafd,d18ef2e6-ef40-324c-be54-34a5ee865625,aa616abe-1761-0c9a-ea9d-284cf789343b,206905,Ibuprofen 400 MG Oral Tablet [Ibu],129.94,94.94,3,389.82,,
2026-07-15T09:38:04Z,2026-08-05T09:38:04Z,aa616abe-1761-0c9a-7959-07544679dafd,d18ef2e6-ef40-324c-be54-34a5ee865625,aa616abe-1761-0c9a-ea9d-284cf789343b,860975,24 HR Metformin hydrochloride 500 MG Extended Release Oral Tablet,0.51,0.00,1,0.51,44054006,Diabetes mellitus type 2 (disorder)
2026-08-05T09:38:04Z,2026-08-19T09:38:04Z,aa616abe-1761-0c9a-7959-07544679dafd,d18ef2e6-ef40-324c-be54-34a5ee865625,aa616abe-1761-0c9a-b6b4-10bec79003a2,1049625,Acetaminophen 325 MG / Oxycodone Hydrochloride 10 MG Oral Tablet [Percocet],129.94,94.94,3,389.82,,
2026-08-05T09:38:04Z,2026-08-19T09:38:04Z,aa616abe-1761-0c9a-7959-07544679dafd,d18ef2e6-ef40-324c-be54-34a5ee865625,aa616abe-1761-0c9a-b6b4-10bec79003a2,206905,Ibuprofen 400 MG Oral Tablet [Ibu],129.94,94.94,3,389.82,,
2026-08-05T09:38:04Z,2026-08-19T09:38:04Z,aa616abe-1761-0c9a-7959-07544679dafd,d18ef2e6-ef40-324c-be54-34a5ee865625,aa616abe-1761-0c9a-b6b4-10bec79003a2,860975,24 HR Metformin hydrochloride 500 MG Extended Release Oral Tablet,2.80,0.00,1,2.80,44054006,Diabetes mellitus type 2 (disorder)
2026-08-19T09:38:04Z,2026-09-02T09:38:04Z,aa616abe-1761-0c9a-7959-07544679dafd,d18ef2e6-ef40-324c-be54-34a5ee865625,aa616abe-1761-0c9a-66c3-b1c5d50f81f0,1049625,Acetaminophen 325 MG / Oxycodone Hydrochloride 10 MG Oral Tablet [Percocet],129.94,94.94,3,389.82,,
2026-08-19T09:38:04Z,2026-09-02T09:38:04Z,aa616abe-1761-0c9a-7959-07544679dafd,d18ef2e6-ef40-324c-be54-34a5ee865625,aa616abe-1761-0c9a-66c3-b1c5d50f81f0,206905,Ibuprofen 400 MG Oral Tablet [Ibu],129.94,94.94,3,389.82,,
2026-08-19T09:38:04Z,2026-09-02T09:38:04Z,aa616abe-1761-0c9a-7959-07544679dafd,d18ef2e6-ef40-324c-be54-34a5ee865625,aa616abe-1761-0c9a-66c3-b1c5d50f81f0,860975,24 HR Metformin hydrochloride 500 MG Extended Release Oral Tablet,0.25,0.00,1,0.25,44054006,Diabetes mellitus type 2 (disorder)
2026-09-02T09:38:04Z,,aa616abe-1761-0c9a-7959-07544679dafd,d18ef2e6-ef40-324c-be54-34a5ee865625,aa616abe-1761-0c9a-01f7-4ab5aa771875,1049625,Acetaminophen 325 MG / Oxycodone Hydrochloride 10 MG Oral Tablet [Percocet],129.94,94.94,3,389.82,,
2026-09-02T09:38:04Z,,aa616abe-1761-0c9a-7959-07544679dafd,d18ef2e6-ef40-324c-be54-34a5ee865625,aa616abe-1761-0c9a-01f7-4ab5aa771875,206905,Ibuprofen 400 MG Oral Tablet [Ibu],129.94,94.94,3,389.82,,
2026-09-02T09:38:04Z,,aa616abe-1761-0c9a-7959-07544679dafd,d18ef2e6-ef40-324c-be54-34a5ee865625,aa616abe-1761-0c9a-01f7-4ab5aa771875,860975,24 HR Metformin hydrochloride 500 MG Extended Release Oral Tablet,0.40,0.00,1,0.40,44054006,Diabetes mellitus type 2 (disorder)
