START,STOP,PATIENT,ENCOUNTER,CODE,SYSTEM,DESCRIPTION,TYPE,CATEGORY,REACTION1,DESCRIPTION1,SEVERITY1,REACTION2,DESCRIPTION2,SEVERITY2
2024-10-26,,4f083ce3-f12b-bb4b-7353-e17f0cd55b0a,4f083ce3-f12b-bb4b-d64b-564e0ae2a445,609328004,Unknown,Allergic disposition (finding),allergy,environment,,,,,,
2024-10-26,,4f083ce3-f12b-bb4b-7353-e17f0cd55b0a,4f083ce3-f12b-bb4b-d64b-564e0ae2a445,84489001,Unknown,Mold (organism),allergy,environment,21626009,Cutaneous hypersensitivity (disorder),MILD,267101005,Nasal discharge present (situation),MILD
2024-10-26,,4f083ce3-f12b-bb4b-7353-e17f0cd55b0a,4f083ce3-f12b-bb4b-d64b-564e0ae2a445,1191,Unknown,Aspirin,allergy,medication,247472004,Wheal (finding),MODERATE,,,
2024-10-26,,4f083ce3-f12b-bb4b-7353-e17f0cd55b0a,4f083ce3-f12b-bb4b-d64b-564e0ae2a445,7984,Unknown,Penicillin V,allergy,medication,247472004,Wheal (finding),MILD,271807003,Eruption of skin (disorder),MILD
1995-04-18,,46ee9d82-b52c-856d-069b-5064ff052225,46ee9d82-b52c-856d-6dff-786968c19c56,609328004,Unknown,Allergic disposition (finding),allergy,environment,,,,,,
1995-04-18,,46ee9d82-b52c-856d-069b-5064ff052225,46ee9d82-b52c-856d-6dff-786968c19c56,84489001,Unknown,Mold (organism),allergy,environment,,,,,,
1995-04-18,,46ee9d82-b52c-856d-069b-5064ff052225,46ee9d82-b52c-856d-6dff-786968c19c56,260147004,Unknown,House dust mite (organism),allergy,environment,,,,,,
1995-04-18,,46ee9d82-b52c-856d-069b-5064ff052225,46ee9d82-b52c-856d-6dff-786968c19c56,264287008,Unknown,Animal dander (substance),allergy,environment,878820003,Rhinoconjunctivitis (disorder),MODERATE,271807003,Eruption of skin (disorder),MILD
1995-04-18,,46ee9d82-b52c-856d-069b-5064ff052225,46ee9d82-b52c-856d-6dff-786968c19c56,256277009,Unknown,Grass pollen (substance),allergy,environment,,,,,,
1995-04-18,,46ee9d82-b52c-856d-069b-5064ff052225,46ee9d82-b52c-856d-6dff-786968c19c56,7984,Unknown,Penicillin V,allergy,medication,,,,,,
1995-04-18,,46ee9d82-b52c-856d-069b-5064ff052225,46ee9d82-b52c-856d-6dff-786968c19c56,735971005,Unknown,Fish (substance),allergy,food,267036007,Dyspnea (finding),MODERATE,271807003,Eruption of skin (disorder),MILD
1991-11-29,,aa616abe-1761-0c9a-7959-07544679dafd,aa616abe-1761-0c9a-b990-736d6ec16016,609328004,Unknown,Allergic disposition (finding),allergy,environment,,,,,,
1991-11-29,,aa616abe-1761-0c9a-7959-07544679dafd,aa616abe-1761-0c9a-b990-736d6ec16016,84489001,Unknown,Mold (organism),allergy,environment,21626009,Cutaneous hypersensitivity (disorder),MILD,,,
1991-11-29,,aa616abe-1761-0c9a-7959-07544679dafd,aa616abe-1761-0c9a-b990-736d6ec16016,735029006,Unknown,Shellfish (substance),allergy,food,39579001,Anaphylaxis (disorder),SEVERE,271807003,Eruption of skin (disorder),MODERATE
1989-06-11,,5e688e99-61b3-5c88-3f60-21df8aaced27,5e688e99-61b3-5c88-cf1e-a5c4e3a7357d,609328004,Unknown,Allergic disposition (finding),allergy,environment,,,,,,
1989-06-11,,5e688e99-61b3-5c88-3f60-21df8aaced27,5e688e99-61b3-5c88-cf1e-a5c4e3a7357d,84489001,Unknown,Mold (organism),allergy,environment,,,,,,
