Id,START,STOP,PATIENT,ORGANIZATION,PROVIDER,PAYER,ENCOUNTERCLASS,CODE,DESCRIPTION,BASE_ENCOUNTER_COST,TOTAL_CLAIM_COST,PAYER_COVERAGE,REASONCODE,REASONDESCRIPTION
ba419d35-0dfe-8af7-6104-e39d11208dc7,2003-07-12T20:03:25Z,2003-07-12T20:38:37Z,ba419d35-0dfe-8af7-347c-eebf02485a56,39c15c0f-5c49-311e-99d2-1fb99d80e06e,825aba56-94c6-3592-a0a9-b39a6b0d9a64,df166300-5a78-3502-a46a-832842197811,wellness,410620009,Well child visit (procedure),136.80,704.20,654.20,,
ba419d35-0dfe-8af7-1db1-4d3d0f870810,2004-07-17T20:03:25Z,2004-07-17T20:59:06Z,ba419d35-0dfe-8af7-347c-eebf02485a56,39c15c0f-5c49-311e-99d2-1fb99d80e06e,825aba56-94c6-3592-a0a9-b39a6b0d9a64,e03e23c9-4df1-3eb6-a62d-f70f02301496,wellness,162673000,General examination of patient (procedure),136.80,919.90,0.00,,
ba419d35-0dfe-8af7-fb95-59a777b0c930,2014-08-02T20:03:25Z,2014-08-02T20:51:35Z,ba419d35-0dfe-8af7-347c-eebf02485a56,39c15c0f-5c49-311e-99d2-1fb99d80e06e,825aba56-94c6-3592-a0a9-b39a6b0d9a64,0133f751-9229-3cfd-815f-b6d4979bdd6a,wellness,162673000,General examination of patient (procedure),136.80,1132.70,0.00,,
ba419d35-0dfe-8af7-c7ba-f19fa4a16a6d,2020-08-08T20:03:25Z,2020-08-08T20:48:20Z,ba419d35-0dfe-8af7-347c-eebf02485a56,39c15c0f-5c49-311e-99d2-1fb99d80e06e,825aba56-94c6-3592-a0a9-b39a6b0d9a64,0133f751-9229-3cfd-815f-b6d4979bdd6a,wellness,162673000,General examination of patient (procedure),136.80,934.74,934.74,,
ba419d35-0dfe-8af7-6dcb-a1ab13ef92ce,2021-05-22T20:03:25Z,2021-05-22T20:18:25Z,ba419d35-0dfe-8af7-347c-eebf02485a56,41e2a44c-477c-3511-96f9-12c476aa3b6a,581b2141-8b90-3d0c-9124-735efa5a7073,0133f751-9229-3cfd-815f-b6d4979bdd6a,outpatient,33879002,Administration of vaccine to produce active immunity (procedure),142.58,278.58,278.58,,
ba419d35-0dfe-8af7-51df-8fc7e893c489,2021-11-13T16:03:25Z,2021-11-13T16:18:25Z,ba419d35-0dfe-8af7-347c-eebf02485a56,41e2a44c-477c-3511-96f9-12c476aa3b6a,581b2141-8b90-3d0c-9124-735efa5a7073,8fa6c185-e44e-3e34-8bd8-39be8694f4ce,ambulatory,185345009,Encounter for symptom (procedure),85.55,85.55,0.00,444814009,Viral sinusitis (disorder)
ba419d35-0dfe-8af7-b9a8-0965ff7f4d47,2021-12-04T20:03:25Z,2021-12-04T20:18:25Z,ba419d35-0dfe-8af7-347c-eebf02485a56,41e2a44c-477c-3511-96f9-12c476aa3b6a,581b2141-8b90-3d0c-9124-735efa5a7073,8fa6c185-e44e-3e34-8bd8-39be8694f4ce,ambulatory,424441002,Prenatal initial visit (regime/therapy),142.58,48011.35,30517.84,72892002,Normal pregnancy (finding)
ba419d35-0dfe-8af7-f20c-10c28a10d9a9,2022-01-01T20:03:25Z,2022-01-01T20:18:25Z,ba419d35-0dfe-8af7-347c-eebf02485a56,41e2a44c-477c-3511-96f9-12c476aa3b6a,581b2141-8b90-3d0c-9124-735efa5a7073,8fa6c185-e44e-3e34-8bd8-39be8694f4ce,ambulatory,424619006,Prenatal visit (regime/therapy),142.58,20783.83,20783.83,72892002,Normal pregnancy (finding)
ba419d35-0dfe-8af7-c5a7-15e106d56657,2022-01-29T20:03:25Z,2022-01-29T20:18:25Z,ba419d35-0dfe-8af7-347c-eebf02485a56,41e2a44c-477c-3511-96f9-12c476aa3b6a,581b2141-8b90-3d0c-9124-735efa5a7073,8fa6c185-e44e-3e34-8bd8-39be8694f4ce,ambulatory,424619006,Prenatal visit (regime/therapy),142.58,10351.84,10351.84,72892002,Normal pregnancy (finding)
ba419d35-0dfe-8af7-cafa-472895fe4414,2022-02-26T20:03:25Z,2022-02-26T20:18:25Z,ba419d35-0dfe-8af7-347c-eebf02485a56,41e2a44c-477c-3511-96f9-12c476aa3b6a,581b2141-8b90-3d0c-9124-735efa5a7073,8fa6c185-e44e-3e34-8bd8-39be8694f4ce,ambulatory,424619006,Prenatal visit (regime/therapy),142.58,11451.02,11451.02,72892002,Normal pregnancy (finding)
ba419d35-0dfe-8af7-30b1-d67f7c68e18e,2022-03-26T20:03:25Z,2022-03-26T20:18:25Z,ba419d35-0dfe-8af7-347c-eebf02485a56,41e2a44c-477c-3511-96f9-12c476aa3b6a,581b2141-8b90-3d0c-9124-735efa5a7073,8fa6c185-e44e-3e34-8bd8-39be8694f4ce,ambulatory,424619006,Prenatal visit (regime/therapy),142.58,6183.30,6183.30,72892002,Normal pregnancy (finding)
ba419d35-0dfe-8af7-7fd0-068143aa0bd1,2022-04-23T20:03:25Z,2022-04-23T20:18:25Z,ba419d35-0dfe-8af7-347c-eebf02485a56,41e2a44c-477c-3511-96f9-12c476aa3b6a,581b2141-8b90-3d0c-9124-735efa5a7073,8fa6c185-e44e-3e34-8bd8-39be8694f4ce,ambulatory,424619006,Prenatal visit (regime/therapy),142.58,13193.49,13193.49,72892002,Normal pregnancy (finding)
ba419d35-0dfe-8af7-de84-7122e2736d20,2022-05-21T20:03:25Z,2022-05-21T20:18:25Z,ba419d35-0dfe-8af7-347c-eebf02485a56,41e2a44c-477c-3511-96f9-12c476aa3b6a,581b2141-8b90-3d0c-9124-735efa5a7073,8fa6c185-e44e-3e34-8bd8-39be8694f4ce,ambulatory,424619006,Prenatal visit (regime/therapy),142.58,8210.12,8210.12,72892002,Normal pregnancy (finding)
ba419d35-0dfe-8af7-f9b2-2ceb9a6bead2,2022-06-18T20:03:25Z,2022-06-18T20:18:25Z,ba419d35-0dfe-8af7-347c-eebf02485a56,41e2a44c-477c-3511-96f9-12c476aa3b6a,581b2141-8b90-3d0c-9124-735efa5a7073,8fa6c185-e44e-3e34-8bd8-39be8694f4ce,ambulatory,424619006,Prenatal visit (regime/therapy),142.58,6486.81,1390.77,72892002,Normal pregnancy (finding)
ba419d35-0dfe-8af7-6f1e-3851896f560c,2022-07-02T20:03:25Z,2022-07-02T21:03:25Z,ba419d35-0dfe-8af7-347c-eebf02485a56,22249c0a-8ce9-3726-a3bb-b037c773ce5c,6b0ebbb7-bcbd-377e-8c96-0453417f9613,8fa6c185-e44e-3e34-8bd8-39be8694f4ce,emergency,183460006,Obstetric emergency hospital admission (procedure),146.18,6371.69,4460.19,72892002,Normal pregnancy (finding)
ba419d35-0dfe-8af7-afa9-5f6f43826fb3,2022-08-13T20:03:25Z,2022-08-13T20:18:25Z,ba419d35-0dfe-8af7-347c-eebf02485a56,41e2a44c-477c-3511-96f9-12c476aa3b6a,581b2141-8b90-3d0c-9124-735efa5a7073,8fa6c185-e44e-3e34-8bd8-39be8694f4ce,ambulatory,169762003,Postnatal visit (regime/therapy),142.58,1005.38,703.77,,
ba419d35-0dfe-8af7-f54e-0e894e68c943,2022-08-20T20:03:25Z,2022-08-20T20:18:25Z,ba419d35-0dfe-8af7-347c-eebf02485a56,41e2a44c-477c-3511-96f9-12c476aa3b6a,581b2141-8b90-3d0c-9124-735efa5a7073,8fa6c185-e44e-3e34-8bd8-39be8694f4ce,outpatient,698314001,Consultation for treatment (procedure),142.58,142.58,99.81,389095005,Contraception care (regime/therapy)
ba419d35-0dfe-8af7-3915-31cfed73c495,2022-08-30T09:43:25Z,2022-08-30T10:43:25Z,ba419d35-0dfe-8af7-347c-eebf02485a56,22249c0a-8ce9-3726-a3bb-b037c773ce5c,6b0ebbb7-bcbd-377e-8c96-0453417f9613,8fa6c185-e44e-3e34-8bd8-39be8694f4ce,emergency,50849002,Emergency room admission (procedure),146.18,146.18,102.33,384709000,Sprain (morphologic abnormality)
ba419d35-0dfe-8af7-e129-b4779d5cf14b,2023-08-12T20:03:25Z,2023-08-12T20:49:47Z,ba419d35-0dfe-8af7-347c-eebf02485a56,39c15c0f-5c49-311e-99d2-1fb99d80e06e,825aba56-94c6-3592-a0a9-b39a6b0d9a64,8fa6c185-e44e-3e34-8bd8-39be8694f4ce,wellness,162673000,General examination of patient (procedure),136.80,860.16,0.00,,
ba419d35-0dfe-8af7-2985-696163552a26,2024-08-09T20:03:25Z,2024-08-09T20:28:29Z,ba419d35-0dfe-8af7-347c-eebf02485a56,41e2a44c-477c-3511-96f9-12c476aa3b6a,581b2141-8b90-3d0c-9124-735efa5a7073,734afbd6-4794-363b-9bc0-6a3981533ed5,outpatient,698314001,Consultation for treatment (procedure),142.58,5670.51,3411.99,389095005,Contraception care (regime/therapy)
ba419d35-0dfe-8af7-0479-5d33d41d3516,2025-08-04T20:28:29Z,2025-08-04T20:52:58Z,ba419d35-0dfe-8af7-347c-eebf02485a56,41e2a44c-477c-3511-96f9-12c476aa3b6a,581b2141-8b90-3d0c-9124-735efa5a7073,734afbd6-4794-363b-9bc0-6a3981533ed5,outpatient,698314001,Consultation for treatment (procedure),142.58,4052.91,2086.42,389095005,Contraception care (regime/therapy)
ba419d35-0dfe-8af7-73d2-ce2e98dbc9fe,2026-05-30T20:03:25Z,2026-05-30T20:36:25Z,ba419d35-0dfe-8af7-347c-eebf02485a56,39c15c0f-5c49-311e-99d2-1fb99d80e06e,825aba56-94c6-3592-a0a9-b39a6b0d9a64,734afbd6-4794-363b-9bc0-6a3981533ed5,wellness,162673000,General examination of patient (procedure),136.80,1070.74,0.00,,
ba419d35-0dfe-8af7-ddda-afd2a715c199,2026-06-13T20:03:25Z,2026-06-13T20:52:25Z,ba419d35-0dfe-8af7-347c-eebf02485a56,41e2a44c-477c-3511-96f9-12c476aa3b6a,581b2141-8b90-3d0c-9124-735efa5a7073,734afbd6-4794-363b-9bc0-6a3981533ed5,ambulatory,36228007,Ophthalmic examination and evaluation (procedure),142.58,3162.38,2325.29,44054006,Diabetes mellitus type 2 (disorder)
ba419d35-0dfe-8af7-ecae-d73fd64582b8,2026-07-30T20:52:58Z,2026-07-30T21:07:58Z,ba419d35-0dfe-8af7-347c-eebf02485a56,41e2a44c-477c-3511-96f9-12c476aa3b6a,581b2141-8b90-3d0c-9124-735efa5a7073,734afbd6-4794-363b-9bc0-6a3981533ed5,outpatient,698314001,Consultation for treatment (procedure),142.58,142.58,114.06,389095005,Contraception care (regime/therapy)
aee7bbe1-0c45-c028-4bd4-fdd4de02d673,1995-05-08T08:15:37Z,1995-05-08T08:30:37Z,aee7bbe1-0c45-c028-1e62-1f4cdb30c273,a2cc09de-c1e2-3126-8c09-d49f95225281,cb2c3f27-d2bd-3f9a-8ed3-955b2f40100a,26aab0cd-6aba-3e1b-ac5b-05c8867e762c,ambulatory,185345009,Encounter for symptom (procedure),85.55,92.93,55.76,75498004,Acute bacterial sinusitis (disorder)
aee7bbe1-0c45-c028-fc17-89784f7bd349,2003-07-29T06:15:37Z,2003-07-29T07:12:15Z,aee7bbe1-0c45-c028-1e62-1f4cdb30c273,67d2f85b-ddc7-3ed0-b90b-6fa5b7b8358a,d610c3b1-e7e2-3872-9ed2-5514d269ba2a,26aab0cd-6aba-3e1b-ac5b-05c8867e762c,wellness,162673000,General examination of patient (procedure),136.80,919.90,0.00,,
aee7bbe1-0c45-c028-1f6f-b01430235eed,2004-08-03T06:15:37Z,2004-08-03T07:02:44Z,aee7bbe1-0c45-c028-1e62-1f4cdb30c273,67d2f85b-ddc7-3ed0-b90b-6fa5b7b8358a,d610c3b1-e7e2-3872-9ed2-5514d269ba2a,26aab0cd-6aba-3e1b-ac5b-05c8867e762c,wellness,162673000,General examination of patient (procedure),136.80,919.90,0.00,,
aee7bbe1-0c45-c028-f436-cec3182a4fcb,2008-07-29T10:15:37Z,2008-07-29T10:30:37Z,aee7bbe1-0c45-c028-1e62-1f4cdb30c273,a2cc09de-c1e2-3126-8c09-d49f95225281,cb2c3f27-d2bd-3f9a-8ed3-955b2f40100a,26aab0cd-6aba-3e1b-ac5b-05c8867e762c,ambulatory,424619006,Prenatal visit (regime/therapy),142.58,1005.38,603.23,79586000,Tubal pregnancy (disorder)
aee7bbe1-0c45-c028-184c-9da9454778fc,2010-08-10T06:15:37Z,2010-08-10T06:45:48Z,aee7bbe1-0c45-c028-1e62-1f4cdb30c273,67d2f85b-ddc7-3ed0-b90b-6fa5b7b8358a,d610c3b1-e7e2-3872-9ed2-5514d269ba2a,26aab0cd-6aba-3e1b-ac5b-05c8867e762c,wellness,162673000,General examination of patient (procedure),136.80,704.20,0.00,,
aee7bbe1-0c45-c028-b1b6-f639e2bd809d,2010-08-10T07:05:24Z,2010-08-11T07:05:24Z,aee7bbe1-0c45-c028-1e62-1f4cdb30c273,25431f9a-00e4-36d8-9810-4125328eec50,9706f8f0-06ee-3fd3-a71f-a606e4264244,26aab0cd-6aba-3e1b-ac5b-05c8867e762c,inpatient,305408004,Admission to surgical department (procedure),146.18,5908.19,655.42,183996000,Sterilization requested (situation)
aee7bbe1-0c45-c028-18c0-ab65ae913bae,2019-08-20T06:15:37Z,2019-08-20T07:04:45Z,aee7bbe1-0c45-c028-1e62-1f4cdb30c273,67d2f85b-ddc7-3ed0-b90b-6fa5b7b8358a,d610c3b1-e7e2-3872-9ed2-5514d269ba2a,26aab0cd-6aba-3e1b-ac5b-05c8867e762c,wellness,162673000,General examination of patient (procedure),136.80,778.78,0.00,,
aee7bbe1-0c45-c028-8c41-a84ddcb587a2,2021-10-03T06:15:37Z,2021-10-03T06:30:37Z,aee7bbe1-0c45-c028-1e62-1f4cdb30c273,a2cc09de-c1e2-3126-8c09-d49f95225281,cb2c3f27-d2bd-3f9a-8ed3-955b2f40100a,26aab0cd-6aba-3e1b-ac5b-05c8867e762c,ambulatory,185345009,Encounter for symptom (procedure),85.55,85.55,0.00,444814009,Viral sinusitis (disorder)
aee7bbe1-0c45-c028-4e4d-e09d21c00869,2022-08-23T06:15:37Z,2022-08-23T07:01:25Z,aee7bbe1-0c45-c028-1e62-1f4cdb30c273,67d2f85b-ddc7-3ed0-b90b-6fa5b7b8358a,d610c3b1-e7e2-3872-9ed2-5514d269ba2a,26aab0cd-6aba-3e1b-ac5b-05c8867e762c,wellness,162673000,General examination of patient (procedure),136.80,778.78,0.00,,
aee7bbe1-0c45-c028-e8c2-4bb0bce003c9,2023-09-20T08:15:37Z,2023-09-20T08:30:37Z,aee7bbe1-0c45-c028-1e62-1f4cdb30c273,a2cc09de-c1e2-3126-8c09-d49f95225281,cb2c3f27-d2bd-3f9a-8ed3-955b2f40100a,26aab0cd-6aba-3e1b-ac5b-05c8867e762c,ambulatory,185345009,Encounter for symptom (procedure),85.55,85.55,0.00,444814009,Viral sinusitis (disorder)
aee7bbe1-0c45-c028-b106-027cf0c069e5,2024-11-05T11:15:37Z,2024-11-05T11:30:37Z,aee7bbe1-0c45-c028-1e62-1f4cdb30c273,a2cc09de-c1e2-3126-8c09-d49f95225281,cb2c3f27-d2bd-3f9a-8ed3-955b2f40100a,26aab0cd-6aba-3e1b-ac5b-05c8867e762c,ambulatory,185345009,Encounter for symptom (procedure),85.55,85.55,0.00,444814009,Viral sinusitis (disorder)
aee7bbe1-0c45-c028-0d81-14d3de0bfb05,2025-06-10T06:15:37Z,2025-06-10T07:11:11Z,aee7bbe1-0c45-c028-1e62-1f4cdb30c273,67d2f85b-ddc7-3ed0-b90b-6fa5b7b8358a,d610c3b1-e7e2-3872-9ed2-5514d269ba2a,26aab0cd-6aba-3e1b-ac5b-05c8867e762c,wellness,162673000,General examination of patient (procedure),136.80,914.78,0.00,,
aee7bbe1-0c45-c028-663a-e6bc313a7e0c,2026-08-24T17:15:37Z,2026-08-24T17:30:37Z,aee7bbe1-0c45-c028-1e62-1f4cdb30c273,a2cc09de-c1e2-3126-8c09-d49f95225281,cb2c3f27-d2bd-3f9a-8ed3-955b2f40100a,26aab0cd-6aba-3e1b-ac5b-05c8867e762c,ambulatory,185345009,Encounter for symptom (procedure),85.55,85.55,0.00,444814009,Viral sinusitis (disorder)
4f083ce3-f12b-bb4b-960f-385bb6ef5af5,1997-01-04T18:50:04Z,1997-01-05T18:50:04Z,4f083ce3-f12b-bb4b-7353-e17f0cd55b0a,6cf8a214-8d57-3267-85e5-7719e15cd63e,4cc7e5fb-e2ac-343d-a192-99af23feee33,e03e23c9-4df1-3eb6-a62d-f70f02301496,inpatient,32485007,Hospital admission (procedure),146.18,210.97,0.00,,
4f083ce3-f12b-bb4b-180a-17f84d96143f,2007-12-01T18:13:58Z,2007-12-01T18:54:52Z,4f083ce3-f12b-bb4b-7353-e17f0cd55b0a,0a2252ba-33de-322f-8f0a-e5b0141f1780,54a29773-0ec2-3927-a134-368de551926c,b046940f-1664-3047-bca7-dfa76be352a4,wellness,162673000,General examination of patient (procedure),136.80,1178.62,0.00,,
4f083ce3-f12b-bb4b-766f-947d08cb41b4,2014-12-13T18:13:58Z,2014-12-13T19:11:28Z,4f083ce3-f12b-bb4b-7353-e17f0cd55b0a,0a2252ba-33de-322f-8f0a-e5b0141f1780,54a29773-0ec2-3927-a134-368de551926c,b046940f-1664-3047-bca7-dfa76be352a4,wellness,162673000,General examination of patient (procedure),136.80,704.20,0.00,,
4f083ce3-f12b-bb4b-def0-3e4ef45414b5,2015-11-21T18:13:58Z,2015-11-21T19:12:29Z,4f083ce3-f12b-bb4b-7353-e17f0cd55b0a,6cf8a214-8d57-3267-85e5-7719e15cd63e,4cc7e5fb-e2ac-343d-a192-99af23feee33,b046940f-1664-3047-bca7-dfa76be352a4,outpatient,185349003,Encounter for check up (procedure),85.55,868.65,0.00,,
4f083ce3-f12b-bb4b-6e29-4ac14ebd85af,2020-12-19T18:13:58Z,2020-12-19T18:48:18Z,4f083ce3-f12b-bb4b-7353-e17f0cd55b0a,0a2252ba-33de-322f-8f0a-e5b0141f1780,54a29773-0ec2-3927-a134-368de551926c,b046940f-1664-3047-bca7-dfa76be352a4,wellness,162673000,General examination of patient (procedure),136.80,1140.55,0.00,,
4f083ce3-f12b-bb4b-7c1b-3471d252d3f3,2022-08-18T15:59:03Z,2022-08-18T16:14:03Z,4f083ce3-f12b-bb4b-7353-e17f0cd55b0a,6cf8a214-8d57-3267-85e5-7719e15cd63e,4cc7e5fb-e2ac-343d-a192-99af23feee33,b046940f-1664-3047-bca7-dfa76be352a4,outpatient,698314001,Consultation for treatment (procedure),142.58,142.58,0.00,389095005,Contraception care (regime/therapy)
4f083ce3-f12b-bb4b-649a-8c42e2ed9e63,2022-09-17T18:13:58Z,2022-09-17T19:07:41Z,4f083ce3-f12b-bb4b-7353-e17f0cd55b0a,6cf8a214-8d57-3267-85e5-7719e15cd63e,4cc7e5fb-e2ac-343d-a192-99af23feee33,b046940f-1664-3047-bca7-dfa76be352a4,outpatient,308335008,Patient encounter procedure (procedure),142.58,15783.94,8159.09,389095005,Contraception care (regime/therapy)
4f083ce3-f12b-bb4b-a501-ad54138d3c07,2023-08-13T15:59:03Z,2023-08-13T16:14:03Z,4f083ce3-f12b-bb4b-7353-e17f0cd55b0a,6cf8a214-8d57-3267-85e5-7719e15cd63e,4cc7e5fb-e2ac-343d-a192-99af23feee33,b046940f-1664-3047-bca7-dfa76be352a4,outpatient,698314001,Consultation for treatment (procedure),142.58,142.58,0.00,389095005,Contraception care (regime/therapy)
4f083ce3-f12b-bb4b-6a2d-524a5d952220,2023-12-23T18:13:58Z,2023-12-23T18:47:40Z,4f083ce3-f12b-bb4b-7353-e17f0cd55b0a,0a2252ba-33de-322f-8f0a-e5b0141f1780,54a29773-0ec2-3927-a134-368de551926c,b046940f-1664-3047-bca7-dfa76be352a4,wellness,162673000,General examination of patient (procedure),136.80,853.36,0.00,,
4f083ce3-f12b-bb4b-dfc7-fd1e2dc7eee2,2024-01-06T18:13:58Z,2024-01-06T18:37:12Z,4f083ce3-f12b-bb4b-7353-e17f0cd55b0a,6cf8a214-8d57-3267-85e5-7719e15cd63e,4cc7e5fb-e2ac-343d-a192-99af23feee33,b046940f-1664-3047-bca7-dfa76be352a4,ambulatory,185349003,Encounter for check up (procedure),85.55,86.73,0.00,66383009,Gingivitis (disorder)
4f083ce3-f12b-bb4b-89be-ed7252565ba0,2024-02-25T18:13:58Z,2024-02-25T19:13:58Z,4f083ce3-f12b-bb4b-7353-e17f0cd55b0a,0a2252ba-33de-322f-8f0a-e5b0141f1780,54a29773-0ec2-3927-a134-368de551926c,b046940f-1664-3047-bca7-dfa76be352a4,emergency,50849002,Emergency room admission (procedure),146.18,1008.98,0.00,125605004,Fracture of bone (disorder)
4f083ce3-f12b-bb4b-7acf-3e5c97d62ab7,2024-04-08T18:42:45Z,2024-04-08T18:57:45Z,4f083ce3-f12b-bb4b-7353-e17f0cd55b0a,6cf8a214-8d57-3267-85e5-7719e15cd63e,4cc7e5fb-e2ac-343d-a192-99af23feee33,b046940f-1664-3047-bca7-dfa76be352a4,ambulatory,185349003,Encounter for check up (procedure),85.55,85.55,0.00,263102004,Fracture subluxation of wrist (disorder)
4f083ce3-f12b-bb4b-5c63-4a1ea3b3833f,2024-08-07T15:59:03Z,2024-08-07T16:14:03Z,4f083ce3-f12b-bb4b-7353-e17f0cd55b0a,6cf8a214-8d57-3267-85e5-7719e15cd63e,4cc7e5fb-e2ac-343d-a192-99af23feee33,b046940f-1664-3047-bca7-dfa76be352a4,outpatient,698314001,Consultation for treatment (procedure),142.58,1250.85,0.00,389095005,Contraception care (regime/therapy)
4f083ce3-f12b-bb4b-cfbc-d2899f10e9aa,2024-10-05T18:13:58Z,2024-10-05T18:28:58Z,4f083ce3-f12b-bb4b-7353-e17f0cd55b0a,6cf8a214-8d57-3267-85e5-7719e15cd63e,4cc7e5fb-e2ac-343d-a192-99af23feee33,b046940f-1664-3047-bca7-dfa76be352a4,ambulatory,185347001,Encounter for problem (procedure),85.55,85.55,0.00,40275004,Contact dermatitis (disorder)
4f083ce3-f12b-bb4b-4727-b69ff288b43f,2024-10-09T22:13:58Z,2024-10-09T22:28:58Z,4f083ce3-f12b-bb4b-7353-e17f0cd55b0a,6cf8a214-8d57-3267-85e5-7719e15cd63e,4cc7e5fb-e2ac-343d-a192-99af23feee33,b046940f-1664-3047-bca7-dfa76be352a4,ambulatory,185347001,Encounter for problem (procedure),85.55,85.55,0.00,40275004,Contact dermatitis (disorder)
4f083ce3-f12b-bb4b-d64b-564e0ae2a445,2024-10-26T01:13:58Z,2024-10-26T01:43:59Z,4f083ce3-f12b-bb4b-7353-e17f0cd55b0a,6cf8a214-8d57-3267-85e5-7719e15cd63e,4cc7e5fb-e2ac-343d-a192-99af23feee33,b046940f-1664-3047-bca7-dfa76be352a4,ambulatory,185347001,Encounter for problem (procedure),85.55,516.95,0.00,609328004,Allergic disposition (finding)
4f083ce3-f12b-bb4b-f257-95abe74ec08b,2024-10-26T01:43:59Z,2024-10-26T01:58:59Z,4f083ce3-f12b-bb4b-7353-e17f0cd55b0a,6cf8a214-8d57-3267-85e5-7719e15cd63e,4cc7e5fb-e2ac-343d-a192-99af23feee33,b046940f-1664-3047-bca7-dfa76be352a4,ambulatory,170837001,Allergic disorder initial assessment (regime/therapy),142.58,142.58,0.00,609328004,Allergic disposition (finding)
4f083ce3-f12b-bb4b-8afa-81add11313df,2025-08-02T16:09:11Z,2025-08-02T16:24:11Z,4f083ce3-f12b-bb4b-7353-e17f0cd55b0a,6cf8a214-8d57-3267-85e5-7719e15cd63e,4cc7e5fb-e2ac-343d-a192-99af23feee33,b046940f-1664-3047-bca7-dfa76be352a4,outpatient,698314001,Consultation for treatment (procedure),142.58,142.58,0.00,389095005,Contraception care (regime/therapy)
46ee9d82-b52c-856d-d471-e6c5ed440d0d,1995-04-06T00:53:59Z,1995-04-06T01:08:59Z,46ee9d82-b52c-856d-069b-5064ff052225,0fedae9f-701f-3317-9b2f-69aea2202cdc,bcf26df0-9031-32e7-9e73-80c2e7d6f4bc,e03e23c9-4df1-3eb6-a62d-f70f02301496,ambulatory,185347001,Encounter for problem (procedure),85.55,85.55,0.00,735971005,Fish (substance)
46ee9d82-b52c-856d-6dff-786968c19c56,1995-04-18T12:53:59Z,1995-04-18T13:20:53Z,46ee9d82-b52c-856d-069b-5064ff052225,0fedae9f-701f-3317-9b2f-69aea2202cdc,bcf26df0-9031-32e7-9e73-80c2e7d6f4bc,e03e23c9-4df1-3eb6-a62d-f70f02301496,ambulatory,185347001,Encounter for problem (procedure),85.55,516.95,0.00,609328004,Allergic disposition (finding)
46ee9d82-b52c-856d-5b97-58a96af9d019,1996-12-21T12:53:59Z,1996-12-21T13:08:59Z,46ee9d82-b52c-856d-069b-5064ff052225,0fedae9f-701f-3317-9b2f-69aea2202cdc,bcf26df0-9031-32e7-9e73-80c2e7d6f4bc,e03e23c9-4df1-3eb6-a62d-f70f02301496,ambulatory,185345009,Encounter for symptom (procedure),85.55,85.55,0.00,444814009,Viral sinusitis (disorder)
46ee9d82-b52c-856d-3646-9ebf90f8d5df,2011-01-27T19:53:59Z,2011-01-27T20:10:30Z,46ee9d82-b52c-856d-069b-5064ff052225,f480acd0-7ef1-350d-aae6-d8e7d53ace57,b336b20a-6251-3821-87ed-bb07c9312e0d,b046940f-1664-3047-bca7-dfa76be352a4,wellness,410620009,Well child visit (procedure),136.80,919.90,919.90,,
46ee9d82-b52c-856d-073d-824cf074cf6a,2012-02-02T19:53:59Z,2012-02-02T20:49:12Z,46ee9d82-b52c-856d-069b-5064ff052225,f480acd0-7ef1-350d-aae6-d8e7d53ace57,b336b20a-6251-3821-87ed-bb07c9312e0d,b046940f-1664-3047-bca7-dfa76be352a4,wellness,162673000,General examination of patient (procedure),136.80,704.20,0.00,,
46ee9d82-b52c-856d-cca9-61966068e5c4,2012-02-16T19:53:59Z,2012-02-16T20:19:20Z,46ee9d82-b52c-856d-069b-5064ff052225,0fedae9f-701f-3317-9b2f-69aea2202cdc,bcf26df0-9031-32e7-9e73-80c2e7d6f4bc,b046940f-1664-3047-bca7-dfa76be352a4,ambulatory,185349003,Encounter for check up (procedure),85.55,114.95,0.00,103697008,Patient referral for dental care (procedure)
46ee9d82-b52c-856d-9c1e-16942ab6cfbe,2013-02-07T19:53:59Z,2013-02-07T20:27:47Z,46ee9d82-b52c-856d-069b-5064ff052225,f480acd0-7ef1-350d-aae6-d8e7d53ace57,b336b20a-6251-3821-87ed-bb07c9312e0d,b046940f-1664-3047-bca7-dfa76be352a4,wellness,162673000,General examination of patient (procedure),136.80,849.22,0.00,,
46ee9d82-b52c-856d-6745-49feb416f16a,2016-05-19T19:53:59Z,2016-05-19T20:39:56Z,46ee9d82-b52c-856d-069b-5064ff052225,a14e698d-a9ba-3eae-9c8b-682ec726433d,0187e778-849d-39b1-9af0-d465777ec596,b046940f-1664-3047-bca7-dfa76be352a4,urgentcare,702927004,Urgent care clinic (environment),142.58,927.36,927.36,,
46ee9d82-b52c-856d-13af-841a91086d6a,2019-02-14T19:53:59Z,2019-02-14T20:42:52Z,46ee9d82-b52c-856d-069b-5064ff052225,f480acd0-7ef1-350d-aae6-d8e7d53ace57,b336b20a-6251-3821-87ed-bb07c9312e0d,b046940f-1664-3047-bca7-dfa76be352a4,wellness,162673000,General examination of patient (procedure),136.80,785.58,0.00,,
46ee9d82-b52c-856d-678d-365bbe447578,2019-02-21T19:53:59Z,2019-02-21T21:06:32Z,46ee9d82-b52c-856d-069b-5064ff052225,0fedae9f-701f-3317-9b2f-69aea2202cdc,bcf26df0-9031-32e7-9e73-80c2e7d6f4bc,b046940f-1664-3047-bca7-dfa76be352a4,ambulatory,185347001,Encounter for problem (procedure),85.55,1067.79,0.00,271737000,Anemia (disorder)
46ee9d82-b52c-856d-8097-ee5bf9287fe1,2022-02-17T19:53:59Z,2022-02-17T20:27:03Z,46ee9d82-b52c-856d-069b-5064ff052225,f480acd0-7ef1-350d-aae6-d8e7d53ace57,b336b20a-6251-3821-87ed-bb07c9312e0d,b046940f-1664-3047-bca7-dfa76be352a4,wellness,162673000,General examination of patient (procedure),136.80,1075.86,0.00,,
46ee9d82-b52c-856d-1a1e-f6ee8b91762f,2022-04-04T19:53:59Z,2022-04-04T20:08:59Z,46ee9d82-b52c-856d-069b-5064ff052225,0fedae9f-701f-3317-9b2f-69aea2202cdc,bcf26df0-9031-32e7-9e73-80c2e7d6f4bc,b046940f-1664-3047-bca7-dfa76be352a4,outpatient,698314001,Consultation for treatment (procedure),142.58,142.58,0.00,389095005,Contraception care (regime/therapy)
46ee9d82-b52c-856d-d28c-6be377539789,2023-03-30T19:53:59Z,2023-03-30T20:08:59Z,46ee9d82-b52c-856d-069b-5064ff052225,0fedae9f-701f-3317-9b2f-69aea2202cdc,bcf26df0-9031-32e7-9e73-80c2e7d6f4bc,b046940f-1664-3047-bca7-dfa76be352a4,outpatient,698314001,Consultation for treatment (procedure),142.58,142.58,0.00,389095005,Contraception care (regime/therapy)
46ee9d82-b52c-856d-c791-7f2f560764af,2023-05-04T19:53:59Z,2023-05-04T20:50:14Z,46ee9d82-b52c-856d-069b-5064ff052225,0fedae9f-701f-3317-9b2f-69aea2202cdc,bcf26df0-9031-32e7-9e73-80c2e7d6f4bc,b046940f-1664-3047-bca7-dfa76be352a4,outpatient,185349003,Encounter for check up (procedure),85.55,734.33,0.00,,
46ee9d82-b52c-856d-c16d-7a5acd66fe35,2023-05-05T16:53:59Z,2023-05-05T17:08:59Z,46ee9d82-b52c-856d-069b-5064ff052225,0fedae9f-701f-3317-9b2f-69aea2202cdc,bcf26df0-9031-32e7-9e73-80c2e7d6f4bc,b046940f-1664-3047-bca7-dfa76be352a4,ambulatory,185345009,Encounter for symptom (procedure),85.55,85.55,0.00,444814009,Viral sinusitis (disorder)
46ee9d82-b52c-856d-ef67-5ae362df3708,2024-03-24T19:53:59Z,2024-03-24T20:08:59Z,46ee9d82-b52c-856d-069b-5064ff052225,0fedae9f-701f-3317-9b2f-69aea2202cdc,bcf26df0-9031-32e7-9e73-80c2e7d6f4bc,b046940f-1664-3047-bca7-dfa76be352a4,outpatient,698314001,Consultation for treatment (procedure),142.58,142.58,0.00,389095005,Contraception care (regime/therapy)
46ee9d82-b52c-856d-17d4-88ec9c853912,2024-03-28T09:53:59Z,2024-03-28T10:52:11Z,46ee9d82-b52c-856d-069b-5064ff052225,0fedae9f-701f-3317-9b2f-69aea2202cdc,bcf26df0-9031-32e7-9e73-80c2e7d6f4bc,b046940f-1664-3047-bca7-dfa76be352a4,outpatient,308335008,Patient encounter procedure (procedure),142.58,5751.89,983.96,389095005,Contraception care (regime/therapy)
46ee9d82-b52c-856d-67b6-5e9bae39137c,2025-02-20T19:53:59Z,2025-02-20T20:49:54Z,46ee9d82-b52c-856d-069b-5064ff052225,f480acd0-7ef1-350d-aae6-d8e7d53ace57,b336b20a-6251-3821-87ed-bb07c9312e0d,b046940f-1664-3047-bca7-dfa76be352a4,wellness,162673000,General examination of patient (procedure),136.80,1858.96,0.00,,
46ee9d82-b52c-856d-9513-140a461e258d,2025-03-06T19:53:59Z,2025-03-06T21:48:53Z,46ee9d82-b52c-856d-069b-5064ff052225,0fedae9f-701f-3317-9b2f-69aea2202cdc,bcf26df0-9031-32e7-9e73-80c2e7d6f4bc,b046940f-1664-3047-bca7-dfa76be352a4,ambulatory,185349003,Encounter for check up (procedure),85.55,218.67,0.00,66383009,Gingivitis (disorder)
46ee9d82-b52c-856d-8a1b-e211338f0206,2025-04-03T19:53:59Z,2025-04-03T20:51:41Z,46ee9d82-b52c-856d-069b-5064ff052225,0fedae9f-701f-3317-9b2f-69aea2202cdc,bcf26df0-9031-32e7-9e73-80c2e7d6f4bc,b046940f-1664-3047-bca7-dfa76be352a4,outpatient,308335008,Patient encounter procedure (procedure),142.58,573.98,0.00,389095005,Contraception care (regime/therapy)
46ee9d82-b52c-856d-43ca-65a0b86a26b8,2025-05-22T19:53:59Z,2025-05-22T20:08:59Z,46ee9d82-b52c-856d-069b-5064ff052225,0fedae9f-701f-3317-9b2f-69aea2202cdc,bcf26df0-9031-32e7-9e73-80c2e7d6f4bc,b046940f-1664-3047-bca7-dfa76be352a4,ambulatory,424441002,Prenatal initial visit (regime/therapy),142.58,50256.76,33885.86,72892002,Normal pregnancy (finding)
46ee9d82-b52c-856d-ebb1-9a1c5361e2e8,2025-06-19T19:53:59Z,2025-06-19T20:08:59Z,46ee9d82-b52c-856d-069b-5064ff052225,0fedae9f-701f-3317-9b2f-69aea2202cdc,bcf26df0-9031-32e7-9e73-80c2e7d6f4bc,b046940f-1664-3047-bca7-dfa76be352a4,ambulatory,424619006,Prenatal visit (regime/therapy),142.58,6511.83,6511.83,72892002,Normal pregnancy (finding)
46ee9d82-b52c-856d-6cc1-f7d0caf5bfaa,2025-07-17T19:53:59Z,2025-07-17T20:08:59Z,46ee9d82-b52c-856d-069b-5064ff052225,0fedae9f-701f-3317-9b2f-69aea2202cdc,bcf26df0-9031-32e7-9e73-80c2e7d6f4bc,b046940f-1664-3047-bca7-dfa76be352a4,ambulatory,424619006,Prenatal visit (regime/therapy),142.58,14739.33,14739.33,72892002,Normal pregnancy (finding)
46ee9d82-b52c-856d-0243-83dbef9abdb3,2025-08-14T19:53:59Z,2025-08-14T20:08:59Z,46ee9d82-b52c-856d-069b-5064ff052225,0fedae9f-701f-3317-9b2f-69aea2202cdc,bcf26df0-9031-32e7-9e73-80c2e7d6f4bc,b046940f-1664-3047-bca7-dfa76be352a4,ambulatory,424619006,Prenatal visit (regime/therapy),142.58,11451.02,11451.02,72892002,Normal pregnancy (finding)
46ee9d82-b52c-856d-f8ad-8404a9e1b245,2025-09-11T19:53:59Z,2025-09-11T20:08:59Z,46ee9d82-b52c-856d-069b-5064ff052225,0fedae9f-701f-3317-9b2f-69aea2202cdc,bcf26df0-9031-32e7-9e73-80c2e7d6f4bc,b046940f-1664-3047-bca7-dfa76be352a4,ambulatory,424619006,Prenatal visit (regime/therapy),142.58,9391.40,9391.40,72892002,Normal pregnancy (finding)
46ee9d82-b52c-856d-70e3-4d6b9971b945,2025-10-09T19:53:59Z,2025-10-09T20:08:59Z,46ee9d82-b52c-856d-069b-5064ff052225,0fedae9f-701f-3317-9b2f-69aea2202cdc,bcf26df0-9031-32e7-9e73-80c2e7d6f4bc,b046940f-1664-3047-bca7-dfa76be352a4,ambulatory,424619006,Prenatal visit (regime/therapy),142.58,13236.60,13236.60,72892002,Normal pregnancy (finding)
46ee9d82-b52c-856d-4d2b-99782ccb4a68,2025-11-06T19:53:59Z,2025-11-06T20:08:59Z,46ee9d82-b52c-856d-069b-5064ff052225,0fedae9f-701f-3317-9b2f-69aea2202cdc,bcf26df0-9031-32e7-9e73-80c2e7d6f4bc,b046940f-1664-3047-bca7-dfa76be352a4,ambulatory,424619006,Prenatal visit (regime/therapy),142.58,4665.96,4665.96,72892002,Normal pregnancy (finding)
46ee9d82-b52c-856d-784a-e622303ec820,2025-12-04T19:53:59Z,2025-12-04T20:08:59Z,46ee9d82-b52c-856d-069b-5064ff052225,0fedae9f-701f-3317-9b2f-69aea2202cdc,bcf26df0-9031-32e7-9e73-80c2e7d6f4bc,b046940f-1664-3047-bca7-dfa76be352a4,ambulatory,424619006,Prenatal visit (regime/therapy),142.58,19133.80,19133.80,72892002,Normal pregnancy (finding)
46ee9d82-b52c-856d-8932-5c71a6538a08,2025-12-18T19:53:59Z,2025-12-18T20:08:59Z,46ee9d82-b52c-856d-069b-5064ff052225,0fedae9f-701f-3317-9b2f-69aea2202cdc,bcf26df0-9031-32e7-9e73-80c2e7d6f4bc,b046940f-1664-3047-bca7-dfa76be352a4,ambulatory,424619006,Prenatal visit (regime/therapy),142.58,7858.33,2350.83,72892002,Normal pregnancy (finding)
46ee9d82-b52c-856d-9af0-907d037d0de9,2025-12-25T19:53:59Z,2025-12-25T20:08:59Z,46ee9d82-b52c-856d-069b-5064ff052225,0fedae9f-701f-3317-9b2f-69aea2202cdc,bcf26df0-9031-32e7-9e73-80c2e7d6f4bc,b046940f-1664-3047-bca7-dfa76be352a4,ambulatory,424619006,Prenatal visit (regime/therapy),142.58,8823.56,6176.50,72892002,Normal pregnancy (finding)
46ee9d82-b52c-856d-75e0-70d0298e3084,2026-01-01T19:53:59Z,2026-01-01T20:53:59Z,46ee9d82-b52c-856d-069b-5064ff052225,2e1eaaf1-ebb0-332c-8921-f48e15b91879,feb18d7d-c517-3ed5-a711-6d21cae0657f,b046940f-1664-3047-bca7-dfa76be352a4,emergency,183460006,Obstetric emergency hospital admission (procedure),146.18,7263.61,5084.53,72892002,Normal pregnancy (finding)
46ee9d82-b52c-856d-3ce9-9f00baa53e22,2026-02-12T19:53:59Z,2026-02-12T20:08:59Z,46ee9d82-b52c-856d-069b-5064ff052225,0fedae9f-701f-3317-9b2f-69aea2202cdc,bcf26df0-9031-32e7-9e73-80c2e7d6f4bc,b046940f-1664-3047-bca7-dfa76be352a4,ambulatory,169762003,Postnatal visit (regime/therapy),142.58,1005.38,1005.38,,
46ee9d82-b52c-856d-65c0-37251695e3f7,2026-03-18T10:52:11Z,2026-03-18T11:07:11Z,46ee9d82-b52c-856d-069b-5064ff052225,0fedae9f-701f-3317-9b2f-69aea2202cdc,bcf26df0-9031-32e7-9e73-80c2e7d6f4bc,b046940f-1664-3047-bca7-dfa76be352a4,outpatient,698314001,Consultation for treatment (procedure),142.58,142.58,142.58,389095005,Contraception care (regime/therapy)
aa616abe-1761-0c9a-ba57-3511d5e53017,1991-11-14T22:30:35Z,1991-11-14T22:45:35Z,aa616abe-1761-0c9a-7959-07544679dafd,5862e05c-9533-3f7a-8f73-215d50f5ee2f,a9080cf4-2d9f-3715-be32-465bc9fa40cc,df166300-5a78-3502-a46a-832842197811,ambulatory,185347001,Encounter for problem (procedure),85.55,85.55,35.55,735029006,Shellfish (substance)
aa616abe-1761-0c9a-b990-736d6ec16016,1991-11-29T00:30:35Z,1991-11-29T00:58:48Z,aa616abe-1761-0c9a-7959-07544679dafd,5862e05c-9533-3f7a-8f73-215d50f5ee2f,a9080cf4-2d9f-3715-be32-465bc9fa40cc,df166300-5a78-3502-a46a-832842197811,ambulatory,185347001,Encounter for problem (procedure),85.55,516.95,397.29,609328004,Allergic disposition (finding)
aa616abe-1761-0c9a-d38c-4cf8db36a129,2005-01-13T09:30:35Z,2005-01-13T10:30:35Z,aa616abe-1761-0c9a-7959-07544679dafd,63b4f233-fb49-3b1e-a17c-2d572367b131,9c701926-c4dc-330d-9602-0d010bb1b3bd,8fa6c185-e44e-3e34-8bd8-39be8694f4ce,emergency,50849002,Emergency room admission (procedure),146.18,146.18,146.18,124171000119105,Chronic intractable migraine without aura (disorder)
aa616abe-1761-0c9a-f692-eae88ec4af1a,2005-03-28T09:30:35Z,2005-03-28T10:30:35Z,aa616abe-1761-0c9a-7959-07544679dafd,63b4f233-fb49-3b1e-a17c-2d572367b131,9c701926-c4dc-330d-9602-0d010bb1b3bd,8fa6c185-e44e-3e34-8bd8-39be8694f4ce,emergency,183452005,Emergency hospital admission (procedure),87.71,87.71,87.71,82423001,Chronic pain (finding)
aa616abe-1761-0c9a-7c35-f6c9c2ae5f5b,2006-12-24T09:30:35Z,2006-12-24T09:45:35Z,aa616abe-1761-0c9a-7959-07544679dafd,50c47685-8125-3c50-8311-8bd7ba9e9108,953e2af9-a0fd-358d-a506-bc9f076a676a,8fa6c185-e44e-3e34-8bd8-39be8694f4ce,wellness,410620009,Well child visit (procedure),136.80,914.78,914.78,,
aa616abe-1761-0c9a-dac5-641638bdc657,2007-05-12T09:30:35Z,2007-05-12T10:30:35Z,aa616abe-1761-0c9a-7959-07544679dafd,63b4f233-fb49-3b1e-a17c-2d572367b131,9c701926-c4dc-330d-9602-0d010bb1b3bd,8fa6c185-e44e-3e34-8bd8-39be8694f4ce,emergency,50849002,Emergency room admission (procedure),146.18,14601.72,14601.72,196416002,Impacted molars (disorder)
aa616abe-1761-0c9a-4507-3fc64df25ab0,2009-01-04T09:30:35Z,2009-01-04T10:14:17Z,aa616abe-1761-0c9a-7959-07544679dafd,50c47685-8125-3c50-8311-8bd7ba9e9108,953e2af9-a0fd-358d-a506-bc9f076a676a,8fa6c185-e44e-3e34-8bd8-39be8694f4ce,wellness,162673000,General examination of patient (procedure),136.80,1064.92,0.00,,
aa616abe-1761-0c9a-ba21-74721512bcd5,2014-02-04T09:30:35Z,2014-02-04T09:45:35Z,aa616abe-1761-0c9a-7959-07544679dafd,5862e05c-9533-3f7a-8f73-215d50f5ee2f,a9080cf4-2d9f-3715-be32-465bc9fa40cc,8fa6c185-e44e-3e34-8bd8-39be8694f4ce,outpatient,185347001,Encounter for problem (procedure),85.55,85.55,85.55,82423001,Chronic pain (finding)
aa616abe-1761-0c9a-de70-52a14e113469,2015-02-15T09:30:35Z,2015-02-15T10:23:41Z,aa616abe-1761-0c9a-7959-07544679dafd,04b252db-4231-3cb5-963d-6f096fb4b97c,84aa5ae9-3636-395a-9791-9babf5235355,8fa6c185-e44e-3e34-8bd8-39be8694f4ce,urgentcare,702927004,Urgent care clinic (environment),142.58,1039.46,0.00,,
aa616abe-1761-0c9a-3f89-87c4bdc70445,2015-03-08T09:30:35Z,2015-03-08T10:36:45Z,aa616abe-1761-0c9a-7959-07544679dafd,5862e05c-9533-3f7a-8f73-215d50f5ee2f,a9080cf4-2d9f-3715-be32-465bc9fa40cc,8fa6c185-e44e-3e34-8bd8-39be8694f4ce,ambulatory,185347001,Encounter for problem (procedure),85.55,1080.43,0.00,271737000,Anemia (disorder)
aa616abe-1761-0c9a-23d5-9bcd4866cff8,2020-03-22T09:30:35Z,2020-03-22T10:25:55Z,aa616abe-1761-0c9a-7959-07544679dafd,50c47685-8125-3c50-8311-8bd7ba9e9108,953e2af9-a0fd-358d-a506-bc9f076a676a,0133f751-9229-3cfd-815f-b6d4979bdd6a,wellness,162673000,General examination of patient (procedure),136.80,1159.78,0.00,,
aa616abe-1761-0c9a-f2c2-914fbbe64631,2021-03-28T09:30:35Z,2021-03-28T10:16:24Z,aa616abe-1761-0c9a-7959-07544679dafd,50c47685-8125-3c50-8311-8bd7ba9e9108,953e2af9-a0fd-358d-a506-bc9f076a676a,0133f751-9229-3cfd-815f-b6d4979bdd6a,wellness,162673000,General examination of patient (procedure),136.80,853.36,512.02,,
aa616abe-1761-0c9a-b275-3428e2c4fa74,2021-07-27T09:30:35Z,2021-07-27T10:30:35Z,aa616abe-1761-0c9a-7959-07544679dafd,63b4f233-fb49-3b1e-a17c-2d572367b131,9c701926-c4dc-330d-9602-0d010bb1b3bd,0133f751-9229-3cfd-815f-b6d4979bdd6a,emergency,50849002,Emergency room admission (procedure),146.18,146.18,87.71,124171000119105,Chronic intractable migraine without aura (disorder)
aa616abe-1761-0c9a-2de5-9474cb7a7c4f,2021-10-17T09:30:35Z,2021-10-17T10:28:35Z,aa616abe-1761-0c9a-7959-07544679dafd,5862e05c-9533-3f7a-8f73-215d50f5ee2f,a9080cf4-2d9f-3715-be32-465bc9fa40cc,0133f751-9229-3cfd-815f-b6d4979bdd6a,outpatient,308335008,Patient encounter procedure (procedure),142.58,573.98,344.39,389095005,Contraception care (regime/therapy)
aa616abe-1761-0c9a-f76d-10b244942241,2021-11-08T09:30:35Z,2021-11-08T10:30:35Z,aa616abe-1761-0c9a-7959-07544679dafd,63b4f233-fb49-3b1e-a17c-2d572367b131,9c701926-c4dc-330d-9602-0d010bb1b3bd,0133f751-9229-3cfd-815f-b6d4979bdd6a,emergency,50849002,Emergency room admission (procedure),146.18,17646.24,10587.75,196416002,Impacted molars (disorder)
aa616abe-1761-0c9a-5a17-6f698d0b47c6,2021-12-05T09:30:35Z,2021-12-05T09:45:35Z,aa616abe-1761-0c9a-7959-07544679dafd,5862e05c-9533-3f7a-8f73-215d50f5ee2f,a9080cf4-2d9f-3715-be32-465bc9fa40cc,df166300-5a78-3502-a46a-832842197811,ambulatory,424441002,Prenatal initial visit (regime/therapy),142.58,53529.86,53379.86,72892002,Normal pregnancy (finding)
aa616abe-1761-0c9a-6d4a-3e932fe6068d,2021-12-15T09:30:35Z,2021-12-15T10:30:35Z,aa616abe-1761-0c9a-7959-07544679dafd,63b4f233-fb49-3b1e-a17c-2d572367b131,9c701926-c4dc-330d-9602-0d010bb1b3bd,df166300-5a78-3502-a46a-832842197811,emergency,50849002,Emergency room admission (procedure),146.18,146.18,96.18,124171000119105,Chronic intractable migraine without aura (disorder)
aa616abe-1761-0c9a-ac09-eef75b8cf71e,2022-01-02T09:30:35Z,2022-01-02T09:45:35Z,aa616abe-1761-0c9a-7959-07544679dafd,5862e05c-9533-3f7a-8f73-215d50f5ee2f,a9080cf4-2d9f-3715-be32-465bc9fa40cc,df166300-5a78-3502-a46a-832842197811,ambulatory,424619006,Prenatal visit (regime/therapy),142.58,13440.60,13390.60,72892002,Normal pregnancy (finding)
aa616abe-1761-0c9a-e2df-98e6a2169bf9,2022-01-30T09:30:35Z,2022-01-30T09:45:35Z,aa616abe-1761-0c9a-7959-07544679dafd,5862e05c-9533-3f7a-8f73-215d50f5ee2f,a9080cf4-2d9f-3715-be32-465bc9fa40cc,df166300-5a78-3502-a46a-832842197811,ambulatory,424619006,Prenatal visit (regime/therapy),142.58,13396.19,13346.19,72892002,Normal pregnancy (finding)
aa616abe-1761-0c9a-dacb-52652de9e8d1,2022-02-27T09:30:35Z,2022-02-27T09:45:35Z,aa616abe-1761-0c9a-7959-07544679dafd,5862e05c-9533-3f7a-8f73-215d50f5ee2f,a9080cf4-2d9f-3715-be32-465bc9fa40cc,df166300-5a78-3502-a46a-832842197811,ambulatory,424619006,Prenatal visit (regime/therapy),142.58,11451.02,11401.02,72892002,Normal pregnancy (finding)
aa616abe-1761-0c9a-5546-f58ea52a6298,2022-03-13T09:30:35Z,2022-03-13T10:30:35Z,aa616abe-1761-0c9a-7959-07544679dafd,63b4f233-fb49-3b1e-a17c-2d572367b131,9c701926-c4dc-330d-9602-0d010bb1b3bd,df166300-5a78-3502-a46a-832842197811,emergency,50849002,Emergency room admission (procedure),146.18,6219.82,6169.82,196416002,Impacted molars (disorder)
aa616abe-1761-0c9a-e944-5feeb1243613,2022-03-27T09:30:35Z,2022-03-27T09:45:35Z,aa616abe-1761-0c9a-7959-07544679dafd,5862e05c-9533-3f7a-8f73-215d50f5ee2f,a9080cf4-2d9f-3715-be32-465bc9fa40cc,df166300-5a78-3502-a46a-832842197811,ambulatory,424619006,Prenatal visit (regime/therapy),142.58,5365.87,5315.87,72892002,Normal pregnancy (finding)
aa616abe-1761-0c9a-0741-e88f019e41d0,2022-04-03T09:30:35Z,2022-04-03T10:15:54Z,aa616abe-1761-0c9a-7959-07544679dafd,50c47685-8125-3c50-8311-8bd7ba9e9108,953e2af9-a0fd-358d-a506-bc9f076a676a,df166300-5a78-3502-a46a-832842197811,wellness,162673000,General examination of patient (procedure),136.80,914.78,914.78,,
aa616abe-1761-0c9a-e49d-445aef7b331c,2022-04-17T09:30:35Z,2022-04-17T10:10:18Z,aa616abe-1761-0c9a-7959-07544679dafd,5862e05c-9533-3f7a-8f73-215d50f5ee2f,a9080cf4-2d9f-3715-be32-465bc9fa40cc,df166300-5a78-3502-a46a-832842197811,ambulatory,185349003,Encounter for check up (procedure),85.55,406.75,356.75,66383009,Gingivitis (disorder)
aa616abe-1761-0c9a-7a0f-a7ff5fbbbc44,2022-04-24T09:30:35Z,2022-04-24T09:45:35Z,aa616abe-1761-0c9a-7959-07544679dafd,5862e05c-9533-3f7a-8f73-215d50f5ee2f,a9080cf4-2d9f-3715-be32-465bc9fa40cc,df166300-5a78-3502-a46a-832842197811,ambulatory,424619006,Prenatal visit (regime/therapy),142.58,12255.74,12205.74,72892002,Normal pregnancy (finding)
aa616abe-1761-0c9a-15ff-eae4a33dee48,2022-04-26T09:30:35Z,2022-04-26T10:30:35Z,aa616abe-1761-0c9a-7959-07544679dafd,63b4f233-fb49-3b1e-a17c-2d572367b131,9c701926-c4dc-330d-9602-0d010bb1b3bd,df166300-5a78-3502-a46a-832842197811,emergency,183452005,Emergency hospital admission (procedure),87.71,87.71,37.71,82423001,Chronic pain (finding)
aa616abe-1761-0c9a-28b8-6a24a3e40769,2022-05-22T09:30:35Z,2022-05-22T09:45:35Z,aa616abe-1761-0c9a-7959-07544679dafd,5862e05c-9533-3f7a-8f73-215d50f5ee2f,a9080cf4-2d9f-3715-be32-465bc9fa40cc,df166300-5a78-3502-a46a-832842197811,ambulatory,424619006,Prenatal visit (regime/therapy),142.58,15758.56,15708.56,72892002,Normal pregnancy (finding)
aa616abe-1761-0c9a-1d28-ab42c07962aa,2022-06-02T09:30:35Z,2022-06-02T10:30:35Z,aa616abe-1761-0c9a-7959-07544679dafd,63b4f233-fb49-3b1e-a17c-2d572367b131,9c701926-c4dc-330d-9602-0d010bb1b3bd,df166300-5a78-3502-a46a-832842197811,emergency,50849002,Emergency room admission (procedure),146.18,146.18,96.18,124171000119105,Chronic intractable migraine without aura (disorder)
aa616abe-1761-0c9a-3655-4089d42318ef,2022-06-19T09:30:35Z,2022-06-19T09:45:35Z,aa616abe-1761-0c9a-7959-07544679dafd,5862e05c-9533-3f7a-8f73-215d50f5ee2f,a9080cf4-2d9f-3715-be32-465bc9fa40cc,df166300-5a78-3502-a46a-832842197811,ambulatory,424619006,Prenatal visit (regime/therapy),142.58,15030.50,14980.50,72892002,Normal pregnancy (finding)
aa616abe-1761-0c9a-44cf-5823fd4bbd5d,2022-07-03T09:30:35Z,2022-07-03T09:45:35Z,aa616abe-1761-0c9a-7959-07544679dafd,5862e05c-9533-3f7a-8f73-215d50f5ee2f,a9080cf4-2d9f-3715-be32-465bc9fa40cc,df166300-5a78-3502-a46a-832842197811,ambulatory,424619006,Prenatal visit (regime/therapy),142.58,4665.96,4615.96,72892002,Normal pregnancy (finding)
aa616abe-1761-0c9a-f248-a9608dc6acf3,2022-07-10T09:30:35Z,2022-07-10T10:30:35Z,aa616abe-1761-0c9a-7959-07544679dafd,63b4f233-fb49-3b1e-a17c-2d572367b131,9c701926-c4dc-330d-9602-0d010bb1b3bd,df166300-5a78-3502-a46a-832842197811,emergency,183460006,Obstetric emergency hospital admission (procedure),146.18,2925.60,2875.60,72892002,Normal pregnancy (finding)
aa616abe-1761-0c9a-bc27-917fd90dbfc5,2022-07-21T09:30:35Z,2022-07-21T10:30:35Z,aa616abe-1761-0c9a-7959-07544679dafd,63b4f233-fb49-3b1e-a17c-2d572367b131,9c701926-c4dc-330d-9602-0d010bb1b3bd,df166300-5a78-3502-a46a-832842197811,emergency,50849002,Emergency room admission (procedure),146.18,146.18,96.18,124171000119105,Chronic intractable migraine without aura (disorder)
aa616abe-1761-0c9a-7340-e5f0b23bea93,2022-08-21T09:30:35Z,2022-08-21T09:45:35Z,aa616abe-1761-0c9a-7959-07544679dafd,5862e05c-9533-3f7a-8f73-215d50f5ee2f,a9080cf4-2d9f-3715-be32-465bc9fa40cc,df166300-5a78-3502-a46a-832842197811,ambulatory,169762003,Postnatal visit (regime/therapy),142.58,1005.38,955.38,,
aa616abe-1761-0c9a-90a1-aae95e9b0e0f,2022-10-22T09:30:35Z,2022-10-22T10:30:35Z,aa616abe-1761-0c9a-7959-07544679dafd,63b4f233-fb49-3b1e-a17c-2d572367b131,9c701926-c4dc-330d-9602-0d010bb1b3bd,df166300-5a78-3502-a46a-832842197811,emergency,183452005,Emergency hospital admission (procedure),87.71,87.71,37.71,82423001,Chronic pain (finding)
aa616abe-1761-0c9a-3928-08f08aef84ef,2022-11-20T09:30:35Z,2022-11-20T09:45:35Z,aa616abe-1761-0c9a-7959-07544679dafd,5862e05c-9533-3f7a-8f73-215d50f5ee2f,a9080cf4-2d9f-3715-be32-465bc9fa40cc,df166300-5a78-3502-a46a-832842197811,ambulatory,424441002,Prenatal initial visit (regime/therapy),142.58,31751.26,31601.26,72892002,Normal pregnancy (finding)
aa616abe-1761-0c9a-8a98-297d99a5d11c,2022-12-18T09:30:35Z,2022-12-18T09:45:35Z,aa616abe-1761-0c9a-7959-07544679dafd,5862e05c-9533-3f7a-8f73-215d50f5ee2f,a9080cf4-2d9f-3715-be32-465bc9fa40cc,df166300-5a78-3502-a46a-832842197811,ambulatory,424619006,Prenatal visit (regime/therapy),142.58,12313.82,12263.82,72892002,Normal pregnancy (finding)
aa616abe-1761-0c9a-5b5b-9134a5b382da,2023-01-02T09:30:35Z,2023-01-02T10:30:35Z,aa616abe-1761-0c9a-7959-07544679dafd,63b4f233-fb49-3b1e-a17c-2d572367b131,9c701926-c4dc-330d-9602-0d010bb1b3bd,df166300-5a78-3502-a46a-832842197811,emergency,50849002,Emergency room admission (procedure),146.18,146.18,96.18,124171000119105,Chronic intractable migraine without aura (disorder)
aa616abe-1761-0c9a-5436-fbf559294cd4,2023-01-15T09:30:35Z,2023-01-15T09:45:35Z,aa616abe-1761-0c9a-7959-07544679dafd,5862e05c-9533-3f7a-8f73-215d50f5ee2f,a9080cf4-2d9f-3715-be32-465bc9fa40cc,df166300-5a78-3502-a46a-832842197811,ambulatory,424619006,Prenatal visit (regime/therapy),142.58,19393.03,19343.03,72892002,Normal pregnancy (finding)
aa616abe-1761-0c9a-f88f-1ec5992eeb8b,2023-02-12T09:30:35Z,2023-02-12T09:45:35Z,aa616abe-1761-0c9a-7959-07544679dafd,5862e05c-9533-3f7a-8f73-215d50f5ee2f,a9080cf4-2d9f-3715-be32-465bc9fa40cc,df166300-5a78-3502-a46a-832842197811,ambulatory,424619006,Prenatal visit (regime/therapy),142.58,7873.98,7823.98,72892002,Normal pregnancy (finding)
aa616abe-1761-0c9a-9024-78190f45f03b,2023-03-12T09:30:35Z,2023-03-12T09:45:35Z,aa616abe-1761-0c9a-7959-07544679dafd,5862e05c-9533-3f7a-8f73-215d50f5ee2f,a9080cf4-2d9f-3715-be32-465bc9fa40cc,df166300-5a78-3502-a46a-832842197811,ambulatory,424619006,Prenatal visit (regime/therapy),142.58,4907.85,4857.85,72892002,Normal pregnancy (finding)
aa616abe-1761-0c9a-86e3-9cba3596c2e1,2023-04-09T09:30:35Z,2023-04-09T10:24:13Z,aa616abe-1761-0c9a-7959-07544679dafd,50c47685-8125-3c50-8311-8bd7ba9e9108,953e2af9-a0fd-358d-a506-bc9f076a676a,df166300-5a78-3502-a46a-832842197811,wellness,162673000,General examination of patient (procedure),136.80,860.16,860.16,,
aa616abe-1761-0c9a-8ab6-2f3e7294cf87,2023-04-16T09:30:35Z,2023-04-16T09:45:35Z,aa616abe-1761-0c9a-7959-07544679dafd,5862e05c-9533-3f7a-8f73-215d50f5ee2f,a9080cf4-2d9f-3715-be32-465bc9fa40cc,df166300-5a78-3502-a46a-832842197811,ambulatory,424619006,Prenatal visit (regime/therapy),142.58,15946.36,15896.36,72892002,Normal pregnancy (finding)
aa616abe-1761-0c9a-e409-7fef5c44a132,2023-04-23T09:30:35Z,2023-04-23T10:30:35Z,aa616abe-1761-0c9a-7959-07544679dafd,63b4f233-fb49-3b1e-a17c-2d572367b131,9c701926-c4dc-330d-9602-0d010bb1b3bd,df166300-5a78-3502-a46a-832842197811,emergency,50849002,Emergency room admission (procedure),146.18,146.18,96.18,124171000119105,Chronic intractable migraine without aura (disorder)
aa616abe-1761-0c9a-e73b-93c811e5539a,2023-05-14T09:30:35Z,2023-05-14T09:45:35Z,aa616abe-1761-0c9a-7959-07544679dafd,5862e05c-9533-3f7a-8f73-215d50f5ee2f,a9080cf4-2d9f-3715-be32-465bc9fa40cc,df166300-5a78-3502-a46a-832842197811,ambulatory,424619006,Prenatal visit (regime/therapy),142.58,11451.02,11401.02,72892002,Normal pregnancy (finding)
aa616abe-1761-0c9a-ff58-cafd0ad618be,2023-06-11T09:30:35Z,2023-06-11T09:45:35Z,aa616abe-1761-0c9a-7959-07544679dafd,5862e05c-9533-3f7a-8f73-215d50f5ee2f,a9080cf4-2d9f-3715-be32-465bc9fa40cc,df166300-5a78-3502-a46a-832842197811,ambulatory,424619006,Prenatal visit (regime/therapy),142.58,5528.76,5478.76,72892002,Normal pregnancy (finding)
aa616abe-1761-0c9a-cb12-412721f0d790,2023-06-25T09:30:35Z,2023-06-25T09:45:35Z,aa616abe-1761-0c9a-7959-07544679dafd,5862e05c-9533-3f7a-8f73-215d50f5ee2f,a9080cf4-2d9f-3715-be32-465bc9fa40cc,df166300-5a78-3502-a46a-832842197811,ambulatory,424619006,Prenatal visit (regime/therapy),142.58,8866.77,8816.77,72892002,Normal pregnancy (finding)
aa616abe-1761-0c9a-00a2-52ad74c92a00,2023-06-29T09:30:35Z,2023-06-29T10:30:35Z,aa616abe-1761-0c9a-7959-07544679dafd,63b4f233-fb49-3b1e-a17c-2d572367b131,9c701926-c4dc-330d-9602-0d010bb1b3bd,df166300-5a78-3502-a46a-832842197811,emergency,183452005,Emergency hospital admission (procedure),87.71,87.71,37.71,82423001,Chronic pain (finding)
aa616abe-1761-0c9a-442e-6467f074e6a0,2023-07-02T09:30:35Z,2023-07-02T09:45:35Z,aa616abe-1761-0c9a-7959-07544679dafd,5862e05c-9533-3f7a-8f73-215d50f5ee2f,a9080cf4-2d9f-3715-be32-465bc9fa40cc,df166300-5a78-3502-a46a-832842197811,ambulatory,424619006,Prenatal visit (regime/therapy),142.58,8923.68,8873.68,72892002,Normal pregnancy (finding)
aa616abe-1761-0c9a-2d51-3ac04d12252d,2023-07-09T09:30:35Z,2023-07-09T10:30:35Z,aa616abe-1761-0c9a-7959-07544679dafd,63b4f233-fb49-3b1e-a17c-2d572367b131,9c701926-c4dc-330d-9602-0d010bb1b3bd,df166300-5a78-3502-a46a-832842197811,emergency,183460006,Obstetric emergency hospital admission (procedure),146.18,16898.43,16848.43,72892002,Normal pregnancy (finding)
aa616abe-1761-0c9a-9bb3-511d640adf0b,2023-08-20T09:30:35Z,2023-08-20T09:45:35Z,aa616abe-1761-0c9a-7959-07544679dafd,5862e05c-9533-3f7a-8f73-215d50f5ee2f,a9080cf4-2d9f-3715-be32-465bc9fa40cc,df166300-5a78-3502-a46a-832842197811,ambulatory,169762003,Postnatal visit (regime/therapy),142.58,1005.38,955.38,,
aa616abe-1761-0c9a-ad37-cf134d4f97d7,2023-12-07T09:30:35Z,2023-12-07T14:30:35Z,aa616abe-1761-0c9a-7959-07544679dafd,63b4f233-fb49-3b1e-a17c-2d572367b131,9c701926-c4dc-330d-9602-0d010bb1b3bd,8fa6c185-e44e-3e34-8bd8-39be8694f4ce,emergency,50849002,Emergency room admission (procedure),146.18,146.18,0.00,1149222004,Overdose (disorder)
aa616abe-1761-0c9a-001d-88f40f041121,2024-03-21T14:30:35Z,2024-03-21T15:56:35Z,aa616abe-1761-0c9a-7959-07544679dafd,5862e05c-9533-3f7a-8f73-215d50f5ee2f,a9080cf4-2d9f-3715-be32-465bc9fa40cc,8fa6c185-e44e-3e34-8bd8-39be8694f4ce,ambulatory,185347001,Encounter for problem (procedure),85.55,516.95,0.00,6525002,Dependent drug abuse (disorder)
aa616abe-1761-0c9a-67b1-b016671467cc,2024-04-14T09:30:35Z,2024-04-14T10:05:31Z,aa616abe-1761-0c9a-7959-07544679dafd,50c47685-8125-3c50-8311-8bd7ba9e9108,953e2af9-a0fd-358d-a506-bc9f076a676a,8fa6c185-e44e-3e34-8bd8-39be8694f4ce,wellness,162673000,General examination of patient (procedure),136.80,853.36,0.00,,
aa616abe-1761-0c9a-341a-9f999e623780,2024-04-20T15:56:35Z,2024-04-20T16:59:14Z,aa616abe-1761-0c9a-7959-07544679dafd,5862e05c-9533-3f7a-8f73-215d50f5ee2f,a9080cf4-2d9f-3715-be32-465bc9fa40cc,8fa6c185-e44e-3e34-8bd8-39be8694f4ce,ambulatory,185347001,Encounter for problem (procedure),85.55,516.95,0.00,6525002,Dependent drug abuse (disorder)
aa616abe-1761-0c9a-3384-ad4ffd286ec8,2024-04-28T09:30:35Z,2024-04-28T10:02:02Z,aa616abe-1761-0c9a-7959-07544679dafd,5862e05c-9533-3f7a-8f73-215d50f5ee2f,a9080cf4-2d9f-3715-be32-465bc9fa40cc,8fa6c185-e44e-3e34-8bd8-39be8694f4ce,ambulatory,185349003,Encounter for check up (procedure),85.55,85.84,0.00,66383009,Gingivitis (disorder)
aa616abe-1761-0c9a-0114-44abec1bcdc0,2024-05-20T16:59:14Z,2024-05-20T18:24:46Z,aa616abe-1761-0c9a-7959-07544679dafd,5862e05c-9533-3f7a-8f73-215d50f5ee2f,a9080cf4-2d9f-3715-be32-465bc9fa40cc,8fa6c185-e44e-3e34-8bd8-39be8694f4ce,ambulatory,185347001,Encounter for problem (procedure),85.55,516.95,0.00,6525002,Dependent drug abuse (disorder)
aa616abe-1761-0c9a-4a36-2108b7277765,2024-08-07T18:24:46Z,2024-08-07T19:39:55Z,aa616abe-1761-0c9a-7959-07544679dafd,5862e05c-9533-3f7a-8f73-215d50f5ee2f,a9080cf4-2d9f-3715-be32-465bc9fa40cc,8fa6c185-e44e-3e34-8bd8-39be8694f4ce,ambulatory,185347001,Encounter for problem (procedure),85.55,516.95,0.00,6525002,Dependent drug abuse (disorder)
aa616abe-1761-0c9a-0d59-02d6953ad4cf,2024-09-06T19:39:55Z,2024-09-06T20:40:58Z,aa616abe-1761-0c9a-7959-07544679dafd,5862e05c-9533-3f7a-8f73-215d50f5ee2f,a9080cf4-2d9f-3715-be32-465bc9fa40cc,8fa6c185-e44e-3e34-8bd8-39be8694f4ce,ambulatory,185347001,Encounter for problem (procedure),85.55,516.95,0.00,6525002,Dependent drug abuse (disorder)
aa616abe-1761-0c9a-cbb3-b72d4e547d33,2024-10-06T20:40:58Z,2024-10-06T22:04:50Z,aa616abe-1761-0c9a-7959-07544679dafd,5862e05c-9533-3f7a-8f73-215d50f5ee2f,a9080cf4-2d9f-3715-be32-465bc9fa40cc,8fa6c185-e44e-3e34-8bd8-39be8694f4ce,ambulatory,185347001,Encounter for problem (procedure),85.55,516.95,0.00,6525002,Dependent drug abuse (disorder)
aa616abe-1761-0c9a-8b74-e8ae063606f7,2024-11-05T22:04:50Z,2024-11-05T23:26:35Z,aa616abe-1761-0c9a-7959-07544679dafd,5862e05c-9533-3f7a-8f73-215d50f5ee2f,a9080cf4-2d9f-3715-be32-465bc9fa40cc,8fa6c185-e44e-3e34-8bd8-39be8694f4ce,ambulatory,185347001,Encounter for problem (procedure),85.55,516.95,233.78,6525002,Dependent drug abuse (disorder)
aa616abe-1761-0c9a-5959-7a6a20b510c5,2025-04-20T09:30:35Z,2025-04-20T10:15:28Z,aa616abe-1761-0c9a-7959-07544679dafd,50c47685-8125-3c50-8311-8bd7ba9e9108,953e2af9-a0fd-358d-a506-bc9f076a676a,8fa6c185-e44e-3e34-8bd8-39be8694f4ce,wellness,162673000,General examination of patient (procedure),136.80,1001.28,0.00,,
aa616abe-1761-0c9a-b122-d89e9c976fca,2025-08-12T09:30:35Z,2025-08-12T09:45:35Z,aa616abe-1761-0c9a-7959-07544679dafd,5862e05c-9533-3f7a-8f73-215d50f5ee2f,a9080cf4-2d9f-3715-be32-465bc9fa40cc,8fa6c185-e44e-3e34-8bd8-39be8694f4ce,outpatient,698314001,Consultation for treatment (procedure),142.58,142.58,0.00,389095005,Contraception care (regime/therapy)
aa616abe-1761-0c9a-539b-e7a2de18bb89,2025-10-19T09:30:35Z,2025-10-19T09:45:35Z,aa616abe-1761-0c9a-7959-07544679dafd,5862e05c-9533-3f7a-8f73-215d50f5ee2f,a9080cf4-2d9f-3715-be32-465bc9fa40cc,8fa6c185-e44e-3e34-8bd8-39be8694f4ce,ambulatory,185347001,Encounter for problem (procedure),85.55,85.55,0.00,201834006,Localized  primary osteoarthritis of the hand (disorder)
aa616abe-1761-0c9a-3a0a-d0e677947ad3,2025-11-27T23:26:35Z,2025-11-28T00:34:20Z,aa616abe-1761-0c9a-7959-07544679dafd,5862e05c-9533-3f7a-8f73-215d50f5ee2f,a9080cf4-2d9f-3715-be32-465bc9fa40cc,8fa6c185-e44e-3e34-8bd8-39be8694f4ce,ambulatory,185347001,Encounter for problem (procedure),85.55,516.95,0.00,6525002,Dependent drug abuse (disorder)
aa616abe-1761-0c9a-7dea-a6d5a192d8b4,2026-03-29T00:34:20Z,2026-03-29T01:37:14Z,aa616abe-1761-0c9a-7959-07544679dafd,5862e05c-9533-3f7a-8f73-215d50f5ee2f,a9080cf4-2d9f-3715-be32-465bc9fa40cc,8fa6c185-e44e-3e34-8bd8-39be8694f4ce,ambulatory,185347001,Encounter for problem (procedure),85.55,516.95,0.00,6525002,Dependent drug abuse (disorder)
aa616abe-1761-0c9a-fc1e-715174e6b6f9,2026-04-26T09:30:35Z,2026-04-26T10:02:49Z,aa616abe-1761-0c9a-7959-07544679dafd,50c47685-8125-3c50-8311-8bd7ba9e9108,953e2af9-a0fd-358d-a506-bc9f076a676a,8fa6c185-e44e-3e34-8bd8-39be8694f4ce,wellness,162673000,General examination of patient (procedure),136.80,994.48,0.00,,
aa616abe-1761-0c9a-24ef-b5805a4fce41,2026-05-10T09:30:35Z,2026-05-10T10:06:58Z,aa616abe-1761-0c9a-7959-07544679dafd,5862e05c-9533-3f7a-8f73-215d50f5ee2f,a9080cf4-2d9f-3715-be32-465bc9fa40cc,8fa6c185-e44e-3e34-8bd8-39be8694f4ce,ambulatory,185349003,Encounter for check up (procedure),85.55,116.02,0.00,66383009,Gingivitis (disorder)
aa616abe-1761-0c9a-c987-fbbd354cfd72,2026-06-07T10:06:58Z,2026-06-08T10:06:58Z,aa616abe-1761-0c9a-7959-07544679dafd,5862e05c-9533-3f7a-8f73-215d50f5ee2f,a9080cf4-2d9f-3715-be32-465bc9fa40cc,8fa6c185-e44e-3e34-8bd8-39be8694f4ce,inpatient,32485007,Hospital admission (procedure),146.18,146.32,0.00,,
aa616abe-1761-0c9a-f051-e567a0e21c2e,2026-08-07T09:30:35Z,2026-08-07T10:00:19Z,aa616abe-1761-0c9a-7959-07544679dafd,5862e05c-9533-3f7a-8f73-215d50f5ee2f,a9080cf4-2d9f-3715-be32-465bc9fa40cc,8fa6c185-e44e-3e34-8bd8-39be8694f4ce,outpatient,698314001,Consultation for treatment (procedure),142.58,5764.44,2588.75,389095005,Contraception care (regime/therapy)
e74367bd-7385-97dc-1f9b-b65e80e71352,1999-12-18T06:32:37Z,1999-12-18T06:47:37Z,e74367bd-7385-97dc-2c7f-251b4cd9fe29,75f0d4cd-dbbb-3037-b6ad-2e99665728c7,7694cddc-bca6-356f-b0de-62cae60d0edf,e03e23c9-4df1-3eb6-a62d-f70f02301496,wellness,410620009,Well child visit (procedure),136.80,488.50,0.00,,
e74367bd-7385-97dc-f8da-7aea5f8fe39a,2008-02-02T06:32:37Z,2008-02-02T07:15:34Z,e74367bd-7385-97dc-2c7f-251b4cd9fe29,75f0d4cd-dbbb-3037-b6ad-2e99665728c7,7694cddc-bca6-356f-b0de-62cae60d0edf,e03e23c9-4df1-3eb6-a62d-f70f02301496,wellness,162673000,General examination of patient (procedure),136.80,704.20,0.00,,
e74367bd-7385-97dc-28eb-970242ebeab9,2011-01-22T01:32:37Z,2011-01-22T01:47:37Z,e74367bd-7385-97dc-2c7f-251b4cd9fe29,0d1570ab-371c-3898-9397-95905d8c5166,6f890d3c-ea3c-3ef2-a92d-06a449f1bb89,e03e23c9-4df1-3eb6-a62d-f70f02301496,ambulatory,185345009,Encounter for symptom (procedure),85.55,92.93,0.00,75498004,Acute bacterial sinusitis (disorder)
e74367bd-7385-97dc-278c-6f35330e4340,2012-02-11T06:32:37Z,2012-02-11T07:19:23Z,e74367bd-7385-97dc-2c7f-251b4cd9fe29,75f0d4cd-dbbb-3037-b6ad-2e99665728c7,7694cddc-bca6-356f-b0de-62cae60d0edf,e03e23c9-4df1-3eb6-a62d-f70f02301496,wellness,162673000,General examination of patient (procedure),136.80,1186.78,0.00,,
e74367bd-7385-97dc-fddd-20ad83a123b0,2015-02-14T06:32:37Z,2015-02-14T07:08:40Z,e74367bd-7385-97dc-2c7f-251b4cd9fe29,75f0d4cd-dbbb-3037-b6ad-2e99665728c7,7694cddc-bca6-356f-b0de-62cae60d0edf,e03e23c9-4df1-3eb6-a62d-f70f02301496,wellness,162673000,General examination of patient (procedure),136.80,704.20,0.00,,
e74367bd-7385-97dc-19ae-3b933a8d4936,2015-11-30T07:25:14Z,2015-12-01T07:25:14Z,e74367bd-7385-97dc-2c7f-251b4cd9fe29,0d1570ab-371c-3898-9397-95905d8c5166,6f890d3c-ea3c-3ef2-a92d-06a449f1bb89,e03e23c9-4df1-3eb6-a62d-f70f02301496,inpatient,305408004,Admission to surgical department (procedure),146.18,3817.64,0.00,183996000,Sterilization requested (situation)
e74367bd-7385-97dc-f7f4-68e528e98c2f,2018-02-17T06:32:37Z,2018-02-17T07:26:17Z,e74367bd-7385-97dc-2c7f-251b4cd9fe29,75f0d4cd-dbbb-3037-b6ad-2e99665728c7,7694cddc-bca6-356f-b0de-62cae60d0edf,e03e23c9-4df1-3eb6-a62d-f70f02301496,wellness,162673000,General examination of patient (procedure),136.80,1309.98,0.00,,
e74367bd-7385-97dc-2e42-0430cddefc7c,2021-02-20T06:32:37Z,2021-02-20T07:24:39Z,e74367bd-7385-97dc-2c7f-251b4cd9fe29,75f0d4cd-dbbb-3037-b6ad-2e99665728c7,7694cddc-bca6-356f-b0de-62cae60d0edf,e03e23c9-4df1-3eb6-a62d-f70f02301496,wellness,162673000,General examination of patient (procedure),136.80,996.16,0.00,,
e74367bd-7385-97dc-de6b-6ffd4c0fa454,2024-02-24T06:32:37Z,2024-02-24T07:28:40Z,e74367bd-7385-97dc-2c7f-251b4cd9fe29,75f0d4cd-dbbb-3037-b6ad-2e99665728c7,7694cddc-bca6-356f-b0de-62cae60d0edf,e03e23c9-4df1-3eb6-a62d-f70f02301496,wellness,162673000,General examination of patient (procedure),136.80,934.74,0.00,,
e74367bd-7385-97dc-a0e6-7f13a09edf3f,2024-03-09T06:32:37Z,2024-03-09T06:47:37Z,e74367bd-7385-97dc-2c7f-251b4cd9fe29,0d1570ab-371c-3898-9397-95905d8c5166,6f890d3c-ea3c-3ef2-a92d-06a449f1bb89,e03e23c9-4df1-3eb6-a62d-f70f02301496,ambulatory,185349003,Encounter for check up (procedure),85.55,530.93,0.00,66383009,Gingivitis (disorder)
5e688e99-61b3-5c88-7ca3-3d2296ab96e8,1989-06-09T05:22:05Z,1989-06-09T05:37:05Z,5e688e99-61b3-5c88-3f60-21df8aaced27,0fedae9f-701f-3317-9b2f-69aea2202cdc,bcf26df0-9031-32e7-9e73-80c2e7d6f4bc,df166300-5a78-3502-a46a-832842197811,ambulatory,185345009,Encounter for symptom (procedure),85.55,85.55,35.55,446096008,Perennial allergic rhinitis (disorder)
5e688e99-61b3-5c88-cf1e-a5c4e3a7357d,1989-06-11T20:22:05Z,1989-06-11T20:45:05Z,5e688e99-61b3-5c88-3f60-21df8aaced27,0fedae9f-701f-3317-9b2f-69aea2202cdc,bcf26df0-9031-32e7-9e73-80c2e7d6f4bc,df166300-5a78-3502-a46a-832842197811,ambulatory,185347001,Encounter for problem (procedure),85.55,516.95,466.95,609328004,Allergic disposition (finding)
5e688e99-61b3-5c88-1d57-231b30c76e0e,2001-05-26T05:22:05Z,2001-05-26T05:37:05Z,5e688e99-61b3-5c88-3f60-21df8aaced27,0fedae9f-701f-3317-9b2f-69aea2202cdc,bcf26df0-9031-32e7-9e73-80c2e7d6f4bc,df166300-5a78-3502-a46a-832842197811,ambulatory,185349003,Encounter for check up (procedure),85.55,202.24,152.24,103697008,Patient referral for dental care (procedure)
5e688e99-61b3-5c88-bc57-742571c17826,2003-05-24T05:22:05Z,2003-05-24T05:37:05Z,5e688e99-61b3-5c88-3f60-21df8aaced27,79d49935-bcc0-36ca-920b-45365c367438,7120be39-991a-3c22-b145-c9eb3ed1a037,df166300-5a78-3502-a46a-832842197811,wellness,410620009,Well child visit (procedure),136.80,919.90,869.90,,
5e688e99-61b3-5c88-6299-340e6b2e3721,2004-05-29T05:22:05Z,2004-05-29T05:53:28Z,5e688e99-61b3-5c88-3f60-21df8aaced27,79d49935-bcc0-36ca-920b-45365c367438,7120be39-991a-3c22-b145-c9eb3ed1a037,df166300-5a78-3502-a46a-832842197811,wellness,162673000,General examination of patient (procedure),136.80,1308.49,1158.49,,
5e688e99-61b3-5c88-bbdd-d2b9e3ae6d86,2014-06-14T05:22:05Z,2014-06-14T06:02:59Z,5e688e99-61b3-5c88-3f60-21df8aaced27,79d49935-bcc0-36ca-920b-45365c367438,7120be39-991a-3c22-b145-c9eb3ed1a037,df166300-5a78-3502-a46a-832842197811,wellness,162673000,General examination of patient (procedure),136.80,778.78,778.78,,
5e688e99-61b3-5c88-d672-38093f20dbd5,2017-06-17T05:22:05Z,2017-06-17T06:10:35Z,5e688e99-61b3-5c88-3f60-21df8aaced27,79d49935-bcc0-36ca-920b-45365c367438,7120be39-991a-3c22-b145-c9eb3ed1a037,df166300-5a78-3502-a46a-832842197811,wellness,162673000,General examination of patient (procedure),136.80,914.78,914.78,,
5e688e99-61b3-5c88-13a4-1f4d3ea92f0a,2021-09-23T05:22:05Z,2021-09-23T05:37:05Z,5e688e99-61b3-5c88-3f60-21df8aaced27,0fedae9f-701f-3317-9b2f-69aea2202cdc,bcf26df0-9031-32e7-9e73-80c2e7d6f4bc,df166300-5a78-3502-a46a-832842197811,outpatient,698314001,Consultation for treatment (procedure),142.58,142.58,92.58,389095005,Contraception care (regime/therapy)
5e688e99-61b3-5c88-b160-3d7c1d47bcde,2022-05-25T05:43:09Z,2022-05-25T06:43:09Z,5e688e99-61b3-5c88-3f60-21df8aaced27,22fa6d28-92b6-3446-a388-f5aba50debaf,c4a966fe-e53d-3a58-a77f-eee4c194aeff,df166300-5a78-3502-a46a-832842197811,emergency,50849002,Emergency room admission (procedure),146.18,146.18,15.25,384709000,Sprain (morphologic abnormality)
5e688e99-61b3-5c88-3f6d-d6d317421b1c,2023-06-24T05:22:05Z,2023-06-24T06:07:46Z,5e688e99-61b3-5c88-3f60-21df8aaced27,79d49935-bcc0-36ca-920b-45365c367438,7120be39-991a-3c22-b145-c9eb3ed1a037,df166300-5a78-3502-a46a-832842197811,wellness,162673000,General examination of patient (procedure),136.80,778.78,678.78,,
5e688e99-61b3-5c88-9d11-4b5c133ed42f,2023-07-08T05:22:05Z,2023-07-08T06:22:56Z,5e688e99-61b3-5c88-3f60-21df8aaced27,0fedae9f-701f-3317-9b2f-69aea2202cdc,bcf26df0-9031-32e7-9e73-80c2e7d6f4bc,df166300-5a78-3502-a46a-832842197811,ambulatory,185349003,Encounter for check up (procedure),85.55,137.16,87.16,66383009,Gingivitis (disorder)
5e688e99-61b3-5c88-f288-3e0f2fe9765e,2024-11-16T05:22:05Z,2024-11-16T05:53:43Z,5e688e99-61b3-5c88-3f60-21df8aaced27,0fedae9f-701f-3317-9b2f-69aea2202cdc,bcf26df0-9031-32e7-9e73-80c2e7d6f4bc,df166300-5a78-3502-a46a-832842197811,outpatient,185349003,Encounter for check up (procedure),85.55,652.95,502.95,,
5e688e99-61b3-5c88-c4f9-f6c1de5d3d24,2024-11-23T05:22:05Z,2024-11-23T05:37:05Z,5e688e99-61b3-5c88-3f60-21df8aaced27,0fedae9f-701f-3317-9b2f-69aea2202cdc,bcf26df0-9031-32e7-9e73-80c2e7d6f4bc,df166300-5a78-3502-a46a-832842197811,ambulatory,185345009,Encounter for symptom (procedure),85.55,85.55,35.55,444814009,Viral sinusitis (disorder)
5e688e99-61b3-5c88-0fab-dcb0a33824a6,2024-11-30T05:22:05Z,2024-11-30T05:37:05Z,5e688e99-61b3-5c88-3f60-21df8aaced27,0fedae9f-701f-3317-9b2f-69aea2202cdc,bcf26df0-9031-32e7-9e73-80c2e7d6f4bc,df166300-5a78-3502-a46a-832842197811,ambulatory,424441002,Prenatal initial visit (regime/therapy),142.58,42231.22,42181.22,72892002,Normal pregnancy (finding)
5e688e99-61b3-5c88-2c9d-b35c8aea421a,2024-11-30T05:22:05Z,2024-11-30T06:31:14Z,5e688e99-61b3-5c88-3f60-21df8aaced27,0fedae9f-701f-3317-9b2f-69aea2202cdc,bcf26df0-9031-32e7-9e73-80c2e7d6f4bc,df166300-5a78-3502-a46a-832842197811,ambulatory,185347001,Encounter for problem (procedure),85.55,991.66,941.66,271737000,Anemia (disorder)
5e688e99-61b3-5c88-4161-6bd9f7f67100,2024-12-28T06:31:14Z,2024-12-28T06:46:14Z,5e688e99-61b3-5c88-3f60-21df8aaced27,0fedae9f-701f-3317-9b2f-69aea2202cdc,bcf26df0-9031-32e7-9e73-80c2e7d6f4bc,df166300-5a78-3502-a46a-832842197811,ambulatory,424619006,Prenatal visit (regime/therapy),142.58,14431.47,14381.47,72892002,Normal pregnancy (finding)
5e688e99-61b3-5c88-4b78-97f5b42a4ae3,2025-01-25T06:31:14Z,2025-01-25T06:46:14Z,5e688e99-61b3-5c88-3f60-21df8aaced27,0fedae9f-701f-3317-9b2f-69aea2202cdc,bcf26df0-9031-32e7-9e73-80c2e7d6f4bc,df166300-5a78-3502-a46a-832842197811,ambulatory,424619006,Prenatal visit (regime/therapy),142.58,8420.63,8370.63,72892002,Normal pregnancy (finding)
5e688e99-61b3-5c88-fe1e-5f44f75f49ed,2025-02-07T05:22:05Z,2025-02-07T05:37:05Z,5e688e99-61b3-5c88-3f60-21df8aaced27,0fedae9f-701f-3317-9b2f-69aea2202cdc,bcf26df0-9031-32e7-9e73-80c2e7d6f4bc,df166300-5a78-3502-a46a-832842197811,ambulatory,185345009,Encounter for symptom (procedure),85.55,948.35,898.35,195662009,Acute viral pharyngitis (disorder)
5e688e99-61b3-5c88-e6e8-c10d2ecef83d,2025-02-22T06:31:14Z,2025-02-22T06:46:14Z,5e688e99-61b3-5c88-3f60-21df8aaced27,0fedae9f-701f-3317-9b2f-69aea2202cdc,bcf26df0-9031-32e7-9e73-80c2e7d6f4bc,df166300-5a78-3502-a46a-832842197811,ambulatory,424619006,Prenatal visit (regime/therapy),142.58,11455.90,11405.90,72892002,Normal pregnancy (finding)
5e688e99-61b3-5c88-8048-01c514e299f7,2025-03-22T06:31:14Z,2025-03-22T06:46:14Z,5e688e99-61b3-5c88-3f60-21df8aaced27,0fedae9f-701f-3317-9b2f-69aea2202cdc,bcf26df0-9031-32e7-9e73-80c2e7d6f4bc,df166300-5a78-3502-a46a-832842197811,ambulatory,424619006,Prenatal visit (regime/therapy),142.58,5028.83,4978.83,72892002,Normal pregnancy (finding)
5e688e99-61b3-5c88-07f7-925259c651db,2025-04-19T06:31:14Z,2025-04-19T06:46:14Z,5e688e99-61b3-5c88-3f60-21df8aaced27,0fedae9f-701f-3317-9b2f-69aea2202cdc,bcf26df0-9031-32e7-9e73-80c2e7d6f4bc,df166300-5a78-3502-a46a-832842197811,ambulatory,424619006,Prenatal visit (regime/therapy),142.58,8612.77,8462.77,72892002,Normal pregnancy (finding)
5e688e99-61b3-5c88-7c9d-381b8c607548,2025-05-17T06:31:14Z,2025-05-17T06:46:14Z,5e688e99-61b3-5c88-3f60-21df8aaced27,0fedae9f-701f-3317-9b2f-69aea2202cdc,bcf26df0-9031-32e7-9e73-80c2e7d6f4bc,df166300-5a78-3502-a46a-832842197811,ambulatory,424619006,Prenatal visit (regime/therapy),142.58,5739.10,5689.10,72892002,Normal pregnancy (finding)
5e688e99-61b3-5c88-fd8c-38bc1475be56,2025-06-14T06:31:14Z,2025-06-14T06:46:14Z,5e688e99-61b3-5c88-3f60-21df8aaced27,0fedae9f-701f-3317-9b2f-69aea2202cdc,bcf26df0-9031-32e7-9e73-80c2e7d6f4bc,df166300-5a78-3502-a46a-832842197811,ambulatory,424619006,Prenatal visit (regime/therapy),142.58,5655.60,5605.60,72892002,Normal pregnancy (finding)
5e688e99-61b3-5c88-1f10-da34aa246b19,2025-06-28T06:31:14Z,2025-06-28T07:31:14Z,5e688e99-61b3-5c88-3f60-21df8aaced27,22fa6d28-92b6-3446-a388-f5aba50debaf,c4a966fe-e53d-3a58-a77f-eee4c194aeff,df166300-5a78-3502-a46a-832842197811,emergency,183460006,Obstetric emergency hospital admission (procedure),146.18,577.58,527.58,72892002,Normal pregnancy (finding)
5e688e99-61b3-5c88-45ff-582735929a8c,2025-08-12T05:43:09Z,2025-08-12T06:57:09Z,5e688e99-61b3-5c88-3f60-21df8aaced27,22fa6d28-92b6-3446-a388-f5aba50debaf,c4a966fe-e53d-3a58-a77f-eee4c194aeff,df166300-5a78-3502-a46a-832842197811,emergency,50849002,Emergency room admission (procedure),146.18,1008.98,958.98,125605004,Fracture of bone (disorder)
5e688e99-61b3-5c88-6065-805c2c49b70e,2025-08-09T06:31:14Z,2025-08-09T06:46:14Z,5e688e99-61b3-5c88-3f60-21df8aaced27,0fedae9f-701f-3317-9b2f-69aea2202cdc,bcf26df0-9031-32e7-9e73-80c2e7d6f4bc,df166300-5a78-3502-a46a-832842197811,ambulatory,169762003,Postnatal visit (regime/therapy),142.58,1005.38,955.38,,
5e688e99-61b3-5c88-ee9a-5611c0205c3d,2025-09-02T05:22:05Z,2025-09-02T05:37:05Z,5e688e99-61b3-5c88-3f60-21df8aaced27,0fedae9f-701f-3317-9b2f-69aea2202cdc,bcf26df0-9031-32e7-9e73-80c2e7d6f4bc,df166300-5a78-3502-a46a-832842197811,outpatient,698314001,Consultation for treatment (procedure),142.58,142.58,92.58,389095005,Contraception care (regime/therapy)
5e688e99-61b3-5c88-4b2c-4f0c078be103,2025-12-07T06:57:09Z,2025-12-07T07:12:09Z,5e688e99-61b3-5c88-3f60-21df8aaced27,0fedae9f-701f-3317-9b2f-69aea2202cdc,bcf26df0-9031-32e7-9e73-80c2e7d6f4bc,df166300-5a78-3502-a46a-832842197811,ambulatory,185349003,Encounter for check up (procedure),85.55,85.55,35.55,58150001,Fracture of clavicle (disorder)
5e688e99-61b3-5c88-51ad-d96d2c72034a,2026-04-11T05:22:05Z,2026-04-11T06:18:40Z,5e688e99-61b3-5c88-3f60-21df8aaced27,79d49935-bcc0-36ca-920b-45365c367438,7120be39-991a-3c22-b145-c9eb3ed1a037,df166300-5a78-3502-a46a-832842197811,wellness,162673000,General examination of patient (procedure),136.80,1410.91,1310.91,,
5e688e99-61b3-5c88-01eb-1ff2b025f019,2026-04-25T05:22:05Z,2026-04-25T05:43:27Z,5e688e99-61b3-5c88-3f60-21df8aaced27,0fedae9f-701f-3317-9b2f-69aea2202cdc,bcf26df0-9031-32e7-9e73-80c2e7d6f4bc,df166300-5a78-3502-a46a-832842197811,ambulatory,185349003,Encounter for check up (procedure),85.55,87.20,37.20,66383009,Gingivitis (disorder)
5e688e99-61b3-5c88-5744-899590ad2fe5,2026-06-13T02:22:05Z,2026-06-13T02:40:35Z,5e688e99-61b3-5c88-3f60-21df8aaced27,0fedae9f-701f-3317-9b2f-69aea2202cdc,bcf26df0-9031-32e7-9e73-80c2e7d6f4bc,df166300-5a78-3502-a46a-832842197811,ambulatory,185345009,Encounter for symptom (procedure),85.55,142.78,92.78,10509002,Acute bronchitis (disorder)
5e688e99-61b3-5c88-dda4-6d5d8aa391a9,2026-06-20T05:22:05Z,2026-06-20T06:07:49Z,5e688e99-61b3-5c88-3f60-21df8aaced27,a14e698d-a9ba-3eae-9c8b-682ec726433d,0187e778-849d-39b1-9af0-d465777ec596,df166300-5a78-3502-a46a-832842197811,urgentcare,702927004,Urgent care clinic (environment),142.58,925.68,875.68,,
5e688e99-61b3-5c88-524e-462dfe63e806,2026-06-27T05:22:05Z,2026-06-27T05:37:05Z,5e688e99-61b3-5c88-3f60-21df8aaced27,0fedae9f-701f-3317-9b2f-69aea2202cdc,bcf26df0-9031-32e7-9e73-80c2e7d6f4bc,df166300-5a78-3502-a46a-832842197811,outpatient,185349003,Encounter for check up (procedure),85.55,948.35,898.35,,
5e688e99-61b3-5c88-da6e-7de81b212361,2026-07-04T05:22:05Z,2026-07-04T06:19:22Z,5e688e99-61b3-5c88-3f60-21df8aaced27,0fedae9f-701f-3317-9b2f-69aea2202cdc,bcf26df0-9031-32e7-9e73-80c2e7d6f4bc,df166300-5a78-3502-a46a-832842197811,ambulatory,185349003,Encounter for check up (procedure),85.55,212.69,162.69,66383009,Gingivitis (disorder)
5e688e99-61b3-5c88-70f6-7b0eef1e838e,2026-08-28T05:22:05Z,2026-08-28T05:37:05Z,5e688e99-61b3-5c88-3f60-21df8aaced27,0fedae9f-701f-3317-9b2f-69aea2202cdc,bcf26df0-9031-32e7-9e73-80c2e7d6f4bc,df166300-5a78-3502-a46a-832842197811,outpatient,698314001,Consultation for treatment (procedure),142.58,142.58,92.58,389095005,Contraception care (regime/therapy)
46976cf7-b0bf-be20-2acf-58318eeffd59,2004-06-20T03:11:04Z,2004-06-20T03:26:04Z,46976cf7-b0bf-be20-39a5-9f425a52886d,d70d47dc-b40c-3a04-8342-35cbfe716409,dea58a5f-edf4-3374-a301-212036804eb3,e03e23c9-4df1-3eb6-a62d-f70f02301496,wellness,410620009,Well child visit (procedure),136.80,1641.58,0.00,,
46976cf7-b0bf-be20-031c-622ba299d158,2005-06-26T03:11:04Z,2005-06-26T03:26:04Z,46976cf7-b0bf-be20-39a5-9f425a52886d,d70d47dc-b40c-3a04-8342-35cbfe716409,dea58a5f-edf4-3374-a301-212036804eb3,e03e23c9-4df1-3eb6-a62d-f70f02301496,wellness,410620009,Well child visit (procedure),136.80,1086.45,0.00,,
46976cf7-b0bf-be20-464c-83c181876969,2006-07-02T03:11:04Z,2006-07-02T03:42:37Z,46976cf7-b0bf-be20-39a5-9f425a52886d,d70d47dc-b40c-3a04-8342-35cbfe716409,dea58a5f-edf4-3374-a301-212036804eb3,e03e23c9-4df1-3eb6-a62d-f70f02301496,wellness,162673000,General examination of patient (procedure),136.80,704.20,0.00,,
46976cf7-b0bf-be20-9dcc-413b12f5a757,2007-07-08T03:11:04Z,2007-07-08T04:08:34Z,46976cf7-b0bf-be20-39a5-9f425a52886d,d70d47dc-b40c-3a04-8342-35cbfe716409,dea58a5f-edf4-3374-a301-212036804eb3,e03e23c9-4df1-3eb6-a62d-f70f02301496,wellness,162673000,General examination of patient (procedure),136.80,704.20,0.00,,
46976cf7-b0bf-be20-aa43-69c9d4672f4d,2012-06-05T03:11:04Z,2012-06-05T03:26:04Z,46976cf7-b0bf-be20-39a5-9f425a52886d,125eccb3-d003-34ea-9bd8-360dff059782,106e92de-0822-394f-b10f-92e9d7fcdf66,e03e23c9-4df1-3eb6-a62d-f70f02301496,ambulatory,424619006,Prenatal visit (regime/therapy),142.58,1005.38,0.00,267253006,Fetus with chromosomal abnormality (disorder)
46976cf7-b0bf-be20-bbdc-773381b4d96f,2019-07-21T03:11:04Z,2019-07-21T04:04:54Z,46976cf7-b0bf-be20-39a5-9f425a52886d,d70d47dc-b40c-3a04-8342-35cbfe716409,dea58a5f-edf4-3374-a301-212036804eb3,e03e23c9-4df1-3eb6-a62d-f70f02301496,wellness,162673000,General examination of patient (procedure),136.80,1130.48,0.00,,
46976cf7-b0bf-be20-16e1-179032ff8d04,2020-11-01T03:11:04Z,2020-11-01T03:26:04Z,46976cf7-b0bf-be20-39a5-9f425a52886d,125eccb3-d003-34ea-9bd8-360dff059782,106e92de-0822-394f-b10f-92e9d7fcdf66,e03e23c9-4df1-3eb6-a62d-f70f02301496,ambulatory,185345009,Encounter for symptom (procedure),85.55,3322.26,0.00,10509002,Acute bronchitis (disorder)
46976cf7-b0bf-be20-2835-39712c540124,2021-10-03T03:11:04Z,2021-10-03T03:26:04Z,46976cf7-b0bf-be20-39a5-9f425a52886d,125eccb3-d003-34ea-9bd8-360dff059782,106e92de-0822-394f-b10f-92e9d7fcdf66,e03e23c9-4df1-3eb6-a62d-f70f02301496,outpatient,33879002,Administration of vaccine to produce active immunity (procedure),142.58,278.58,0.00,,
46976cf7-b0bf-be20-a7f1-3fd066c8d0d9,2022-04-28T18:52:57Z,2022-04-28T19:32:11Z,46976cf7-b0bf-be20-39a5-9f425a52886d,125eccb3-d003-34ea-9bd8-360dff059782,106e92de-0822-394f-b10f-92e9d7fcdf66,e03e23c9-4df1-3eb6-a62d-f70f02301496,outpatient,698314001,Consultation for treatment (procedure),142.58,9780.77,0.00,389095005,Contraception care (regime/therapy)
46976cf7-b0bf-be20-6164-6bcb6354bf92,2022-07-24T03:11:04Z,2022-07-24T03:41:54Z,46976cf7-b0bf-be20-39a5-9f425a52886d,d70d47dc-b40c-3a04-8342-35cbfe716409,dea58a5f-edf4-3374-a301-212036804eb3,e03e23c9-4df1-3eb6-a62d-f70f02301496,wellness,162673000,General examination of patient (procedure),136.80,853.36,0.00,,
46976cf7-b0bf-be20-5d29-50b6a924dd9b,2022-08-07T03:11:04Z,2022-08-07T03:30:27Z,46976cf7-b0bf-be20-39a5-9f425a52886d,125eccb3-d003-34ea-9bd8-360dff059782,106e92de-0822-394f-b10f-92e9d7fcdf66,e03e23c9-4df1-3eb6-a62d-f70f02301496,ambulatory,185349003,Encounter for check up (procedure),85.55,143.23,0.00,103697008,Patient referral for dental care (procedure)
46976cf7-b0bf-be20-b2a3-533be8033fb4,2022-08-31T15:11:04Z,2022-08-31T15:26:04Z,46976cf7-b0bf-be20-39a5-9f425a52886d,125eccb3-d003-34ea-9bd8-360dff059782,106e92de-0822-394f-b10f-92e9d7fcdf66,e03e23c9-4df1-3eb6-a62d-f70f02301496,ambulatory,185345009,Encounter for symptom (procedure),85.55,85.55,0.00,195662009,Acute viral pharyngitis (disorder)
46976cf7-b0bf-be20-bb85-81be3a073ee3,2023-05-28T03:11:04Z,2023-05-28T04:03:46Z,46976cf7-b0bf-be20-39a5-9f425a52886d,125eccb3-d003-34ea-9bd8-360dff059782,106e92de-0822-394f-b10f-92e9d7fcdf66,e03e23c9-4df1-3eb6-a62d-f70f02301496,outpatient,308335008,Patient encounter procedure (procedure),142.58,15783.94,0.00,389095005,Contraception care (regime/therapy)
46976cf7-b0bf-be20-93f0-cea2ac9c909b,2023-08-13T03:11:04Z,2023-08-13T04:13:39Z,46976cf7-b0bf-be20-39a5-9f425a52886d,125eccb3-d003-34ea-9bd8-360dff059782,106e92de-0822-394f-b10f-92e9d7fcdf66,e03e23c9-4df1-3eb6-a62d-f70f02301496,outpatient,308335008,Patient encounter procedure (procedure),142.58,573.98,0.00,389095005,Contraception care (regime/therapy)
46976cf7-b0bf-be20-7be3-f002e5b444b1,2023-08-20T03:11:04Z,2023-08-20T03:26:04Z,46976cf7-b0bf-be20-39a5-9f425a52886d,125eccb3-d003-34ea-9bd8-360dff059782,106e92de-0822-394f-b10f-92e9d7fcdf66,e03e23c9-4df1-3eb6-a62d-f70f02301496,ambulatory,185345009,Encounter for symptom (procedure),85.55,948.35,0.00,195662009,Acute viral pharyngitis (disorder)
46976cf7-b0bf-be20-6115-13268e8eaa53,2023-10-01T03:11:04Z,2023-10-01T03:26:04Z,46976cf7-b0bf-be20-39a5-9f425a52886d,125eccb3-d003-34ea-9bd8-360dff059782,106e92de-0822-394f-b10f-92e9d7fcdf66,e03e23c9-4df1-3eb6-a62d-f70f02301496,ambulatory,424441002,Prenatal initial visit (regime/therapy),142.58,19497.52,0.00,72892002,Normal pregnancy (finding)
46976cf7-b0bf-be20-8b80-cd7730ff98ab,2023-10-09T03:11:04Z,2023-10-09T03:26:04Z,46976cf7-b0bf-be20-39a5-9f425a52886d,125eccb3-d003-34ea-9bd8-360dff059782,106e92de-0822-394f-b10f-92e9d7fcdf66,e03e23c9-4df1-3eb6-a62d-f70f02301496,ambulatory,270427003,Patient-initiated encounter (procedure),85.55,11406.33,0.00,72892002,Normal pregnancy (finding)
46976cf7-b0bf-be20-1ac6-da64a4dc24a6,2023-10-22T03:11:04Z,2023-10-22T03:26:04Z,46976cf7-b0bf-be20-39a5-9f425a52886d,125eccb3-d003-34ea-9bd8-360dff059782,106e92de-0822-394f-b10f-92e9d7fcdf66,e03e23c9-4df1-3eb6-a62d-f70f02301496,ambulatory,424619006,Prenatal visit (regime/therapy),142.58,1868.18,0.00,72892002,Normal pregnancy (finding)
46976cf7-b0bf-be20-3ddf-9e2ffc805076,2025-03-19T22:11:04Z,2025-03-19T22:26:04Z,46976cf7-b0bf-be20-39a5-9f425a52886d,125eccb3-d003-34ea-9bd8-360dff059782,106e92de-0822-394f-b10f-92e9d7fcdf66,e03e23c9-4df1-3eb6-a62d-f70f02301496,ambulatory,185345009,Encounter for symptom (procedure),85.55,85.55,0.00,444814009,Viral sinusitis (disorder)
46976cf7-b0bf-be20-6b93-17f2dec5430e,2025-04-12T19:32:11Z,2025-04-12T19:47:11Z,46976cf7-b0bf-be20-39a5-9f425a52886d,125eccb3-d003-34ea-9bd8-360dff059782,106e92de-0822-394f-b10f-92e9d7fcdf66,e03e23c9-4df1-3eb6-a62d-f70f02301496,outpatient,698314001,Consultation for treatment (procedure),142.58,142.58,0.00,389095005,Contraception care (regime/therapy)
46976cf7-b0bf-be20-4b2b-6b711eed0535,2025-07-27T03:11:04Z,2025-07-27T04:02:44Z,46976cf7-b0bf-be20-39a5-9f425a52886d,d70d47dc-b40c-3a04-8342-35cbfe716409,dea58a5f-edf4-3374-a301-212036804eb3,e03e23c9-4df1-3eb6-a62d-f70f02301496,wellness,162673000,General examination of patient (procedure),136.80,778.78,0.00,,
46976cf7-b0bf-be20-5ace-6f80d5d13968,2025-09-20T02:11:04Z,2025-09-20T02:26:04Z,46976cf7-b0bf-be20-39a5-9f425a52886d,125eccb3-d003-34ea-9bd8-360dff059782,106e92de-0822-394f-b10f-92e9d7fcdf66,e03e23c9-4df1-3eb6-a62d-f70f02301496,ambulatory,185345009,Encounter for symptom (procedure),85.55,85.55,0.00,195662009,Acute viral pharyngitis (disorder)
46976cf7-b0bf-be20-7966-424284537147,2025-09-28T03:11:04Z,2025-09-28T04:10:08Z,46976cf7-b0bf-be20-39a5-9f425a52886d,125eccb3-d003-34ea-9bd8-360dff059782,106e92de-0822-394f-b10f-92e9d7fcdf66,e03e23c9-4df1-3eb6-a62d-f70f02301496,outpatient,185349003,Encounter for check up (procedure),85.55,652.95,0.00,,
46976cf7-b0bf-be20-3f5c-e2328b5874bb,2025-10-12T03:11:04Z,2025-10-12T03:39:55Z,46976cf7-b0bf-be20-39a5-9f425a52886d,125eccb3-d003-34ea-9bd8-360dff059782,106e92de-0822-394f-b10f-92e9d7fcdf66,e03e23c9-4df1-3eb6-a62d-f70f02301496,ambulatory,185349003,Encounter for check up (procedure),85.55,99.38,0.00,103697008,Patient referral for dental care (procedure)
46976cf7-b0bf-be20-b3fc-900ed294a278,2026-04-07T19:32:11Z,2026-04-07T19:47:11Z,46976cf7-b0bf-be20-39a5-9f425a52886d,125eccb3-d003-34ea-9bd8-360dff059782,106e92de-0822-394f-b10f-92e9d7fcdf66,e03e23c9-4df1-3eb6-a62d-f70f02301496,outpatient,698314001,Consultation for treatment (procedure),142.58,142.58,0.00,389095005,Contraception care (regime/therapy)
46976cf7-b0bf-be20-848e-5b564cb640c4,2026-04-12T14:32:11Z,2026-04-12T15:26:51Z,46976cf7-b0bf-be20-39a5-9f425a52886d,125eccb3-d003-34ea-9bd8-360dff059782,106e92de-0822-394f-b10f-92e9d7fcdf66,e03e23c9-4df1-3eb6-a62d-f70f02301496,outpatient,308335008,Patient encounter procedure (procedure),142.58,9766.19,0.00,389095005,Contraception care (regime/therapy)
46976cf7-b0bf-be20-533c-118282a49048,2026-08-17T13:11:04Z,2026-08-17T13:26:04Z,46976cf7-b0bf-be20-39a5-9f425a52886d,125eccb3-d003-34ea-9bd8-360dff059782,106e92de-0822-394f-b10f-92e9d7fcdf66,e03e23c9-4df1-3eb6-a62d-f70f02301496,ambulatory,185345009,Encounter for symptom (procedure),85.55,85.55,0.00,444814009,Viral sinusitis (disorder)
76b20010-c318-5754-d1fa-def24faf2b88,2007-11-09T01:52:48Z,2007-11-09T02:13:34Z,76b20010-c318-5754-8c85-983aa538522f,ba07b31b-bf14-39b8-be95-4c5ca5062daa,66ad092c-db46-363e-ae75-a54add99a69f,df166300-5a78-3502-a46a-832842197811,ambulatory,185349003,Encounter for check up (procedure),85.55,90.19,40.19,103697008,Patient referral for dental care (procedure)
76b20010-c318-5754-b73d-c61111eaca53,2010-11-12T01:52:48Z,2010-11-12T02:32:23Z,76b20010-c318-5754-8c85-983aa538522f,1b3fe590-8793-3f08-865d-01fc425a84d4,3286f75c-b57b-3ec1-8adc-56c3ed975dae,df166300-5a78-3502-a46a-832842197811,wellness,162673000,General examination of patient (procedure),136.80,919.90,819.90,,
76b20010-c318-5754-f936-54a1ac4ce741,2011-11-18T01:52:48Z,2011-11-18T02:27:17Z,76b20010-c318-5754-8c85-983aa538522f,1b3fe590-8793-3f08-865d-01fc425a84d4,3286f75c-b57b-3ec1-8adc-56c3ed975dae,df166300-5a78-3502-a46a-832842197811,wellness,162673000,General examination of patient (procedure),136.80,704.20,604.20,,
76b20010-c318-5754-317f-661a48467374,2015-12-31T01:52:48Z,2015-12-31T02:07:48Z,76b20010-c318-5754-8c85-983aa538522f,ba07b31b-bf14-39b8-be95-4c5ca5062daa,66ad092c-db46-363e-ae75-a54add99a69f,df166300-5a78-3502-a46a-832842197811,ambulatory,424619006,Prenatal visit (regime/therapy),142.58,1005.38,955.38,267253006,Fetus with chromosomal abnormality (disorder)
76b20010-c318-5754-78f5-c184387e6f34,2020-11-27T01:52:48Z,2020-11-27T02:41:33Z,76b20010-c318-5754-8c85-983aa538522f,1b3fe590-8793-3f08-865d-01fc425a84d4,3286f75c-b57b-3ec1-8adc-56c3ed975dae,df166300-5a78-3502-a46a-832842197811,wellness,162673000,General examination of patient (procedure),136.80,1540.81,1540.81,,
76b20010-c318-5754-c114-d19ba2bd5061,2021-09-10T01:52:48Z,2021-09-10T02:36:50Z,76b20010-c318-5754-8c85-983aa538522f,ba07b31b-bf14-39b8-be95-4c5ca5062daa,66ad092c-db46-363e-ae75-a54add99a69f,df166300-5a78-3502-a46a-832842197811,ambulatory,185345009,Encounter for symptom (procedure),85.55,235.03,185.03,840544004,Suspected disease caused by Severe acute respiratory coronavirus 2 (situation)
76b20010-c318-5754-acf6-835fbe50892a,2021-12-31T01:52:48Z,2021-12-31T02:51:21Z,76b20010-c318-5754-8c85-983aa538522f,ba07b31b-bf14-39b8-be95-4c5ca5062daa,66ad092c-db46-363e-ae75-a54add99a69f,df166300-5a78-3502-a46a-832842197811,outpatient,185349003,Encounter for check up (procedure),85.55,1270.12,1120.12,,
76b20010-c318-5754-61cf-80b62b3ca222,2022-01-07T01:52:48Z,2022-01-07T02:16:20Z,76b20010-c318-5754-8c85-983aa538522f,ba07b31b-bf14-39b8-be95-4c5ca5062daa,66ad092c-db46-363e-ae75-a54add99a69f,df166300-5a78-3502-a46a-832842197811,ambulatory,185345009,Encounter for symptom (procedure),85.55,255.89,205.89,10509002,Acute bronchitis (disorder)
76b20010-c318-5754-ee86-2a8da6435b7e,2022-01-14T01:52:48Z,2022-01-14T02:51:45Z,76b20010-c318-5754-8c85-983aa538522f,ba07b31b-bf14-39b8-be95-4c5ca5062daa,66ad092c-db46-363e-ae75-a54add99a69f,df166300-5a78-3502-a46a-832842197811,ambulatory,185349003,Encounter for check up (procedure),85.55,86.85,36.85,66383009,Gingivitis (disorder)
76b20010-c318-5754-6a3d-2788944f8da1,2022-02-11T01:52:48Z,2022-02-11T02:07:48Z,76b20010-c318-5754-8c85-983aa538522f,ba07b31b-bf14-39b8-be95-4c5ca5062daa,66ad092c-db46-363e-ae75-a54add99a69f,df166300-5a78-3502-a46a-832842197811,ambulatory,424441002,Prenatal initial visit (regime/therapy),142.58,36830.08,36780.08,72892002,Normal pregnancy (finding)
76b20010-c318-5754-4698-3081a77b4398,2022-03-11T01:52:48Z,2022-03-11T02:07:48Z,76b20010-c318-5754-8c85-983aa538522f,ba07b31b-bf14-39b8-be95-4c5ca5062daa,66ad092c-db46-363e-ae75-a54add99a69f,df166300-5a78-3502-a46a-832842197811,ambulatory,424619006,Prenatal visit (regime/therapy),142.58,5528.76,5478.76,72892002,Normal pregnancy (finding)
76b20010-c318-5754-22fd-4128910045f3,2022-04-08T01:52:48Z,2022-04-08T02:07:48Z,76b20010-c318-5754-8c85-983aa538522f,ba07b31b-bf14-39b8-be95-4c5ca5062daa,66ad092c-db46-363e-ae75-a54add99a69f,df166300-5a78-3502-a46a-832842197811,ambulatory,424619006,Prenatal visit (regime/therapy),142.58,8794.57,8744.57,72892002,Normal pregnancy (finding)
76b20010-c318-5754-561f-9039d4014f79,2022-05-06T01:52:48Z,2022-05-06T02:07:48Z,76b20010-c318-5754-8c85-983aa538522f,ba07b31b-bf14-39b8-be95-4c5ca5062daa,66ad092c-db46-363e-ae75-a54add99a69f,df166300-5a78-3502-a46a-832842197811,ambulatory,424619006,Prenatal visit (regime/therapy),142.58,5344.30,5294.30,72892002,Normal pregnancy (finding)
76b20010-c318-5754-b9be-b937b27a39e3,2022-06-03T01:52:48Z,2022-06-03T02:07:48Z,76b20010-c318-5754-8c85-983aa538522f,ba07b31b-bf14-39b8-be95-4c5ca5062daa,66ad092c-db46-363e-ae75-a54add99a69f,df166300-5a78-3502-a46a-832842197811,ambulatory,424619006,Prenatal visit (regime/therapy),142.58,11432.72,11382.72,72892002,Normal pregnancy (finding)
76b20010-c318-5754-b102-7661639cc7ec,2022-07-01T01:52:48Z,2022-07-01T02:07:48Z,76b20010-c318-5754-8c85-983aa538522f,ba07b31b-bf14-39b8-be95-4c5ca5062daa,66ad092c-db46-363e-ae75-a54add99a69f,df166300-5a78-3502-a46a-832842197811,ambulatory,424619006,Prenatal visit (regime/therapy),142.58,14469.69,14419.69,72892002,Normal pregnancy (finding)
76b20010-c318-5754-c00a-0b183c4bd3a6,2022-07-29T01:52:48Z,2022-07-29T02:07:48Z,76b20010-c318-5754-8c85-983aa538522f,ba07b31b-bf14-39b8-be95-4c5ca5062daa,66ad092c-db46-363e-ae75-a54add99a69f,df166300-5a78-3502-a46a-832842197811,ambulatory,424619006,Prenatal visit (regime/therapy),142.58,5917.69,5867.69,72892002,Normal pregnancy (finding)
76b20010-c318-5754-bb2b-5fee2d3af154,2022-08-26T01:52:48Z,2022-08-26T02:07:48Z,76b20010-c318-5754-8c85-983aa538522f,ba07b31b-bf14-39b8-be95-4c5ca5062daa,66ad092c-db46-363e-ae75-a54add99a69f,df166300-5a78-3502-a46a-832842197811,ambulatory,424619006,Prenatal visit (regime/therapy),142.58,14802.00,14752.00,72892002,Normal pregnancy (finding)
76b20010-c318-5754-43c3-7f1dce778ee6,2022-09-09T01:52:48Z,2022-09-09T02:07:48Z,76b20010-c318-5754-8c85-983aa538522f,ba07b31b-bf14-39b8-be95-4c5ca5062daa,66ad092c-db46-363e-ae75-a54add99a69f,df166300-5a78-3502-a46a-832842197811,ambulatory,424619006,Prenatal visit (regime/therapy),142.58,6349.27,6299.27,72892002,Normal pregnancy (finding)
76b20010-c318-5754-034d-8267f2a26793,2022-09-16T01:52:48Z,2022-09-16T02:52:48Z,76b20010-c318-5754-8c85-983aa538522f,02c936e2-3aee-38b2-88a4-81f3689b7bb7,8a9cee3b-b034-3189-807d-36fd568f20b3,df166300-5a78-3502-a46a-832842197811,emergency,183460006,Obstetric emergency hospital admission (procedure),146.18,2925.60,2875.60,72892002,Normal pregnancy (finding)
76b20010-c318-5754-15e8-85c5fb6bd2af,2022-10-28T01:52:48Z,2022-10-28T02:07:48Z,76b20010-c318-5754-8c85-983aa538522f,ba07b31b-bf14-39b8-be95-4c5ca5062daa,66ad092c-db46-363e-ae75-a54add99a69f,df166300-5a78-3502-a46a-832842197811,ambulatory,169762003,Postnatal visit (regime/therapy),142.58,1005.38,855.38,,
76b20010-c318-5754-6ae6-909e1fca9253,2022-11-04T01:52:48Z,2022-11-04T02:07:48Z,76b20010-c318-5754-8c85-983aa538522f,ba07b31b-bf14-39b8-be95-4c5ca5062daa,66ad092c-db46-363e-ae75-a54add99a69f,df166300-5a78-3502-a46a-832842197811,outpatient,698314001,Consultation for treatment (procedure),142.58,142.58,92.58,389095005,Contraception care (regime/therapy)
76b20010-c318-5754-2422-0969cb19944f,2023-12-01T01:52:48Z,2023-12-01T02:28:42Z,76b20010-c318-5754-8c85-983aa538522f,1b3fe590-8793-3f08-865d-01fc425a84d4,3286f75c-b57b-3ec1-8adc-56c3ed975dae,df166300-5a78-3502-a46a-832842197811,wellness,162673000,General examination of patient (procedure),136.80,914.78,814.78,,
76b20010-c318-5754-2934-0ff857c1fd66,2025-10-17T01:52:48Z,2025-10-17T02:07:48Z,76b20010-c318-5754-8c85-983aa538522f,ba07b31b-bf14-39b8-be95-4c5ca5062daa,66ad092c-db46-363e-ae75-a54add99a69f,df166300-5a78-3502-a46a-832842197811,ambulatory,424441002,Prenatal initial visit (regime/therapy),142.58,6453.97,6303.97,72892002,Normal pregnancy (finding)
76b20010-c318-5754-1f69-a279309076c8,2025-11-05T01:52:48Z,2025-11-05T02:07:48Z,76b20010-c318-5754-8c85-983aa538522f,ba07b31b-bf14-39b8-be95-4c5ca5062daa,66ad092c-db46-363e-ae75-a54add99a69f,df166300-5a78-3502-a46a-832842197811,ambulatory,424619006,Prenatal visit (regime/therapy),142.58,1005.38,955.38,156073000,Complete miscarriage (disorder)
76b20010-c318-5754-aea6-fc460533a030,2026-02-27T01:52:48Z,2026-02-27T02:07:48Z,76b20010-c318-5754-8c85-983aa538522f,ba07b31b-bf14-39b8-be95-4c5ca5062daa,66ad092c-db46-363e-ae75-a54add99a69f,df166300-5a78-3502-a46a-832842197811,ambulatory,424441002,Prenatal initial visit (regime/therapy),142.58,44371.47,44321.47,72892002,Normal pregnancy (finding)
76b20010-c318-5754-f918-90ca7845ff29,2026-03-27T01:52:48Z,2026-03-27T02:07:48Z,76b20010-c318-5754-8c85-983aa538522f,ba07b31b-bf14-39b8-be95-4c5ca5062daa,66ad092c-db46-363e-ae75-a54add99a69f,df166300-5a78-3502-a46a-832842197811,ambulatory,424619006,Prenatal visit (regime/therapy),142.58,11703.25,11653.25,72892002,Normal pregnancy (finding)
76b20010-c318-5754-0a98-918bba1d90b9,2026-04-24T01:52:48Z,2026-04-24T02:07:48Z,76b20010-c318-5754-8c85-983aa538522f,ba07b31b-bf14-39b8-be95-4c5ca5062daa,66ad092c-db46-363e-ae75-a54add99a69f,df166300-5a78-3502-a46a-832842197811,ambulatory,424619006,Prenatal visit (regime/therapy),142.58,5960.16,5910.16,72892002,Normal pregnancy (finding)
76b20010-c318-5754-bb30-2211c551abff,2026-05-22T01:52:48Z,2026-05-22T02:07:48Z,76b20010-c318-5754-8c85-983aa538522f,ba07b31b-bf14-39b8-be95-4c5ca5062daa,66ad092c-db46-363e-ae75-a54add99a69f,df166300-5a78-3502-a46a-832842197811,ambulatory,424619006,Prenatal visit (regime/therapy),142.58,8621.70,8571.70,72892002,Normal pregnancy (finding)
76b20010-c318-5754-e91d-34eebacc10cf,2026-06-19T01:52:48Z,2026-06-19T02:07:48Z,76b20010-c318-5754-8c85-983aa538522f,ba07b31b-bf14-39b8-be95-4c5ca5062daa,66ad092c-db46-363e-ae75-a54add99a69f,df166300-5a78-3502-a46a-832842197811,ambulatory,424619006,Prenatal visit (regime/therapy),142.58,8324.77,8274.77,72892002,Normal pregnancy (finding)
76b20010-c318-5754-c938-ce4ae04bd6d9,2026-07-17T01:52:48Z,2026-07-17T02:07:48Z,76b20010-c318-5754-8c85-983aa538522f,ba07b31b-bf14-39b8-be95-4c5ca5062daa,66ad092c-db46-363e-ae75-a54add99a69f,df166300-5a78-3502-a46a-832842197811,ambulatory,424619006,Prenatal visit (regime/therapy),142.58,16022.40,15972.40,72892002,Normal pregnancy (finding)
76b20010-c318-5754-9c35-629a41daaf7b,2026-08-14T01:52:48Z,2026-08-14T02:07:48Z,76b20010-c318-5754-8c85-983aa538522f,ba07b31b-bf14-39b8-be95-4c5ca5062daa,66ad092c-db46-363e-ae75-a54add99a69f,df166300-5a78-3502-a46a-832842197811,ambulatory,424619006,Prenatal visit (regime/therapy),142.58,15472.44,15422.44,72892002,Normal pregnancy (finding)
76b20010-c318-5754-df8c-8752c76c8b35,2026-09-11T01:52:48Z,2026-09-11T02:07:48Z,76b20010-c318-5754-8c85-983aa538522f,ba07b31b-bf14-39b8-be95-4c5ca5062daa,66ad092c-db46-363e-ae75-a54add99a69f,df166300-5a78-3502-a46a-832842197811,ambulatory,424619006,Prenatal visit (regime/therapy),142.58,13274.48,13224.48,72892002,Normal pregnancy (finding)
c86c400e-ff88-a1e3-2b32-ea8a78a86949,1999-01-30T19:18:57Z,1999-01-30T19:51:19Z,c86c400e-ff88-a1e3-2e23-caa4d8311f47,6cf8a214-8d57-3267-85e5-7719e15cd63e,4cc7e5fb-e2ac-343d-a192-99af23feee33,e03e23c9-4df1-3eb6-a62d-f70f02301496,ambulatory,185349003,Encounter for check up (procedure),85.55,134.74,0.00,103697008,Patient referral for dental care (procedure)
c86c400e-ff88-a1e3-e143-b9412748da6d,2004-02-14T19:18:57Z,2004-02-14T19:57:53Z,c86c400e-ff88-a1e3-2e23-caa4d8311f47,588f6ce6-b8db-3588-8189-29db2680a313,bf84829b-f1be-3b2d-b563-405cc1c4a017,e03e23c9-4df1-3eb6-a62d-f70f02301496,wellness,162673000,General examination of patient (procedure),136.80,704.20,0.00,,
c86c400e-ff88-a1e3-b426-de5cc8a846c4,2008-08-29T04:18:57Z,2008-08-29T04:33:57Z,c86c400e-ff88-a1e3-2e23-caa4d8311f47,6cf8a214-8d57-3267-85e5-7719e15cd63e,4cc7e5fb-e2ac-343d-a192-99af23feee33,8fa6c185-e44e-3e34-8bd8-39be8694f4ce,ambulatory,185345009,Encounter for symptom (procedure),85.55,92.93,0.00,75498004,Acute bacterial sinusitis (disorder)
c86c400e-ff88-a1e3-e930-9dc8f9395da0,2011-02-26T19:18:57Z,2011-02-26T19:54:40Z,c86c400e-ff88-a1e3-2e23-caa4d8311f47,588f6ce6-b8db-3588-8189-29db2680a313,bf84829b-f1be-3b2d-b563-405cc1c4a017,8fa6c185-e44e-3e34-8bd8-39be8694f4ce,wellness,162673000,General examination of patient (procedure),136.80,704.20,0.00,,
c86c400e-ff88-a1e3-4e27-8f7f45b164d5,2012-01-02T20:17:46Z,2012-01-03T20:17:46Z,c86c400e-ff88-a1e3-2e23-caa4d8311f47,6cf8a214-8d57-3267-85e5-7719e15cd63e,4cc7e5fb-e2ac-343d-a192-99af23feee33,8fa6c185-e44e-3e34-8bd8-39be8694f4ce,inpatient,305408004,Admission to surgical department (procedure),146.18,3817.64,0.00,183996000,Sterilization requested (situation)
c86c400e-ff88-a1e3-c54f-a5019100f939,2014-02-03T19:18:57Z,2014-02-03T19:33:57Z,c86c400e-ff88-a1e3-2e23-caa4d8311f47,6cf8a214-8d57-3267-85e5-7719e15cd63e,4cc7e5fb-e2ac-343d-a192-99af23feee33,734afbd6-4794-363b-9bc0-6a3981533ed5,outpatient,185347001,Encounter for problem (procedure),85.55,85.55,0.00,82423001,Chronic pain (finding)
c86c400e-ff88-a1e3-8c42-0173b2407bd5,2019-02-09T19:31:25Z,2019-02-09T20:31:25Z,c86c400e-ff88-a1e3-2e23-caa4d8311f47,b3312a2d-37e9-35a8-b50d-6c165c437baa,7c19e4ec-c781-3899-b692-776829b4a172,734afbd6-4794-363b-9bc0-6a3981533ed5,emergency,50849002,Emergency room admission (procedure),146.18,150.29,0.00,,
c86c400e-ff88-a1e3-afa9-14e7d4962158,2020-04-18T19:18:57Z,2020-04-18T19:50:15Z,c86c400e-ff88-a1e3-2e23-caa4d8311f47,588f6ce6-b8db-3588-8189-29db2680a313,bf84829b-f1be-3b2d-b563-405cc1c4a017,734afbd6-4794-363b-9bc0-6a3981533ed5,wellness,162673000,General examination of patient (procedure),136.80,1069.06,855.24,,
c86c400e-ff88-a1e3-3ee0-7ef06b756463,2021-06-05T19:18:57Z,2021-06-05T20:15:32Z,c86c400e-ff88-a1e3-2e23-caa4d8311f47,04b252db-4231-3cb5-963d-6f096fb4b97c,84aa5ae9-3636-395a-9791-9babf5235355,734afbd6-4794-363b-9bc0-6a3981533ed5,urgentcare,702927004,Urgent care clinic (environment),142.58,723.14,578.50,,
c86c400e-ff88-a1e3-d8b7-9d73aa799e30,2022-04-30T19:18:57Z,2022-04-30T20:18:10Z,c86c400e-ff88-a1e3-2e23-caa4d8311f47,588f6ce6-b8db-3588-8189-29db2680a313,bf84829b-f1be-3b2d-b563-405cc1c4a017,734afbd6-4794-363b-9bc0-6a3981533ed5,wellness,162673000,General examination of patient (procedure),136.80,927.94,0.00,,
c86c400e-ff88-a1e3-8cc7-24349aef6408,2022-05-07T19:18:57Z,2022-05-07T19:33:57Z,c86c400e-ff88-a1e3-2e23-caa4d8311f47,04b252db-4231-3cb5-963d-6f096fb4b97c,84aa5ae9-3636-395a-9791-9babf5235355,734afbd6-4794-363b-9bc0-6a3981533ed5,urgentcare,702927004,Urgent care clinic (environment),142.58,291.74,18.04,,
c86c400e-ff88-a1e3-dc22-c532cab848ad,2022-08-27T19:18:57Z,2022-08-27T20:13:03Z,c86c400e-ff88-a1e3-2e23-caa4d8311f47,6cf8a214-8d57-3267-85e5-7719e15cd63e,4cc7e5fb-e2ac-343d-a192-99af23feee33,734afbd6-4794-363b-9bc0-6a3981533ed5,outpatient,185349003,Encounter for check up (procedure),85.55,1519.33,1215.46,,
c86c400e-ff88-a1e3-b45a-441182d957ea,2022-09-10T19:18:57Z,2022-09-10T21:51:07Z,c86c400e-ff88-a1e3-2e23-caa4d8311f47,6cf8a214-8d57-3267-85e5-7719e15cd63e,4cc7e5fb-e2ac-343d-a192-99af23feee33,734afbd6-4794-363b-9bc0-6a3981533ed5,ambulatory,185349003,Encounter for check up (procedure),85.55,545.23,436.19,66383009,Gingivitis (disorder)
c86c400e-ff88-a1e3-500e-f04c1f936226,2023-05-06T19:18:57Z,2023-05-06T19:55:46Z,c86c400e-ff88-a1e3-2e23-caa4d8311f47,588f6ce6-b8db-3588-8189-29db2680a313,bf84829b-f1be-3b2d-b563-405cc1c4a017,0133f751-9229-3cfd-815f-b6d4979bdd6a,wellness,162673000,General examination of patient (procedure),136.80,1654.74,0.00,,
c86c400e-ff88-a1e3-926d-42d5ca6fc30c,2023-05-20T19:18:57Z,2023-05-20T19:51:49Z,c86c400e-ff88-a1e3-2e23-caa4d8311f47,6cf8a214-8d57-3267-85e5-7719e15cd63e,4cc7e5fb-e2ac-343d-a192-99af23feee33,0133f751-9229-3cfd-815f-b6d4979bdd6a,ambulatory,185349003,Encounter for check up (procedure),85.55,85.69,0.00,66383009,Gingivitis (disorder)
c86c400e-ff88-a1e3-e544-a67060af7659,2024-05-11T19:18:57Z,2024-05-11T20:08:03Z,c86c400e-ff88-a1e3-2e23-caa4d8311f47,588f6ce6-b8db-3588-8189-29db2680a313,bf84829b-f1be-3b2d-b563-405cc1c4a017,0133f751-9229-3cfd-815f-b6d4979bdd6a,wellness,162673000,General examination of patient (procedure),136.80,853.36,0.00,,
c86c400e-ff88-a1e3-50d8-a85851ff5ba0,2024-08-17T19:18:57Z,2024-08-17T20:11:01Z,c86c400e-ff88-a1e3-2e23-caa4d8311f47,6cf8a214-8d57-3267-85e5-7719e15cd63e,4cc7e5fb-e2ac-343d-a192-99af23feee33,0133f751-9229-3cfd-815f-b6d4979bdd6a,outpatient,185349003,Encounter for check up (procedure),85.55,802.11,0.00,,
c86c400e-ff88-a1e3-5063-7e614a48f625,2024-08-31T19:18:57Z,2024-08-31T21:02:25Z,c86c400e-ff88-a1e3-2e23-caa4d8311f47,6cf8a214-8d57-3267-85e5-7719e15cd63e,4cc7e5fb-e2ac-343d-a192-99af23feee33,0133f751-9229-3cfd-815f-b6d4979bdd6a,ambulatory,185349003,Encounter for check up (procedure),85.55,156.22,0.00,103697008,Patient referral for dental care (procedure)
c86c400e-ff88-a1e3-ff8a-073614fbb7fb,2024-12-14T19:18:57Z,2024-12-14T20:12:22Z,c86c400e-ff88-a1e3-2e23-caa4d8311f47,6cf8a214-8d57-3267-85e5-7719e15cd63e,4cc7e5fb-e2ac-343d-a192-99af23feee33,0133f751-9229-3cfd-815f-b6d4979bdd6a,outpatient,185349003,Encounter for check up (procedure),85.55,1305.39,0.00,,
c86c400e-ff88-a1e3-2a52-59c899d429cd,2025-02-08T19:18:57Z,2025-02-08T20:18:57Z,c86c400e-ff88-a1e3-2e23-caa4d8311f47,b3312a2d-37e9-35a8-b50d-6c165c437baa,7c19e4ec-c781-3899-b692-776829b4a172,0133f751-9229-3cfd-815f-b6d4979bdd6a,emergency,50849002,Emergency room admission (procedure),146.18,1521.24,0.00,,
c86c400e-ff88-a1e3-457d-927a8875192c,2025-02-15T19:18:57Z,2025-02-15T19:33:57Z,c86c400e-ff88-a1e3-2e23-caa4d8311f47,04b252db-4231-3cb5-963d-6f096fb4b97c,84aa5ae9-3636-395a-9791-9babf5235355,0133f751-9229-3cfd-815f-b6d4979bdd6a,urgentcare,702927004,Urgent care clinic (environment),142.58,291.74,0.00,,
c86c400e-ff88-a1e3-e9e9-4d401f1e11fb,2025-02-22T19:18:57Z,2025-02-22T20:06:02Z,c86c400e-ff88-a1e3-2e23-caa4d8311f47,04b252db-4231-3cb5-963d-6f096fb4b97c,84aa5ae9-3636-395a-9791-9babf5235355,0133f751-9229-3cfd-815f-b6d4979bdd6a,urgentcare,702927004,Urgent care clinic (environment),142.58,723.14,0.00,,
c86c400e-ff88-a1e3-1e63-e9ceb6b20e9d,2025-03-01T19:18:57Z,2025-03-01T19:33:57Z,c86c400e-ff88-a1e3-2e23-caa4d8311f47,6cf8a214-8d57-3267-85e5-7719e15cd63e,4cc7e5fb-e2ac-343d-a192-99af23feee33,0133f751-9229-3cfd-815f-b6d4979bdd6a,outpatient,185349003,Encounter for check up (procedure),85.55,450.41,0.00,,
c86c400e-ff88-a1e3-e322-a1a0ee38f214,2025-03-08T19:18:57Z,2025-03-08T20:44:11Z,c86c400e-ff88-a1e3-2e23-caa4d8311f47,6cf8a214-8d57-3267-85e5-7719e15cd63e,4cc7e5fb-e2ac-343d-a192-99af23feee33,0133f751-9229-3cfd-815f-b6d4979bdd6a,ambulatory,185349003,Encounter for check up (procedure),85.55,122.45,0.00,103697008,Patient referral for dental care (procedure)
c86c400e-ff88-a1e3-b66d-65403404ab9d,2025-03-15T19:18:57Z,2025-03-15T19:33:57Z,c86c400e-ff88-a1e3-2e23-caa4d8311f47,6cf8a214-8d57-3267-85e5-7719e15cd63e,4cc7e5fb-e2ac-343d-a192-99af23feee33,0133f751-9229-3cfd-815f-b6d4979bdd6a,ambulatory,185345009,Encounter for symptom (procedure),85.55,85.55,0.00,444814009,Viral sinusitis (disorder)
c86c400e-ff88-a1e3-6eff-d156d60023d3,2025-03-22T19:18:57Z,2025-03-22T19:55:19Z,c86c400e-ff88-a1e3-2e23-caa4d8311f47,04b252db-4231-3cb5-963d-6f096fb4b97c,84aa5ae9-3636-395a-9791-9babf5235355,0133f751-9229-3cfd-815f-b6d4979bdd6a,urgentcare,702927004,Urgent care clinic (environment),142.58,723.14,0.00,,
c86c400e-ff88-a1e3-dd42-0dcdba023531,2025-03-29T19:18:57Z,2025-03-29T19:33:57Z,c86c400e-ff88-a1e3-2e23-caa4d8311f47,6cf8a214-8d57-3267-85e5-7719e15cd63e,4cc7e5fb-e2ac-343d-a192-99af23feee33,0133f751-9229-3cfd-815f-b6d4979bdd6a,outpatient,185349003,Encounter for check up (procedure),85.55,234.71,0.00,,
c86c400e-ff88-a1e3-329c-2f80e52308cc,2025-04-12T19:18:57Z,2025-04-12T20:18:57Z,c86c400e-ff88-a1e3-2e23-caa4d8311f47,b3312a2d-37e9-35a8-b50d-6c165c437baa,7c19e4ec-c781-3899-b692-776829b4a172,0133f751-9229-3cfd-815f-b6d4979bdd6a,emergency,50849002,Emergency room admission (procedure),146.18,726.74,0.00,,
c86c400e-ff88-a1e3-a273-ac32c2d1828a,2025-05-17T19:18:57Z,2025-05-17T19:55:55Z,c86c400e-ff88-a1e3-2e23-caa4d8311f47,588f6ce6-b8db-3588-8189-29db2680a313,bf84829b-f1be-3b2d-b563-405cc1c4a017,0133f751-9229-3cfd-815f-b6d4979bdd6a,wellness,162673000,General examination of patient (procedure),136.80,791.94,372.69,,
c86c400e-ff88-a1e3-2c9b-03871095dd20,2025-05-31T19:18:57Z,2025-05-31T21:14:49Z,c86c400e-ff88-a1e3-2e23-caa4d8311f47,6cf8a214-8d57-3267-85e5-7719e15cd63e,4cc7e5fb-e2ac-343d-a192-99af23feee33,0133f751-9229-3cfd-815f-b6d4979bdd6a,ambulatory,185349003,Encounter for check up (procedure),85.55,341.06,204.63,103697008,Patient referral for dental care (procedure)
c86c400e-ff88-a1e3-25c1-b89c10261cc8,2025-12-06T19:18:57Z,2025-12-06T19:55:17Z,c86c400e-ff88-a1e3-2e23-caa4d8311f47,6cf8a214-8d57-3267-85e5-7719e15cd63e,4cc7e5fb-e2ac-343d-a192-99af23feee33,0133f751-9229-3cfd-815f-b6d4979bdd6a,outpatient,185349003,Encounter for check up (procedure),85.55,802.11,481.27,,
c86c400e-ff88-a1e3-2565-ac03c9dbc83a,2026-04-04T19:18:57Z,2026-04-04T20:17:44Z,c86c400e-ff88-a1e3-2e23-caa4d8311f47,6cf8a214-8d57-3267-85e5-7719e15cd63e,4cc7e5fb-e2ac-343d-a192-99af23feee33,0133f751-9229-3cfd-815f-b6d4979bdd6a,outpatient,185349003,Encounter for check up (procedure),85.55,1017.81,0.00,,
c86c400e-ff88-a1e3-0329-f7202b7fc8b2,2026-05-23T19:18:57Z,2026-05-23T19:52:59Z,c86c400e-ff88-a1e3-2e23-caa4d8311f47,588f6ce6-b8db-3588-8189-29db2680a313,bf84829b-f1be-3b2d-b563-405cc1c4a017,0133f751-9229-3cfd-815f-b6d4979bdd6a,wellness,162673000,General examination of patient (procedure),136.80,933.06,0.00,,
c86c400e-ff88-a1e3-5264-ed63345b98c3,2026-07-04T19:18:57Z,2026-07-04T19:53:15Z,c86c400e-ff88-a1e3-2e23-caa4d8311f47,6cf8a214-8d57-3267-85e5-7719e15cd63e,4cc7e5fb-e2ac-343d-a192-99af23feee33,0133f751-9229-3cfd-815f-b6d4979bdd6a,outpatient,185349003,Encounter for check up (procedure),85.55,1493.36,0.00,,
c86c400e-ff88-a1e3-f421-b666a68cb204,2026-07-18T19:18:57Z,2026-07-18T19:34:23Z,c86c400e-ff88-a1e3-2e23-caa4d8311f47,6cf8a214-8d57-3267-85e5-7719e15cd63e,4cc7e5fb-e2ac-343d-a192-99af23feee33,0133f751-9229-3cfd-815f-b6d4979bdd6a,ambulatory,185349003,Encounter for check up (procedure),85.55,103.54,0.00,103697008,Patient referral for dental care (procedure)
c86c400e-ff88-a1e3-270c-9b3f94573466,2026-09-05T19:18:57Z,2026-09-05T19:53:18Z,c86c400e-ff88-a1e3-2e23-caa4d8311f47,6cf8a214-8d57-3267-85e5-7719e15cd63e,4cc7e5fb-e2ac-343d-a192-99af23feee33,0133f751-9229-3cfd-815f-b6d4979bdd6a,outpatient,185349003,Encounter for check up (procedure),85.55,881.81,0.00,,
c86c400e-ff88-a1e3-7f11-c9aa2d78cc1f,2026-09-19T19:18:57Z,2026-09-19T20:02:32Z,c86c400e-ff88-a1e3-2e23-caa4d8311f47,6cf8a214-8d57-3267-85e5-7719e15cd63e,4cc7e5fb-e2ac-343d-a192-99af23feee33,0133f751-9229-3cfd-815f-b6d4979bdd6a,ambulatory,185349003,Encounter for check up (procedure),85.55,434.59,0.00,66383009,Gingivitis (disorder)
