Id,BIRTHDATE,DEATHDATE,SSN,DRIVERS,PASSPORT,PREFIX,FIRST,MIDDLE,LAST,SUFFIX,MAIDEN,MARITAL,RACE,ETHNICITY,GENDER,BIRTHPLACE,ADDRESS,CITY,STATE,COUNTY,FIPS,ZIP,LAT,LON,HEALTHCARE_EXPENSES,HEALTHCARE_COVERAGE,INCOME
ba419d35-0dfe-8af7-347c-eebf02485a56,1986-05-24,,999-49-6110,S99942301,X63333250X,Mrs.,Corie618,Sofia418,Rath779,,Jast432,M,white,nonhispanic,F,Hanover  Massachusetts  US,1028 Hoeger Crossroad,Boston,Massachusetts,Suffolk County,25025,02210,42.2950989597182,-71.04220179073069,266061.26,681329.42,56670
aee7bbe1-0c45-c028-1e62-1f4cdb30c273,1985-06-04,,999-21-5544,S99921157,X2243398X,Mrs.,Antonia30,Rosa195,Tapia475,,Garibay313,M,white,hispanic,F,Gaudalajara  Jalisco  MX,265 Schamberger Rapid Unit 70,Boston,Massachusetts,Suffolk County,25025,02114,42.36373694263446,-71.19147289351756,126531.77,284558.55,146790
4f083ce3-f12b-bb4b-7353-e17f0cd55b0a,1989-10-07,,999-78-6352,S99914659,X63059006X,Mrs.,Lola232,Ariadna374,Cardona494,,Sosa986,D,white,hispanic,F,Panama City  Panama  PA,332 Schulist Underpass,Boston,Massachusetts,Suffolk County,25025,02203,42.28896997857709,-71.07066190408014,74096.11,133276.47,79403
46ee9d82-b52c-856d-069b-5064ff052225,1993-12-09,,999-44-2741,S99944312,X629173X,Mrs.,Esperanza675,María Luisa888,Valverde277,,Muro989,M,black,hispanic,F,San Jose  San Jose  CR,925 Brown Annex,Boston,Massachusetts,Suffolk County,25025,02116,42.33609615858057,-70.95878728132608,216622.40,1012142.86,104550
aa616abe-1761-0c9a-7959-07544679dafd,1990-11-11,,999-83-4774,S99972137,X515210X,Mrs.,Jona712,Bonnie873,Rosenbaum794,,Robel940,M,white,nonhispanic,F,Gloucester  Massachusetts  US,997 Grant Row Unit 85,Boston,Massachusetts,Suffolk County,25025,02113,42.273204760956475,-71.14314280399834,179974.58,1077756.90,31996
e74367bd-7385-97dc-2c7f-251b4cd9fe29,1989-12-09,,999-21-9587,S99943046,X3163114X,Mrs.,Tennille443,Denna536,Nitzsche158,,Rosenbaum794,M,white,nonhispanic,F,Greenfield  Massachusetts  US,911 Hauck Key Suite 34,Boston,Massachusetts,Suffolk County,25025,02115,42.361241681796045,-71.03210143578558,189823.97,443.80,53403
5e688e99-61b3-5c88-3f60-21df8aaced27,1986-04-05,,999-87-5260,S99974237,X49017462X,Mrs.,Ocie984,Bernie827,Homenick806,,Effertz744,M,native,nonhispanic,F,Rehoboth  Massachusetts  US,788 Hansen Skyway,Boston,Massachusetts,Suffolk County,25025,02130,42.352319461788156,-70.99713190106522,14648.32,1185166.01,9211
46976cf7-b0bf-be20-39a5-9f425a52886d,1988-05-08,,999-37-5783,S99944142,X70115642X,Mrs.,Lindsay928,Deja232,Pollich983,,Zieme486,M,asian,nonhispanic,F,Wareham  Massachusetts  US,794 Dicki Neck Unit 4,Boston,Massachusetts,Suffolk County,25025,02129,42.29123756519802,-71.19274035579969,401529.31,10848.61,62565
76b20010-c318-5754-8c85-983aa538522f,1992-09-18,,999-62-9324,S99979587,X67035173X,Mrs.,Shondra529,Kyra237,Spinka232,,Hickle134,M,white,nonhispanic,F,Charlton  Massachusetts  US,368 Marquardt Highlands,Boston,Massachusetts,Suffolk County,25025,02134,42.34890352119067,-71.10255262887681,10098.37,736125.30,15348
c86c400e-ff88-a1e3-2e23-caa4d8311f47,1985-12-21,,999-14-5114,S99922156,X69555322X,Mrs.,Chrissy459,Jolynn62,Stanton715,,Greenfelder433,M,white,nonhispanic,F,Springfield  Massachusetts  US,479 Haag Camp,Boston,Massachusetts,Suffolk County,25025,02109,42.31457661822866,-71.10441807767637,110740.23,127222.10,54396
