Id,NAME,OWNERSHIP,ADDRESS,CITY,STATE_HEADQUARTERED,ZIP,PHONE,AMOUNT_COVERED,AMOUNT_UNCOVERED,REVENUE,COVERED_ENCOUNTERS,UNCOVERED_ENCOUNTERS,COVERED_MEDICATIONS,UNCOVERED_MEDICATIONS,COVERED_PROCEDURES,UNCOVERED_PROCEDURES,COVERED_IMMUNIZATIONS,UNCOVERED_IMMUNIZATIONS,UNIQUE_CUSTOMERS,QOLS_AVG,MEMBER_MONTHS
a735bf55-83e9-331a-899d-a82a60b9f60c,Medicare,GOVERNMENT,,,,,,0.00,0.00,0.00,0,0,0,0,0,0,0,0,0,NaN,0
df166300-5a78-3502-a46a-832842197811,Medicaid,GOVERNMENT,,,,,,2274508.79,28999.43,9800.00,397,0,60,0,813,0,118,0,6,0.9577203392500526,996
d18ef2e6-ef40-324c-be54-34a5ee865625,Dual Eligible,GOVERNMENT,,,,,,0.00,0.00,0.00,0,0,0,0,0,0,0,0,0,NaN,0
26aab0cd-6aba-3e1b-ac5b-05c8867e762c,Humana,PRIVATE,,,,,,284558.55,126531.77,169632.00,116,0,15,0,184,0,48,0,1,0.9739133391462264,504
b046940f-1664-3047-bca7-dfa76be352a4,Blue Cross Blue Shield,PRIVATE,,,,,,1145419.33,207583.28,218943.00,197,0,34,0,366,0,38,0,2,0.9484322639245641,480
d31fccc3-1767-390d-966a-22a5156f4219,UnitedHealthcare,PRIVATE,,,,,,0.00,0.00,0.00,0,0,0,0,0,0,0,0,0,NaN,0
0133f751-9229-3cfd-815f-b6d4979bdd6a,Aetna,PRIVATE,,,,,,414207.34,162365.14,55831.98,117,0,74,0,234,0,23,0,3,0.7619486864506901,252
8fa6c185-e44e-3e34-8bd8-39be8694f4ce,Cigna Health,PRIVATE,,,,,,948594.42,182498.29,56696.26,233,0,80,0,250,0,44,0,3,0.7955322998743521,420
734afbd6-4794-363b-9bc0-6a3981533ed5,Anthem,PRIVATE,,,,,,181581.59,46271.74,81668.12,64,0,35,0,176,0,19,0,2,0.8934199606613218,204
e03e23c9-4df1-3eb6-a62d-f70f02301496,NO_INSURANCE,NO_INSURANCE,,,,,,0.00,835876.67,0.00,0,396,0,75,0,523,0,229,6,0.9844756887205217,1728
