PATIENT,MEMBERID,START_DATE,END_DATE,PAYER,SECONDARY_PAYER,PLAN_OWNERSHIP,OWNER_NAME
ba419d35-0dfe-8af7-347c-eebf02485a56,,1986-05-24T20:03:25Z,1987-05-30T20:03:25Z,e03e23c9-4df1-3eb6-a62d-f70f02301496,,,
ba419d35-0dfe-8af7-347c-eebf02485a56,,1987-05-30T20:03:25Z,1988-05-28T20:03:25Z,e03e23c9-4df1-3eb6-a62d-f70f02301496,,,
ba419d35-0dfe-8af7-347c-eebf02485a56,,1988-05-28T20:03:25Z,1989-05-27T20:03:25Z,e03e23c9-4df1-3eb6-a62d-f70f02301496,,,
ba419d35-0dfe-8af7-347c-eebf02485a56,,1989-05-27T20:03:25Z,1990-05-26T20:03:25Z,e03e23c9-4df1-3eb6-a62d-f70f02301496,,,
ba419d35-0dfe-8af7-347c-eebf02485a56,,1990-05-26T20:03:25Z,1991-05-25T20:03:25Z,e03e23c9-4df1-3eb6-a62d-f70f02301496,,,
ba419d35-0dfe-8af7-347c-eebf02485a56,,1991-05-25T20:03:25Z,1992-05-30T20:03:25Z,e03e23c9-4df1-3eb6-a62d-f70f02301496,,,
ba419d35-0dfe-8af7-347c-eebf02485a56,,1992-05-30T20:03:25Z,1993-05-29T20:03:25Z,e03e23c9-4df1-3eb6-a62d-f70f02301496,,,
ba419d35-0dfe-8af7-347c-eebf02485a56,,1993-05-29T20:03:25Z,1994-05-28T20:03:25Z,e03e23c9-4df1-3eb6-a62d-f70f02301496,,,
ba419d35-0dfe-8af7-347c-eebf02485a56,,1994-05-28T20:03:25Z,1995-05-27T20:03:25Z,e03e23c9-4df1-3eb6-a62d-f70f02301496,,,
ba419d35-0dfe-8af7-347c-eebf02485a56,,1995-05-27T20:03:25Z,1996-05-25T20:03:25Z,e03e23c9-4df1-3eb6-a62d-f70f02301496,,,
ba419d35-0dfe-8af7-347c-eebf02485a56,,1996-05-25T20:03:25Z,1997-05-24T20:03:25Z,e03e23c9-4df1-3eb6-a62d-f70f02301496,,,
ba419d35-0dfe-8af7-347c-eebf02485a56,,1997-05-24T20:03:25Z,1998-05-30T20:03:25Z,e03e23c9-4df1-3eb6-a62d-f70f02301496,,,
ba419d35-0dfe-8af7-347c-eebf02485a56,,1998-05-30T20:03:25Z,1999-05-29T20:03:25Z,e03e23c9-4df1-3eb6-a62d-f70f02301496,,,
ba419d35-0dfe-8af7-347c-eebf02485a56,,1999-05-29T20:03:25Z,2000-05-27T20:03:25Z,e03e23c9-4df1-3eb6-a62d-f70f02301496,,,
ba419d35-0dfe-8af7-347c-eebf02485a56,,2000-05-27T20:03:25Z,2001-05-26T20:03:25Z,e03e23c9-4df1-3eb6-a62d-f70f02301496,,,
ba419d35-0dfe-8af7-347c-eebf02485a56,,2001-05-26T20:03:25Z,2002-05-25T20:03:25Z,e03e23c9-4df1-3eb6-a62d-f70f02301496,,,
ba419d35-0dfe-8af7-347c-eebf02485a56,,2002-05-25T20:03:25Z,2003-05-24T20:03:25Z,e03e23c9-4df1-3eb6-a62d-f70f02301496,,,
ba419d35-0dfe-8af7-347c-eebf02485a56,ba419d35-0dfe-8af7-676b-8b823c3174b5,2003-05-24T20:03:25Z,2004-05-29T20:03:25Z,df166300-5a78-3502-a46a-832842197811,,Self,Corie618 Jast432
ba419d35-0dfe-8af7-347c-eebf02485a56,,2004-05-29T20:03:25Z,2005-05-28T20:03:25Z,e03e23c9-4df1-3eb6-a62d-f70f02301496,,,
ba419d35-0dfe-8af7-347c-eebf02485a56,,2005-05-28T20:03:25Z,2006-05-27T20:03:25Z,e03e23c9-4df1-3eb6-a62d-f70f02301496,,,
ba419d35-0dfe-8af7-347c-eebf02485a56,ba419d35-0dfe-8af7-bb23-6751d4b5bf5d,2006-05-27T20:03:25Z,2007-05-26T20:03:25Z,734afbd6-4794-363b-9bc0-6a3981533ed5,,Self,Corie618 Jast432
ba419d35-0dfe-8af7-347c-eebf02485a56,ba419d35-0dfe-8af7-81e5-046c6b21ab6b,2007-05-26T20:03:25Z,2008-05-24T20:03:25Z,734afbd6-4794-363b-9bc0-6a3981533ed5,,Self,Corie618 Jast432
ba419d35-0dfe-8af7-347c-eebf02485a56,ba419d35-0dfe-8af7-610c-19bf885c90eb,2008-05-24T20:03:25Z,2009-05-30T20:03:25Z,734afbd6-4794-363b-9bc0-6a3981533ed5,,Self,Corie618 Jast432
ba419d35-0dfe-8af7-347c-eebf02485a56,ba419d35-0dfe-8af7-5e71-1221570a9b07,2009-05-30T20:03:25Z,2010-05-29T20:03:25Z,734afbd6-4794-363b-9bc0-6a3981533ed5,,Self,Corie618 Jast432
ba419d35-0dfe-8af7-347c-eebf02485a56,ba419d35-0dfe-8af7-5461-e0b7eac24307,2010-05-29T20:03:25Z,2011-05-28T20:03:25Z,734afbd6-4794-363b-9bc0-6a3981533ed5,,Self,Corie618 Jast432
ba419d35-0dfe-8af7-347c-eebf02485a56,ba419d35-0dfe-8af7-d550-11feb4dd9715,2011-05-28T20:03:25Z,2012-05-26T20:03:25Z,734afbd6-4794-363b-9bc0-6a3981533ed5,,Self,Corie618 Jast432
ba419d35-0dfe-8af7-347c-eebf02485a56,ba419d35-0dfe-8af7-9617-d18431b5ba09,2012-05-26T20:03:25Z,2013-05-25T20:03:25Z,0133f751-9229-3cfd-815f-b6d4979bdd6a,,Self,Corie618 Jast432
ba419d35-0dfe-8af7-347c-eebf02485a56,ba419d35-0dfe-8af7-f91b-5d17100710fb,2013-05-25T20:03:25Z,2014-05-24T20:03:25Z,0133f751-9229-3cfd-815f-b6d4979bdd6a,,Self,Corie618 Jast432
ba419d35-0dfe-8af7-347c-eebf02485a56,ba419d35-0dfe-8af7-59a9-e3d4ffb2c630,2014-05-24T20:03:25Z,2015-05-30T20:03:25Z,0133f751-9229-3cfd-815f-b6d4979bdd6a,,Self,Corie618 Jast432
ba419d35-0dfe-8af7-347c-eebf02485a56,ba419d35-0dfe-8af7-3853-9b80b450101a,2015-05-30T20:03:25Z,2016-05-28T20:03:25Z,0133f751-9229-3cfd-815f-b6d4979bdd6a,,Self,Corie618 Sofia418 Rath779
ba419d35-0dfe-8af7-347c-eebf02485a56,ba419d35-0dfe-8af7-4425-e22e8f0124fe,2016-05-28T20:03:25Z,2017-05-27T20:03:25Z,0133f751-9229-3cfd-815f-b6d4979bdd6a,,Self,Corie618 Sofia418 Rath779
ba419d35-0dfe-8af7-347c-eebf02485a56,ba419d35-0dfe-8af7-a6c3-96f2dc97a3f9,2017-05-27T20:03:25Z,2018-05-26T20:03:25Z,0133f751-9229-3cfd-815f-b6d4979bdd6a,,Self,Corie618 Sofia418 Rath779
ba419d35-0dfe-8af7-347c-eebf02485a56,ba419d35-0dfe-8af7-3fd3-bf70a1723a18,2018-05-26T20:03:25Z,2019-05-25T20:03:25Z,0133f751-9229-3cfd-815f-b6d4979bdd6a,,Spouse,Mr. Rath779
ba419d35-0dfe-8af7-347c-eebf02485a56,ba419d35-0dfe-8af7-7bd7-5ef3a085ba16,2019-05-25T20:03:25Z,2020-05-30T20:03:25Z,0133f751-9229-3cfd-815f-b6d4979bdd6a,,Self,Corie618 Sofia418 Rath779
ba419d35-0dfe-8af7-347c-eebf02485a56,ba419d35-0dfe-8af7-1d53-cf8e72578751,2020-05-30T20:03:25Z,2021-05-29T20:03:25Z,0133f751-9229-3cfd-815f-b6d4979bdd6a,,Self,Corie618 Sofia418 Rath779
ba419d35-0dfe-8af7-347c-eebf02485a56,ba419d35-0dfe-8af7-7d58-888ac1d06903,2021-05-29T20:03:25Z,2022-05-28T20:03:25Z,8fa6c185-e44e-3e34-8bd8-39be8694f4ce,,Spouse,Mr. Rath779
ba419d35-0dfe-8af7-347c-eebf02485a56,ba419d35-0dfe-8af7-2e38-a6307e49cb4a,2022-05-28T20:03:25Z,2023-05-27T20:03:25Z,8fa6c185-e44e-3e34-8bd8-39be8694f4ce,,Self,Corie618 Sofia418 Rath779
ba419d35-0dfe-8af7-347c-eebf02485a56,ba419d35-0dfe-8af7-9c95-f2d7edbc2143,2023-05-27T20:03:25Z,2024-05-25T20:03:25Z,8fa6c185-e44e-3e34-8bd8-39be8694f4ce,,Self,Corie618 Sofia418 Rath779
ba419d35-0dfe-8af7-347c-eebf02485a56,ba419d35-0dfe-8af7-4349-eb864d1bf286,2024-05-25T20:03:25Z,2025-05-24T20:03:25Z,734afbd6-4794-363b-9bc0-6a3981533ed5,,Spouse,Mr. Rath779
ba419d35-0dfe-8af7-347c-eebf02485a56,ba419d35-0dfe-8af7-6582-c41ae6e84d65,2025-05-24T20:03:25Z,2026-05-30T20:03:25Z,734afbd6-4794-363b-9bc0-6a3981533ed5,,Self,Corie618 Sofia418 Rath779
ba419d35-0dfe-8af7-347c-eebf02485a56,ba419d35-0dfe-8af7-eb98-f4183ac009e4,2026-05-30T20:03:25Z,2027-05-24T20:03:25Z,734afbd6-4794-363b-9bc0-6a3981533ed5,,Spouse,Mr. Rath779
aee7bbe1-0c45-c028-1e62-1f4cdb30c273,aee7bbe1-0c45-c028-4505-09615fd26ca3,1985-06-04T06:15:37Z,1986-06-10T06:15:37Z,26aab0cd-6aba-3e1b-ac5b-05c8867e762c,,Guardian,Jaime666 Garibay313
aee7bbe1-0c45-c028-1e62-1f4cdb30c273,aee7bbe1-0c45-c028-4505-09615fd26ca3,1986-06-10T06:15:37Z,1987-06-09T06:15:37Z,26aab0cd-6aba-3e1b-ac5b-05c8867e762c,,Guardian,Jaime666 Garibay313
aee7bbe1-0c45-c028-1e62-1f4cdb30c273,aee7bbe1-0c45-c028-4505-09615fd26ca3,1987-06-09T06:15:37Z,1988-06-07T06:15:37Z,26aab0cd-6aba-3e1b-ac5b-05c8867e762c,,Guardian,Jaime666 Garibay313
aee7bbe1-0c45-c028-1e62-1f4cdb30c273,aee7bbe1-0c45-c028-4505-09615fd26ca3,1988-06-07T06:15:37Z,1989-06-06T06:15:37Z,26aab0cd-6aba-3e1b-ac5b-05c8867e762c,,Guardian,Jaime666 Garibay313
aee7bbe1-0c45-c028-1e62-1f4cdb30c273,aee7bbe1-0c45-c028-4505-09615fd26ca3,1989-06-06T06:15:37Z,1990-06-05T06:15:37Z,26aab0cd-6aba-3e1b-ac5b-05c8867e762c,,Guardian,Jaime666 Garibay313
aee7bbe1-0c45-c028-1e62-1f4cdb30c273,aee7bbe1-0c45-c028-4505-09615fd26ca3,1990-06-05T06:15:37Z,1991-06-04T06:15:37Z,26aab0cd-6aba-3e1b-ac5b-05c8867e762c,,Guardian,Jaime666 Garibay313
aee7bbe1-0c45-c028-1e62-1f4cdb30c273,aee7bbe1-0c45-c028-4505-09615fd26ca3,1991-06-04T06:15:37Z,1992-06-09T06:15:37Z,26aab0cd-6aba-3e1b-ac5b-05c8867e762c,,Guardian,Jaime666 Garibay313
aee7bbe1-0c45-c028-1e62-1f4cdb30c273,aee7bbe1-0c45-c028-4505-09615fd26ca3,1992-06-09T06:15:37Z,1993-06-08T06:15:37Z,26aab0cd-6aba-3e1b-ac5b-05c8867e762c,,Guardian,Jaime666 Garibay313
aee7bbe1-0c45-c028-1e62-1f4cdb30c273,aee7bbe1-0c45-c028-4505-09615fd26ca3,1993-06-08T06:15:37Z,1994-06-07T06:15:37Z,26aab0cd-6aba-3e1b-ac5b-05c8867e762c,,Guardian,Jaime666 Garibay313
aee7bbe1-0c45-c028-1e62-1f4cdb30c273,aee7bbe1-0c45-c028-4505-09615fd26ca3,1994-06-07T06:15:37Z,1995-06-06T06:15:37Z,26aab0cd-6aba-3e1b-ac5b-05c8867e762c,,Guardian,Jaime666 Garibay313
aee7bbe1-0c45-c028-1e62-1f4cdb30c273,aee7bbe1-0c45-c028-4505-09615fd26ca3,1995-06-06T06:15:37Z,1996-06-04T06:15:37Z,26aab0cd-6aba-3e1b-ac5b-05c8867e762c,,Guardian,Jaime666 Garibay313
aee7bbe1-0c45-c028-1e62-1f4cdb30c273,aee7bbe1-0c45-c028-4505-09615fd26ca3,1996-06-04T06:15:37Z,1997-06-10T06:15:37Z,26aab0cd-6aba-3e1b-ac5b-05c8867e762c,,Guardian,Jaime666 Garibay313
aee7bbe1-0c45-c028-1e62-1f4cdb30c273,aee7bbe1-0c45-c028-4505-09615fd26ca3,1997-06-10T06:15:37Z,1998-06-09T06:15:37Z,26aab0cd-6aba-3e1b-ac5b-05c8867e762c,,Guardian,Jaime666 Garibay313
aee7bbe1-0c45-c028-1e62-1f4cdb30c273,aee7bbe1-0c45-c028-4505-09615fd26ca3,1998-06-09T06:15:37Z,1999-06-08T06:15:37Z,26aab0cd-6aba-3e1b-ac5b-05c8867e762c,,Guardian,Jaime666 Garibay313
aee7bbe1-0c45-c028-1e62-1f4cdb30c273,aee7bbe1-0c45-c028-4505-09615fd26ca3,1999-06-08T06:15:37Z,2000-06-06T06:15:37Z,26aab0cd-6aba-3e1b-ac5b-05c8867e762c,,Guardian,Jaime666 Garibay313
aee7bbe1-0c45-c028-1e62-1f4cdb30c273,aee7bbe1-0c45-c028-4505-09615fd26ca3,2000-06-06T06:15:37Z,2001-06-05T06:15:37Z,26aab0cd-6aba-3e1b-ac5b-05c8867e762c,,Guardian,Jaime666 Garibay313
aee7bbe1-0c45-c028-1e62-1f4cdb30c273,aee7bbe1-0c45-c028-4505-09615fd26ca3,2001-06-05T06:15:37Z,2002-06-04T06:15:37Z,26aab0cd-6aba-3e1b-ac5b-05c8867e762c,,Guardian,Jaime666 Garibay313
aee7bbe1-0c45-c028-1e62-1f4cdb30c273,aee7bbe1-0c45-c028-4505-09615fd26ca3,2002-06-04T06:15:37Z,2003-06-10T06:15:37Z,26aab0cd-6aba-3e1b-ac5b-05c8867e762c,,Guardian,Jaime666 Garibay313
aee7bbe1-0c45-c028-1e62-1f4cdb30c273,aee7bbe1-0c45-c028-4505-09615fd26ca3,2003-06-10T06:15:37Z,2004-06-08T06:15:37Z,26aab0cd-6aba-3e1b-ac5b-05c8867e762c,,Guardian,Jaime666 Garibay313
aee7bbe1-0c45-c028-1e62-1f4cdb30c273,aee7bbe1-0c45-c028-687c-f77f334526ec,2004-06-08T06:15:37Z,2005-06-07T06:15:37Z,26aab0cd-6aba-3e1b-ac5b-05c8867e762c,,Self,Antonia30 Garibay313
aee7bbe1-0c45-c028-1e62-1f4cdb30c273,aee7bbe1-0c45-c028-f711-070d4286b674,2005-06-07T06:15:37Z,2006-06-06T06:15:37Z,26aab0cd-6aba-3e1b-ac5b-05c8867e762c,,Self,Antonia30 Garibay313
aee7bbe1-0c45-c028-1e62-1f4cdb30c273,aee7bbe1-0c45-c028-68fe-f211df8f82c0,2006-06-06T06:15:37Z,2007-06-05T06:15:37Z,26aab0cd-6aba-3e1b-ac5b-05c8867e762c,,Self,Antonia30 Garibay313
aee7bbe1-0c45-c028-1e62-1f4cdb30c273,aee7bbe1-0c45-c028-99c1-927de0916ba5,2007-06-05T06:15:37Z,2008-06-10T06:15:37Z,26aab0cd-6aba-3e1b-ac5b-05c8867e762c,,Self,Antonia30 Garibay313
aee7bbe1-0c45-c028-1e62-1f4cdb30c273,aee7bbe1-0c45-c028-0eb5-e1ae5c5ed558,2008-06-10T06:15:37Z,2009-06-09T06:15:37Z,26aab0cd-6aba-3e1b-ac5b-05c8867e762c,,Self,Antonia30 Garibay313
aee7bbe1-0c45-c028-1e62-1f4cdb30c273,aee7bbe1-0c45-c028-942e-9e0f6da9bdd1,2009-06-09T06:15:37Z,2010-06-08T06:15:37Z,26aab0cd-6aba-3e1b-ac5b-05c8867e762c,,Self,Antonia30 Garibay313
aee7bbe1-0c45-c028-1e62-1f4cdb30c273,aee7bbe1-0c45-c028-8164-ff315cb28660,2010-06-08T06:15:37Z,2011-06-07T06:15:37Z,26aab0cd-6aba-3e1b-ac5b-05c8867e762c,,Self,Antonia30 Garibay313
aee7bbe1-0c45-c028-1e62-1f4cdb30c273,aee7bbe1-0c45-c028-0d84-6d33754c521e,2011-06-07T06:15:37Z,2012-06-05T06:15:37Z,26aab0cd-6aba-3e1b-ac5b-05c8867e762c,,Self,Antonia30 Garibay313
aee7bbe1-0c45-c028-1e62-1f4cdb30c273,aee7bbe1-0c45-c028-00f8-a841457f9e21,2012-06-05T06:15:37Z,2013-06-04T06:15:37Z,26aab0cd-6aba-3e1b-ac5b-05c8867e762c,,Self,Antonia30 Garibay313
aee7bbe1-0c45-c028-1e62-1f4cdb30c273,aee7bbe1-0c45-c028-a468-50977984b0c3,2013-06-04T06:15:37Z,2014-06-10T06:15:37Z,26aab0cd-6aba-3e1b-ac5b-05c8867e762c,,Self,Antonia30 Garibay313
aee7bbe1-0c45-c028-1e62-1f4cdb30c273,aee7bbe1-0c45-c028-a524-d99cd16fbf72,2014-06-10T06:15:37Z,2015-06-09T06:15:37Z,26aab0cd-6aba-3e1b-ac5b-05c8867e762c,,Self,Antonia30 Rosa195 Tapia475
aee7bbe1-0c45-c028-1e62-1f4cdb30c273,aee7bbe1-0c45-c028-396d-3531f4edb1b1,2015-06-09T06:15:37Z,2016-06-07T06:15:37Z,26aab0cd-6aba-3e1b-ac5b-05c8867e762c,,Self,Antonia30 Rosa195 Tapia475
aee7bbe1-0c45-c028-1e62-1f4cdb30c273,aee7bbe1-0c45-c028-b2e4-8d5c0e4b140b,2016-06-07T06:15:37Z,2017-06-06T06:15:37Z,26aab0cd-6aba-3e1b-ac5b-05c8867e762c,,Self,Antonia30 Rosa195 Tapia475
aee7bbe1-0c45-c028-1e62-1f4cdb30c273,aee7bbe1-0c45-c028-ed68-2e6edb38500a,2017-06-06T06:15:37Z,2018-06-05T06:15:37Z,26aab0cd-6aba-3e1b-ac5b-05c8867e762c,,Self,Antonia30 Rosa195 Tapia475
aee7bbe1-0c45-c028-1e62-1f4cdb30c273,aee7bbe1-0c45-c028-161f-093caa4e4764,2018-06-05T06:15:37Z,2019-06-04T06:15:37Z,26aab0cd-6aba-3e1b-ac5b-05c8867e762c,,Self,Antonia30 Rosa195 Tapia475
aee7bbe1-0c45-c028-1e62-1f4cdb30c273,aee7bbe1-0c45-c028-1dcf-89874d66524a,2019-06-04T06:15:37Z,2020-06-09T06:15:37Z,26aab0cd-6aba-3e1b-ac5b-05c8867e762c,,Spouse,Mr. Tapia475
aee7bbe1-0c45-c028-1e62-1f4cdb30c273,aee7bbe1-0c45-c028-2956-bf143753c05f,2020-06-09T06:15:37Z,2021-06-08T06:15:37Z,26aab0cd-6aba-3e1b-ac5b-05c8867e762c,,Self,Antonia30 Rosa195 Tapia475
aee7bbe1-0c45-c028-1e62-1f4cdb30c273,aee7bbe1-0c45-c028-ed35-f3168c31e328,2021-06-08T06:15:37Z,2022-06-07T06:15:37Z,26aab0cd-6aba-3e1b-ac5b-05c8867e762c,,Spouse,Mr. Tapia475
aee7bbe1-0c45-c028-1e62-1f4cdb30c273,aee7bbe1-0c45-c028-b020-ed2d3f40f76a,2022-06-07T06:15:37Z,2023-06-06T06:15:37Z,26aab0cd-6aba-3e1b-ac5b-05c8867e762c,,Spouse,Mr. Tapia475
aee7bbe1-0c45-c028-1e62-1f4cdb30c273,aee7bbe1-0c45-c028-620d-872bb7d987b2,2023-06-06T06:15:37Z,2024-06-04T06:15:37Z,26aab0cd-6aba-3e1b-ac5b-05c8867e762c,,Self,Antonia30 Rosa195 Tapia475
aee7bbe1-0c45-c028-1e62-1f4cdb30c273,aee7bbe1-0c45-c028-055d-53f026b61c41,2024-06-04T06:15:37Z,2025-06-10T06:15:37Z,26aab0cd-6aba-3e1b-ac5b-05c8867e762c,,Self,Antonia30 Rosa195 Tapia475
aee7bbe1-0c45-c028-1e62-1f4cdb30c273,aee7bbe1-0c45-c028-d657-20c7d668a8d4,2025-06-10T06:15:37Z,2026-06-09T06:15:37Z,26aab0cd-6aba-3e1b-ac5b-05c8867e762c,,Self,Antonia30 Rosa195 Tapia475
aee7bbe1-0c45-c028-1e62-1f4cdb30c273,aee7bbe1-0c45-c028-e072-19863b5ffe29,2026-06-09T06:15:37Z,2027-06-04T06:15:37Z,26aab0cd-6aba-3e1b-ac5b-05c8867e762c,,Spouse,Mr. Tapia475
4f083ce3-f12b-bb4b-7353-e17f0cd55b0a,,1989-10-07T18:13:58Z,1990-10-13T18:13:58Z,e03e23c9-4df1-3eb6-a62d-f70f02301496,,,
4f083ce3-f12b-bb4b-7353-e17f0cd55b0a,,1990-10-13T18:13:58Z,1991-10-12T18:13:58Z,e03e23c9-4df1-3eb6-a62d-f70f02301496,,,
4f083ce3-f12b-bb4b-7353-e17f0cd55b0a,,1991-10-12T18:13:58Z,1992-10-10T18:13:58Z,e03e23c9-4df1-3eb6-a62d-f70f02301496,,,
4f083ce3-f12b-bb4b-7353-e17f0cd55b0a,,1992-10-10T18:13:58Z,1993-10-09T18:13:58Z,e03e23c9-4df1-3eb6-a62d-f70f02301496,,,
4f083ce3-f12b-bb4b-7353-e17f0cd55b0a,,1993-10-09T18:13:58Z,1994-10-08T18:13:58Z,e03e23c9-4df1-3eb6-a62d-f70f02301496,,,
4f083ce3-f12b-bb4b-7353-e17f0cd55b0a,,1994-10-08T18:13:58Z,1995-10-07T18:13:58Z,e03e23c9-4df1-3eb6-a62d-f70f02301496,,,
4f083ce3-f12b-bb4b-7353-e17f0cd55b0a,,1995-10-07T18:13:58Z,1996-10-12T18:13:58Z,e03e23c9-4df1-3eb6-a62d-f70f02301496,,,
4f083ce3-f12b-bb4b-7353-e17f0cd55b0a,,1996-10-12T18:13:58Z,1997-10-11T18:13:58Z,e03e23c9-4df1-3eb6-a62d-f70f02301496,,,
4f083ce3-f12b-bb4b-7353-e17f0cd55b0a,,1997-10-11T18:13:58Z,1998-10-10T18:13:58Z,e03e23c9-4df1-3eb6-a62d-f70f02301496,,,
4f083ce3-f12b-bb4b-7353-e17f0cd55b0a,,1998-10-10T18:13:58Z,1999-10-09T18:13:58Z,e03e23c9-4df1-3eb6-a62d-f70f02301496,,,
4f083ce3-f12b-bb4b-7353-e17f0cd55b0a,,1999-10-09T18:13:58Z,2000-10-07T18:13:58Z,e03e23c9-4df1-3eb6-a62d-f70f02301496,,,
4f083ce3-f12b-bb4b-7353-e17f0cd55b0a,,2000-10-07T18:13:58Z,2001-10-13T18:13:58Z,e03e23c9-4df1-3eb6-a62d-f70f02301496,,,
4f083ce3-f12b-bb4b-7353-e17f0cd55b0a,,2001-10-13T18:13:58Z,2002-10-12T18:13:58Z,e03e23c9-4df1-3eb6-a62d-f70f02301496,,,
4f083ce3-f12b-bb4b-7353-e17f0cd55b0a,,2002-10-12T18:13:58Z,2003-10-11T18:13:58Z,e03e23c9-4df1-3eb6-a62d-f70f02301496,,,
4f083ce3-f12b-bb4b-7353-e17f0cd55b0a,,2003-10-11T18:13:58Z,2004-10-09T18:13:58Z,e03e23c9-4df1-3eb6-a62d-f70f02301496,,,
4f083ce3-f12b-bb4b-7353-e17f0cd55b0a,,2004-10-09T18:13:58Z,2005-10-08T18:13:58Z,e03e23c9-4df1-3eb6-a62d-f70f02301496,,,
4f083ce3-f12b-bb4b-7353-e17f0cd55b0a,,2005-10-08T18:13:58Z,2006-10-07T18:13:58Z,e03e23c9-4df1-3eb6-a62d-f70f02301496,,,
4f083ce3-f12b-bb4b-7353-e17f0cd55b0a,4f083ce3-f12b-bb4b-c3f8-be2853ad92e5,2006-10-07T18:13:58Z,2007-10-13T18:13:58Z,b046940f-1664-3047-bca7-dfa76be352a4,,Guardian,Teodoro374 Sosa986
4f083ce3-f12b-bb4b-7353-e17f0cd55b0a,4f083ce3-f12b-bb4b-c3f8-be2853ad92e5,2007-10-13T18:13:58Z,2008-10-11T18:13:58Z,b046940f-1664-3047-bca7-dfa76be352a4,,Guardian,Teodoro374 Sosa986
4f083ce3-f12b-bb4b-7353-e17f0cd55b0a,4f083ce3-f12b-bb4b-25c3-dcb163e9c2fa,2008-10-11T18:13:58Z,2009-10-10T18:13:58Z,b046940f-1664-3047-bca7-dfa76be352a4,,Self,Lola232 Sosa986
4f083ce3-f12b-bb4b-7353-e17f0cd55b0a,4f083ce3-f12b-bb4b-7645-bf8b56146a4b,2009-10-10T18:13:58Z,2010-10-09T18:13:58Z,b046940f-1664-3047-bca7-dfa76be352a4,,Self,Lola232 Sosa986
4f083ce3-f12b-bb4b-7353-e17f0cd55b0a,4f083ce3-f12b-bb4b-4064-ff51fec6e389,2010-10-09T18:13:58Z,2011-10-08T18:13:58Z,b046940f-1664-3047-bca7-dfa76be352a4,,Self,Lola232 Sosa986
4f083ce3-f12b-bb4b-7353-e17f0cd55b0a,4f083ce3-f12b-bb4b-2227-b54dfe5f10f5,2011-10-08T18:13:58Z,2012-10-13T18:13:58Z,b046940f-1664-3047-bca7-dfa76be352a4,,Self,Lola232 Sosa986
4f083ce3-f12b-bb4b-7353-e17f0cd55b0a,4f083ce3-f12b-bb4b-821f-e7fba7da698f,2012-10-13T18:13:58Z,2013-10-12T18:13:58Z,b046940f-1664-3047-bca7-dfa76be352a4,,Self,Lola232 Sosa986
4f083ce3-f12b-bb4b-7353-e17f0cd55b0a,4f083ce3-f12b-bb4b-8c61-ad099d75fde5,2013-10-12T18:13:58Z,2014-10-11T18:13:58Z,b046940f-1664-3047-bca7-dfa76be352a4,,Self,Lola232 Sosa986
4f083ce3-f12b-bb4b-7353-e17f0cd55b0a,4f083ce3-f12b-bb4b-a6af-31da0b213fa0,2014-10-11T18:13:58Z,2015-10-10T18:13:58Z,b046940f-1664-3047-bca7-dfa76be352a4,,Self,Lola232 Sosa986
4f083ce3-f12b-bb4b-7353-e17f0cd55b0a,4f083ce3-f12b-bb4b-91d8-b340272815ff,2015-10-10T18:13:58Z,2016-10-08T18:13:58Z,b046940f-1664-3047-bca7-dfa76be352a4,,Self,Lola232 Sosa986
4f083ce3-f12b-bb4b-7353-e17f0cd55b0a,4f083ce3-f12b-bb4b-7aad-27b692a68043,2016-10-08T18:13:58Z,2017-10-07T18:13:58Z,b046940f-1664-3047-bca7-dfa76be352a4,,Self,Lola232 Sosa986
4f083ce3-f12b-bb4b-7353-e17f0cd55b0a,4f083ce3-f12b-bb4b-f0d0-4c629e3bf4fb,2017-10-07T18:13:58Z,2018-10-13T18:13:58Z,b046940f-1664-3047-bca7-dfa76be352a4,,Self,Lola232 Sosa986
4f083ce3-f12b-bb4b-7353-e17f0cd55b0a,4f083ce3-f12b-bb4b-d5fa-aff536e220ec,2018-10-13T18:13:58Z,2019-10-12T18:13:58Z,b046940f-1664-3047-bca7-dfa76be352a4,,Spouse,Mr. Cardona494
4f083ce3-f12b-bb4b-7353-e17f0cd55b0a,4f083ce3-f12b-bb4b-91d8-3ce2dd6e1520,2019-10-12T18:13:58Z,2020-10-10T18:13:58Z,b046940f-1664-3047-bca7-dfa76be352a4,,Spouse,Mr. Cardona494
4f083ce3-f12b-bb4b-7353-e17f0cd55b0a,4f083ce3-f12b-bb4b-91ea-811b61ce4e2f,2020-10-10T18:13:58Z,2021-10-09T18:13:58Z,b046940f-1664-3047-bca7-dfa76be352a4,,Spouse,Mr. Cardona494
4f083ce3-f12b-bb4b-7353-e17f0cd55b0a,4f083ce3-f12b-bb4b-2ef2-e032099a1f1a,2021-10-09T18:13:58Z,2022-10-08T18:13:58Z,b046940f-1664-3047-bca7-dfa76be352a4,,Spouse,Mr. Cardona494
4f083ce3-f12b-bb4b-7353-e17f0cd55b0a,4f083ce3-f12b-bb4b-fbe5-ffe1ca4250a9,2022-10-08T18:13:58Z,2023-10-07T18:13:58Z,b046940f-1664-3047-bca7-dfa76be352a4,,Self,Lola232 Ariadna374 Cardona494
4f083ce3-f12b-bb4b-7353-e17f0cd55b0a,4f083ce3-f12b-bb4b-25f9-783c751c262f,2023-10-07T18:13:58Z,2024-10-12T18:13:58Z,b046940f-1664-3047-bca7-dfa76be352a4,,Self,Lola232 Ariadna374 Cardona494
4f083ce3-f12b-bb4b-7353-e17f0cd55b0a,4f083ce3-f12b-bb4b-01ef-601f3a9e2246,2024-10-12T18:13:58Z,2025-10-11T18:13:58Z,b046940f-1664-3047-bca7-dfa76be352a4,,Spouse,Mr. Cardona494
4f083ce3-f12b-bb4b-7353-e17f0cd55b0a,4f083ce3-f12b-bb4b-61e1-5929c4e9d45c,2025-10-11T18:13:58Z,2026-10-07T18:13:58Z,b046940f-1664-3047-bca7-dfa76be352a4,,Self,Lola232 Ariadna374 Cardona494
46ee9d82-b52c-856d-069b-5064ff052225,,1993-12-09T19:53:59Z,1994-12-15T19:53:59Z,e03e23c9-4df1-3eb6-a62d-f70f02301496,,,
46ee9d82-b52c-856d-069b-5064ff052225,,1994-12-15T19:53:59Z,1995-12-14T19:53:59Z,e03e23c9-4df1-3eb6-a62d-f70f02301496,,,
46ee9d82-b52c-856d-069b-5064ff052225,,1995-12-14T19:53:59Z,1996-12-12T19:53:59Z,e03e23c9-4df1-3eb6-a62d-f70f02301496,,,
46ee9d82-b52c-856d-069b-5064ff052225,,1996-12-12T19:53:59Z,1997-12-11T19:53:59Z,e03e23c9-4df1-3eb6-a62d-f70f02301496,,,
46ee9d82-b52c-856d-069b-5064ff052225,,1997-12-11T19:53:59Z,1998-12-10T19:53:59Z,e03e23c9-4df1-3eb6-a62d-f70f02301496,,,
46ee9d82-b52c-856d-069b-5064ff052225,,1998-12-10T19:53:59Z,1999-12-09T19:53:59Z,e03e23c9-4df1-3eb6-a62d-f70f02301496,,,
46ee9d82-b52c-856d-069b-5064ff052225,,1999-12-09T19:53:59Z,2000-12-14T19:53:59Z,e03e23c9-4df1-3eb6-a62d-f70f02301496,,,
46ee9d82-b52c-856d-069b-5064ff052225,,2000-12-14T19:53:59Z,2001-12-13T19:53:59Z,e03e23c9-4df1-3eb6-a62d-f70f02301496,,,
46ee9d82-b52c-856d-069b-5064ff052225,,2001-12-13T19:53:59Z,2002-12-12T19:53:59Z,e03e23c9-4df1-3eb6-a62d-f70f02301496,,,
46ee9d82-b52c-856d-069b-5064ff052225,,2002-12-12T19:53:59Z,2003-12-11T19:53:59Z,e03e23c9-4df1-3eb6-a62d-f70f02301496,,,
46ee9d82-b52c-856d-069b-5064ff052225,,2003-12-11T19:53:59Z,2004-12-09T19:53:59Z,e03e23c9-4df1-3eb6-a62d-f70f02301496,,,
46ee9d82-b52c-856d-069b-5064ff052225,,2004-12-09T19:53:59Z,2005-12-15T19:53:59Z,e03e23c9-4df1-3eb6-a62d-f70f02301496,,,
46ee9d82-b52c-856d-069b-5064ff052225,,2005-12-15T19:53:59Z,2006-12-14T19:53:59Z,e03e23c9-4df1-3eb6-a62d-f70f02301496,,,
46ee9d82-b52c-856d-069b-5064ff052225,46ee9d82-b52c-856d-f788-693d3ae685d8,2006-12-14T19:53:59Z,2007-12-13T19:53:59Z,b046940f-1664-3047-bca7-dfa76be352a4,,Guardian,Marcela739 Ortega866
46ee9d82-b52c-856d-069b-5064ff052225,46ee9d82-b52c-856d-f788-693d3ae685d8,2007-12-13T19:53:59Z,2008-12-11T19:53:59Z,b046940f-1664-3047-bca7-dfa76be352a4,,Guardian,Marcela739 Ortega866
46ee9d82-b52c-856d-069b-5064ff052225,46ee9d82-b52c-856d-f788-693d3ae685d8,2008-12-11T19:53:59Z,2009-12-10T19:53:59Z,b046940f-1664-3047-bca7-dfa76be352a4,,Guardian,Marcela739 Ortega866
46ee9d82-b52c-856d-069b-5064ff052225,46ee9d82-b52c-856d-f788-693d3ae685d8,2009-12-10T19:53:59Z,2010-12-09T19:53:59Z,b046940f-1664-3047-bca7-dfa76be352a4,,Guardian,Marcela739 Ortega866
46ee9d82-b52c-856d-069b-5064ff052225,46ee9d82-b52c-856d-f788-693d3ae685d8,2010-12-09T19:53:59Z,2011-12-15T19:53:59Z,b046940f-1664-3047-bca7-dfa76be352a4,,Guardian,Marcela739 Ortega866
46ee9d82-b52c-856d-069b-5064ff052225,46ee9d82-b52c-856d-f788-693d3ae685d8,2011-12-15T19:53:59Z,2012-12-13T19:53:59Z,b046940f-1664-3047-bca7-dfa76be352a4,,Guardian,Marcela739 Ortega866
46ee9d82-b52c-856d-069b-5064ff052225,46ee9d82-b52c-856d-45cf-5859411fd8a2,2012-12-13T19:53:59Z,2013-12-12T19:53:59Z,b046940f-1664-3047-bca7-dfa76be352a4,,Self,Esperanza675 Muro989
46ee9d82-b52c-856d-069b-5064ff052225,46ee9d82-b52c-856d-422f-8c4b519a5804,2013-12-12T19:53:59Z,2014-12-11T19:53:59Z,b046940f-1664-3047-bca7-dfa76be352a4,,Self,Esperanza675 Muro989
46ee9d82-b52c-856d-069b-5064ff052225,46ee9d82-b52c-856d-1e2f-e3edc746dfc7,2014-12-11T19:53:59Z,2015-12-10T19:53:59Z,b046940f-1664-3047-bca7-dfa76be352a4,,Self,Esperanza675 Muro989
46ee9d82-b52c-856d-069b-5064ff052225,46ee9d82-b52c-856d-b13e-d6e61477c7d4,2015-12-10T19:53:59Z,2016-12-15T19:53:59Z,b046940f-1664-3047-bca7-dfa76be352a4,,Self,Esperanza675 Muro989
46ee9d82-b52c-856d-069b-5064ff052225,46ee9d82-b52c-856d-04c2-54130de5920b,2016-12-15T19:53:59Z,2017-12-14T19:53:59Z,b046940f-1664-3047-bca7-dfa76be352a4,,Self,Esperanza675 Muro989
46ee9d82-b52c-856d-069b-5064ff052225,46ee9d82-b52c-856d-9ea4-50419ed5f256,2017-12-14T19:53:59Z,2018-12-13T19:53:59Z,b046940f-1664-3047-bca7-dfa76be352a4,,Self,Esperanza675 Muro989
46ee9d82-b52c-856d-069b-5064ff052225,46ee9d82-b52c-856d-1223-df17112a574b,2018-12-13T19:53:59Z,2019-12-12T19:53:59Z,b046940f-1664-3047-bca7-dfa76be352a4,,Self,Esperanza675 Muro989
46ee9d82-b52c-856d-069b-5064ff052225,46ee9d82-b52c-856d-151f-0982ecb12c67,2019-12-12T19:53:59Z,2020-12-10T19:53:59Z,b046940f-1664-3047-bca7-dfa76be352a4,,Self,Esperanza675 Muro989
46ee9d82-b52c-856d-069b-5064ff052225,46ee9d82-b52c-856d-ddf3-354cdc8a05a0,2020-12-10T19:53:59Z,2021-12-09T19:53:59Z,b046940f-1664-3047-bca7-dfa76be352a4,,Self,Esperanza675 Muro989
46ee9d82-b52c-856d-069b-5064ff052225,46ee9d82-b52c-856d-1112-16408d59a8a9,2021-12-09T19:53:59Z,2022-12-15T19:53:59Z,b046940f-1664-3047-bca7-dfa76be352a4,,Self,Esperanza675 Muro989
46ee9d82-b52c-856d-069b-5064ff052225,46ee9d82-b52c-856d-183b-26fd9a4ce95c,2022-12-15T19:53:59Z,2023-12-14T19:53:59Z,b046940f-1664-3047-bca7-dfa76be352a4,,Spouse,Mr. Valverde277
46ee9d82-b52c-856d-069b-5064ff052225,46ee9d82-b52c-856d-bbd4-48147fd64feb,2023-12-14T19:53:59Z,2024-12-12T19:53:59Z,b046940f-1664-3047-bca7-dfa76be352a4,,Self,Esperanza675 María Luisa888 Valverde277
46ee9d82-b52c-856d-069b-5064ff052225,46ee9d82-b52c-856d-9d53-1a22d359de5a,2024-12-12T19:53:59Z,2025-12-11T19:53:59Z,b046940f-1664-3047-bca7-dfa76be352a4,,Spouse,Mr. Valverde277
46ee9d82-b52c-856d-069b-5064ff052225,46ee9d82-b52c-856d-9951-0997e5fdbf6b,2025-12-11T19:53:59Z,2026-12-09T19:53:59Z,b046940f-1664-3047-bca7-dfa76be352a4,,Self,Esperanza675 María Luisa888 Valverde277
aa616abe-1761-0c9a-7959-07544679dafd,aa616abe-1761-0c9a-ed90-8b4354f9ef0c,1990-11-11T09:30:35Z,1991-11-17T09:30:35Z,df166300-5a78-3502-a46a-832842197811,,Self,Jona712 Robel940
aa616abe-1761-0c9a-7959-07544679dafd,aa616abe-1761-0c9a-3877-d7f8060d9ec5,1991-11-17T09:30:35Z,1992-11-15T09:30:35Z,df166300-5a78-3502-a46a-832842197811,,Self,Jona712 Robel940
aa616abe-1761-0c9a-7959-07544679dafd,aa616abe-1761-0c9a-ede0-07096ec61f42,1992-11-15T09:30:35Z,1993-11-14T09:30:35Z,0133f751-9229-3cfd-815f-b6d4979bdd6a,,Guardian,Carlo647 Robel940
aa616abe-1761-0c9a-7959-07544679dafd,aa616abe-1761-0c9a-f41a-305a55ad4645,1993-11-14T09:30:35Z,1994-11-13T09:30:35Z,8fa6c185-e44e-3e34-8bd8-39be8694f4ce,,Guardian,Yoko498 Mante251
aa616abe-1761-0c9a-7959-07544679dafd,aa616abe-1761-0c9a-f41a-305a55ad4645,1994-11-13T09:30:35Z,1995-11-12T09:30:35Z,8fa6c185-e44e-3e34-8bd8-39be8694f4ce,,Guardian,Yoko498 Mante251
aa616abe-1761-0c9a-7959-07544679dafd,aa616abe-1761-0c9a-f41a-305a55ad4645,1995-11-12T09:30:35Z,1996-11-17T09:30:35Z,8fa6c185-e44e-3e34-8bd8-39be8694f4ce,,Guardian,Yoko498 Mante251
aa616abe-1761-0c9a-7959-07544679dafd,aa616abe-1761-0c9a-f41a-305a55ad4645,1996-11-17T09:30:35Z,1997-11-16T09:30:35Z,8fa6c185-e44e-3e34-8bd8-39be8694f4ce,,Guardian,Yoko498 Mante251
aa616abe-1761-0c9a-7959-07544679dafd,aa616abe-1761-0c9a-f41a-305a55ad4645,1997-11-16T09:30:35Z,1998-11-15T09:30:35Z,8fa6c185-e44e-3e34-8bd8-39be8694f4ce,,Guardian,Yoko498 Mante251
aa616abe-1761-0c9a-7959-07544679dafd,aa616abe-1761-0c9a-f41a-305a55ad4645,1998-11-15T09:30:35Z,1999-11-14T09:30:35Z,8fa6c185-e44e-3e34-8bd8-39be8694f4ce,,Guardian,Yoko498 Mante251
aa616abe-1761-0c9a-7959-07544679dafd,aa616abe-1761-0c9a-f41a-305a55ad4645,1999-11-14T09:30:35Z,2000-11-12T09:30:35Z,8fa6c185-e44e-3e34-8bd8-39be8694f4ce,,Guardian,Yoko498 Mante251
aa616abe-1761-0c9a-7959-07544679dafd,aa616abe-1761-0c9a-f41a-305a55ad4645,2000-11-12T09:30:35Z,2001-11-11T09:30:35Z,8fa6c185-e44e-3e34-8bd8-39be8694f4ce,,Guardian,Yoko498 Mante251
aa616abe-1761-0c9a-7959-07544679dafd,aa616abe-1761-0c9a-f41a-305a55ad4645,2001-11-11T09:30:35Z,2002-11-17T09:30:35Z,8fa6c185-e44e-3e34-8bd8-39be8694f4ce,,Guardian,Yoko498 Mante251
aa616abe-1761-0c9a-7959-07544679dafd,aa616abe-1761-0c9a-f41a-305a55ad4645,2002-11-17T09:30:35Z,2003-11-16T09:30:35Z,8fa6c185-e44e-3e34-8bd8-39be8694f4ce,,Guardian,Yoko498 Mante251
aa616abe-1761-0c9a-7959-07544679dafd,aa616abe-1761-0c9a-f41a-305a55ad4645,2003-11-16T09:30:35Z,2004-11-14T09:30:35Z,8fa6c185-e44e-3e34-8bd8-39be8694f4ce,,Guardian,Yoko498 Mante251
aa616abe-1761-0c9a-7959-07544679dafd,aa616abe-1761-0c9a-f41a-305a55ad4645,2004-11-14T09:30:35Z,2005-11-13T09:30:35Z,8fa6c185-e44e-3e34-8bd8-39be8694f4ce,,Guardian,Yoko498 Mante251
aa616abe-1761-0c9a-7959-07544679dafd,aa616abe-1761-0c9a-f41a-305a55ad4645,2005-11-13T09:30:35Z,2006-11-12T09:30:35Z,8fa6c185-e44e-3e34-8bd8-39be8694f4ce,,Guardian,Yoko498 Mante251
aa616abe-1761-0c9a-7959-07544679dafd,aa616abe-1761-0c9a-f41a-305a55ad4645,2006-11-12T09:30:35Z,2007-11-11T09:30:35Z,8fa6c185-e44e-3e34-8bd8-39be8694f4ce,,Guardian,Yoko498 Mante251
aa616abe-1761-0c9a-7959-07544679dafd,aa616abe-1761-0c9a-f41a-305a55ad4645,2007-11-11T09:30:35Z,2008-11-16T09:30:35Z,8fa6c185-e44e-3e34-8bd8-39be8694f4ce,,Guardian,Yoko498 Mante251
aa616abe-1761-0c9a-7959-07544679dafd,aa616abe-1761-0c9a-f41a-305a55ad4645,2008-11-16T09:30:35Z,2009-11-15T09:30:35Z,8fa6c185-e44e-3e34-8bd8-39be8694f4ce,,Guardian,Yoko498 Mante251
aa616abe-1761-0c9a-7959-07544679dafd,aa616abe-1761-0c9a-0af0-cfb978398a9f,2009-11-15T09:30:35Z,2010-11-14T09:30:35Z,8fa6c185-e44e-3e34-8bd8-39be8694f4ce,,Self,Jona712 Robel940
aa616abe-1761-0c9a-7959-07544679dafd,aa616abe-1761-0c9a-64bb-e12a3e7f0bc1,2010-11-14T09:30:35Z,2011-11-13T09:30:35Z,8fa6c185-e44e-3e34-8bd8-39be8694f4ce,,Self,Jona712 Robel940
aa616abe-1761-0c9a-7959-07544679dafd,aa616abe-1761-0c9a-953d-fa4cb72151e5,2011-11-13T09:30:35Z,2012-11-11T09:30:35Z,8fa6c185-e44e-3e34-8bd8-39be8694f4ce,,Self,Jona712 Robel940
aa616abe-1761-0c9a-7959-07544679dafd,aa616abe-1761-0c9a-c0d1-8779aac6e50f,2012-11-11T09:30:35Z,2013-11-17T09:30:35Z,8fa6c185-e44e-3e34-8bd8-39be8694f4ce,,Self,Jona712 Robel940
aa616abe-1761-0c9a-7959-07544679dafd,aa616abe-1761-0c9a-4e4f-d4babb4846b2,2013-11-17T09:30:35Z,2014-11-16T09:30:35Z,8fa6c185-e44e-3e34-8bd8-39be8694f4ce,,Self,Jona712 Robel940
aa616abe-1761-0c9a-7959-07544679dafd,aa616abe-1761-0c9a-e8cc-4c772f0e824e,2014-11-16T09:30:35Z,2015-11-15T09:30:35Z,8fa6c185-e44e-3e34-8bd8-39be8694f4ce,,Self,Jona712 Robel940
aa616abe-1761-0c9a-7959-07544679dafd,aa616abe-1761-0c9a-98fd-ba9c967cc970,2015-11-15T09:30:35Z,2016-11-13T09:30:35Z,8fa6c185-e44e-3e34-8bd8-39be8694f4ce,,Self,Jona712 Robel940
aa616abe-1761-0c9a-7959-07544679dafd,aa616abe-1761-0c9a-7835-69985b06808d,2016-11-13T09:30:35Z,2017-11-12T09:30:35Z,8fa6c185-e44e-3e34-8bd8-39be8694f4ce,,Self,Jona712 Robel940
aa616abe-1761-0c9a-7959-07544679dafd,aa616abe-1761-0c9a-cdaf-e85566fd1ad9,2017-11-12T09:30:35Z,2018-11-11T09:30:35Z,0133f751-9229-3cfd-815f-b6d4979bdd6a,,Self,Jona712 Robel940
aa616abe-1761-0c9a-7959-07544679dafd,aa616abe-1761-0c9a-e8c6-17797abd75b8,2018-11-11T09:30:35Z,2019-11-17T09:30:35Z,0133f751-9229-3cfd-815f-b6d4979bdd6a,,Self,Jona712 Robel940
aa616abe-1761-0c9a-7959-07544679dafd,aa616abe-1761-0c9a-4004-48e0b01c0d1a,2019-11-17T09:30:35Z,2020-11-15T09:30:35Z,0133f751-9229-3cfd-815f-b6d4979bdd6a,,Spouse,Mr. Rosenbaum794
aa616abe-1761-0c9a-7959-07544679dafd,aa616abe-1761-0c9a-4040-12e7683fe8c6,2020-11-15T09:30:35Z,2021-11-14T09:30:35Z,0133f751-9229-3cfd-815f-b6d4979bdd6a,,Self,Jona712 Bonnie873 Rosenbaum794
aa616abe-1761-0c9a-7959-07544679dafd,aa616abe-1761-0c9a-8100-6ed1c98ce417,2021-11-14T09:30:35Z,2022-11-13T09:30:35Z,df166300-5a78-3502-a46a-832842197811,,Spouse,Mr. Rosenbaum794
aa616abe-1761-0c9a-7959-07544679dafd,aa616abe-1761-0c9a-182d-a3c489e8936f,2022-11-13T09:30:35Z,2023-11-12T09:30:35Z,df166300-5a78-3502-a46a-832842197811,,Self,Jona712 Bonnie873 Rosenbaum794
aa616abe-1761-0c9a-7959-07544679dafd,aa616abe-1761-0c9a-8264-8733d7f818e1,2023-11-12T09:30:35Z,2024-11-17T09:30:35Z,8fa6c185-e44e-3e34-8bd8-39be8694f4ce,,Self,Jona712 Bonnie873 Rosenbaum794
aa616abe-1761-0c9a-7959-07544679dafd,aa616abe-1761-0c9a-72fe-736b942f49e9,2024-11-17T09:30:35Z,2025-11-16T09:30:35Z,8fa6c185-e44e-3e34-8bd8-39be8694f4ce,,Self,Jona712 Bonnie873 Rosenbaum794
aa616abe-1761-0c9a-7959-07544679dafd,aa616abe-1761-0c9a-8231-ba5ea9e6cf3a,2025-11-16T09:30:35Z,2026-11-11T09:30:35Z,8fa6c185-e44e-3e34-8bd8-39be8694f4ce,,Spouse,Mr. Rosenbaum794
e74367bd-7385-97dc-2c7f-251b4cd9fe29,,1989-12-09T06:32:37Z,1990-12-15T06:32:37Z,e03e23c9-4df1-3eb6-a62d-f70f02301496,,,
e74367bd-7385-97dc-2c7f-251b4cd9fe29,,1990-12-15T06:32:37Z,1991-12-14T06:32:37Z,e03e23c9-4df1-3eb6-a62d-f70f02301496,,,
e74367bd-7385-97dc-2c7f-251b4cd9fe29,,1991-12-14T06:32:37Z,1992-12-12T06:32:37Z,e03e23c9-4df1-3eb6-a62d-f70f02301496,,,
e74367bd-7385-97dc-2c7f-251b4cd9fe29,,1992-12-12T06:32:37Z,1993-12-11T06:32:37Z,e03e23c9-4df1-3eb6-a62d-f70f02301496,,,
e74367bd-7385-97dc-2c7f-251b4cd9fe29,,1993-12-11T06:32:37Z,1994-12-10T06:32:37Z,e03e23c9-4df1-3eb6-a62d-f70f02301496,,,
e74367bd-7385-97dc-2c7f-251b4cd9fe29,,1994-12-10T06:32:37Z,1995-12-09T06:32:37Z,e03e23c9-4df1-3eb6-a62d-f70f02301496,,,
e74367bd-7385-97dc-2c7f-251b4cd9fe29,,1995-12-09T06:32:37Z,1996-12-14T06:32:37Z,e03e23c9-4df1-3eb6-a62d-f70f02301496,,,
e74367bd-7385-97dc-2c7f-251b4cd9fe29,,1996-12-14T06:32:37Z,1997-12-13T06:32:37Z,e03e23c9-4df1-3eb6-a62d-f70f02301496,,,
e74367bd-7385-97dc-2c7f-251b4cd9fe29,,1997-12-13T06:32:37Z,1998-12-12T06:32:37Z,e03e23c9-4df1-3eb6-a62d-f70f02301496,,,
e74367bd-7385-97dc-2c7f-251b4cd9fe29,,1998-12-12T06:32:37Z,1999-12-11T06:32:37Z,e03e23c9-4df1-3eb6-a62d-f70f02301496,,,
e74367bd-7385-97dc-2c7f-251b4cd9fe29,,1999-12-11T06:32:37Z,2000-12-09T06:32:37Z,e03e23c9-4df1-3eb6-a62d-f70f02301496,,,
e74367bd-7385-97dc-2c7f-251b4cd9fe29,,2000-12-09T06:32:37Z,2001-12-15T06:32:37Z,e03e23c9-4df1-3eb6-a62d-f70f02301496,,,
e74367bd-7385-97dc-2c7f-251b4cd9fe29,,2001-12-15T06:32:37Z,2002-12-14T06:32:37Z,e03e23c9-4df1-3eb6-a62d-f70f02301496,,,
e74367bd-7385-97dc-2c7f-251b4cd9fe29,,2002-12-14T06:32:37Z,2003-12-13T06:32:37Z,e03e23c9-4df1-3eb6-a62d-f70f02301496,,,
e74367bd-7385-97dc-2c7f-251b4cd9fe29,,2003-12-13T06:32:37Z,2004-12-11T06:32:37Z,e03e23c9-4df1-3eb6-a62d-f70f02301496,,,
e74367bd-7385-97dc-2c7f-251b4cd9fe29,,2004-12-11T06:32:37Z,2005-12-10T06:32:37Z,e03e23c9-4df1-3eb6-a62d-f70f02301496,,,
e74367bd-7385-97dc-2c7f-251b4cd9fe29,,2005-12-10T06:32:37Z,2006-12-09T06:32:37Z,e03e23c9-4df1-3eb6-a62d-f70f02301496,,,
e74367bd-7385-97dc-2c7f-251b4cd9fe29,,2006-12-09T06:32:37Z,2007-12-15T06:32:37Z,e03e23c9-4df1-3eb6-a62d-f70f02301496,,,
e74367bd-7385-97dc-2c7f-251b4cd9fe29,,2007-12-15T06:32:37Z,2008-12-13T06:32:37Z,e03e23c9-4df1-3eb6-a62d-f70f02301496,,,
e74367bd-7385-97dc-2c7f-251b4cd9fe29,,2008-12-13T06:32:37Z,2009-12-12T06:32:37Z,e03e23c9-4df1-3eb6-a62d-f70f02301496,,,
e74367bd-7385-97dc-2c7f-251b4cd9fe29,e74367bd-7385-97dc-0187-34337e59092c,2009-12-12T06:32:37Z,2010-12-11T06:32:37Z,df166300-5a78-3502-a46a-832842197811,,Self,Tennille443 Rosenbaum794
e74367bd-7385-97dc-2c7f-251b4cd9fe29,,2010-12-11T06:32:37Z,2011-12-10T06:32:37Z,e03e23c9-4df1-3eb6-a62d-f70f02301496,,,
e74367bd-7385-97dc-2c7f-251b4cd9fe29,,2011-12-10T06:32:37Z,2012-12-15T06:32:37Z,e03e23c9-4df1-3eb6-a62d-f70f02301496,,,
e74367bd-7385-97dc-2c7f-251b4cd9fe29,,2012-12-15T06:32:37Z,2013-12-14T06:32:37Z,e03e23c9-4df1-3eb6-a62d-f70f02301496,,,
e74367bd-7385-97dc-2c7f-251b4cd9fe29,,2013-12-14T06:32:37Z,2014-12-13T06:32:37Z,e03e23c9-4df1-3eb6-a62d-f70f02301496,,,
e74367bd-7385-97dc-2c7f-251b4cd9fe29,,2014-12-13T06:32:37Z,2015-12-12T06:32:37Z,e03e23c9-4df1-3eb6-a62d-f70f02301496,,,
e74367bd-7385-97dc-2c7f-251b4cd9fe29,,2015-12-12T06:32:37Z,2016-12-10T06:32:37Z,e03e23c9-4df1-3eb6-a62d-f70f02301496,,,
e74367bd-7385-97dc-2c7f-251b4cd9fe29,,2016-12-10T06:32:37Z,2017-12-09T06:32:37Z,e03e23c9-4df1-3eb6-a62d-f70f02301496,,,
e74367bd-7385-97dc-2c7f-251b4cd9fe29,,2017-12-09T06:32:37Z,2018-12-15T06:32:37Z,e03e23c9-4df1-3eb6-a62d-f70f02301496,,,
e74367bd-7385-97dc-2c7f-251b4cd9fe29,,2018-12-15T06:32:37Z,2019-12-14T06:32:37Z,e03e23c9-4df1-3eb6-a62d-f70f02301496,,,
e74367bd-7385-97dc-2c7f-251b4cd9fe29,,2019-12-14T06:32:37Z,2020-12-12T06:32:37Z,e03e23c9-4df1-3eb6-a62d-f70f02301496,,,
e74367bd-7385-97dc-2c7f-251b4cd9fe29,,2020-12-12T06:32:37Z,2021-12-11T06:32:37Z,e03e23c9-4df1-3eb6-a62d-f70f02301496,,,
e74367bd-7385-97dc-2c7f-251b4cd9fe29,,2021-12-11T06:32:37Z,2022-12-10T06:32:37Z,e03e23c9-4df1-3eb6-a62d-f70f02301496,,,
e74367bd-7385-97dc-2c7f-251b4cd9fe29,,2022-12-10T06:32:37Z,2023-12-09T06:32:37Z,e03e23c9-4df1-3eb6-a62d-f70f02301496,,,
e74367bd-7385-97dc-2c7f-251b4cd9fe29,,2023-12-09T06:32:37Z,2024-12-14T06:32:37Z,e03e23c9-4df1-3eb6-a62d-f70f02301496,,,
e74367bd-7385-97dc-2c7f-251b4cd9fe29,,2024-12-14T06:32:37Z,2025-12-13T06:32:37Z,e03e23c9-4df1-3eb6-a62d-f70f02301496,,,
e74367bd-7385-97dc-2c7f-251b4cd9fe29,,2025-12-13T06:32:37Z,2026-12-09T06:32:37Z,e03e23c9-4df1-3eb6-a62d-f70f02301496,,,
5e688e99-61b3-5c88-3f60-21df8aaced27,5e688e99-61b3-5c88-727d-bc8396fd7de0,1986-04-05T05:22:05Z,1987-04-11T05:22:05Z,df166300-5a78-3502-a46a-832842197811,,Self,Ocie984 Effertz744
5e688e99-61b3-5c88-3f60-21df8aaced27,5e688e99-61b3-5c88-6019-fa698431d44d,1987-04-11T05:22:05Z,1988-04-09T05:22:05Z,df166300-5a78-3502-a46a-832842197811,,Self,Ocie984 Effertz744
5e688e99-61b3-5c88-3f60-21df8aaced27,5e688e99-61b3-5c88-29f1-f52e2d444f28,1988-04-09T05:22:05Z,1989-04-08T05:22:05Z,df166300-5a78-3502-a46a-832842197811,,Self,Ocie984 Effertz744
5e688e99-61b3-5c88-3f60-21df8aaced27,5e688e99-61b3-5c88-d099-b2010063569f,1989-04-08T05:22:05Z,1990-04-07T05:22:05Z,df166300-5a78-3502-a46a-832842197811,,Self,Ocie984 Effertz744
5e688e99-61b3-5c88-3f60-21df8aaced27,5e688e99-61b3-5c88-ddb5-7d9c355ef793,1990-04-07T05:22:05Z,1991-04-06T05:22:05Z,df166300-5a78-3502-a46a-832842197811,,Self,Ocie984 Effertz744
5e688e99-61b3-5c88-3f60-21df8aaced27,5e688e99-61b3-5c88-0af5-88a56aaa01cf,1991-04-06T05:22:05Z,1992-04-11T05:22:05Z,df166300-5a78-3502-a46a-832842197811,,Self,Ocie984 Effertz744
5e688e99-61b3-5c88-3f60-21df8aaced27,5e688e99-61b3-5c88-ef08-4815cc526406,1992-04-11T05:22:05Z,1993-04-10T05:22:05Z,df166300-5a78-3502-a46a-832842197811,,Self,Ocie984 Effertz744
5e688e99-61b3-5c88-3f60-21df8aaced27,5e688e99-61b3-5c88-88e2-e3625d30001e,1993-04-10T05:22:05Z,1994-04-09T05:22:05Z,df166300-5a78-3502-a46a-832842197811,,Self,Ocie984 Effertz744
5e688e99-61b3-5c88-3f60-21df8aaced27,5e688e99-61b3-5c88-3421-c4c9c4ca7fed,1994-04-09T05:22:05Z,1995-04-08T05:22:05Z,df166300-5a78-3502-a46a-832842197811,,Self,Ocie984 Effertz744
5e688e99-61b3-5c88-3f60-21df8aaced27,5e688e99-61b3-5c88-bf89-5a5647f97199,1995-04-08T05:22:05Z,1996-04-06T05:22:05Z,df166300-5a78-3502-a46a-832842197811,,Self,Ocie984 Effertz744
5e688e99-61b3-5c88-3f60-21df8aaced27,5e688e99-61b3-5c88-95fa-215571d770fd,1996-04-06T05:22:05Z,1997-04-05T05:22:05Z,df166300-5a78-3502-a46a-832842197811,,Self,Ocie984 Effertz744
5e688e99-61b3-5c88-3f60-21df8aaced27,5e688e99-61b3-5c88-7ba8-2eab8c8ea163,1997-04-05T05:22:05Z,1998-04-11T05:22:05Z,df166300-5a78-3502-a46a-832842197811,,Self,Ocie984 Effertz744
5e688e99-61b3-5c88-3f60-21df8aaced27,5e688e99-61b3-5c88-8a43-2af0e5a14764,1998-04-11T05:22:05Z,1999-04-10T05:22:05Z,df166300-5a78-3502-a46a-832842197811,,Self,Ocie984 Effertz744
5e688e99-61b3-5c88-3f60-21df8aaced27,5e688e99-61b3-5c88-14e7-3f26324bd346,1999-04-10T05:22:05Z,2000-04-08T05:22:05Z,df166300-5a78-3502-a46a-832842197811,,Self,Ocie984 Effertz744
5e688e99-61b3-5c88-3f60-21df8aaced27,5e688e99-61b3-5c88-8bda-0708e9f4f973,2000-04-08T05:22:05Z,2001-04-07T05:22:05Z,df166300-5a78-3502-a46a-832842197811,,Self,Ocie984 Effertz744
5e688e99-61b3-5c88-3f60-21df8aaced27,5e688e99-61b3-5c88-0783-add237ae8f52,2001-04-07T05:22:05Z,2002-04-06T05:22:05Z,df166300-5a78-3502-a46a-832842197811,,Self,Ocie984 Effertz744
5e688e99-61b3-5c88-3f60-21df8aaced27,5e688e99-61b3-5c88-9b0d-681eb6f6bda5,2002-04-06T05:22:05Z,2003-04-05T05:22:05Z,df166300-5a78-3502-a46a-832842197811,,Self,Ocie984 Effertz744
5e688e99-61b3-5c88-3f60-21df8aaced27,5e688e99-61b3-5c88-c595-ee646fdc7086,2003-04-05T05:22:05Z,2004-04-10T05:22:05Z,df166300-5a78-3502-a46a-832842197811,,Self,Ocie984 Effertz744
5e688e99-61b3-5c88-3f60-21df8aaced27,5e688e99-61b3-5c88-f74a-d293eb3d5166,2004-04-10T05:22:05Z,2005-04-09T05:22:05Z,df166300-5a78-3502-a46a-832842197811,,Self,Ocie984 Effertz744
5e688e99-61b3-5c88-3f60-21df8aaced27,5e688e99-61b3-5c88-6efd-245ea806177f,2005-04-09T05:22:05Z,2006-04-08T05:22:05Z,df166300-5a78-3502-a46a-832842197811,,Self,Ocie984 Effertz744
5e688e99-61b3-5c88-3f60-21df8aaced27,5e688e99-61b3-5c88-873b-1f2494582677,2006-04-08T05:22:05Z,2007-04-07T05:22:05Z,df166300-5a78-3502-a46a-832842197811,,Self,Ocie984 Effertz744
5e688e99-61b3-5c88-3f60-21df8aaced27,5e688e99-61b3-5c88-8004-08bb5e1e44f8,2007-04-07T05:22:05Z,2008-04-05T05:22:05Z,df166300-5a78-3502-a46a-832842197811,,Self,Ocie984 Effertz744
5e688e99-61b3-5c88-3f60-21df8aaced27,5e688e99-61b3-5c88-00bb-a0921708275f,2008-04-05T05:22:05Z,2009-04-11T05:22:05Z,df166300-5a78-3502-a46a-832842197811,,Self,Ocie984 Effertz744
5e688e99-61b3-5c88-3f60-21df8aaced27,5e688e99-61b3-5c88-c272-571d1ebd6d56,2009-04-11T05:22:05Z,2010-04-10T05:22:05Z,df166300-5a78-3502-a46a-832842197811,,Self,Ocie984 Effertz744
5e688e99-61b3-5c88-3f60-21df8aaced27,5e688e99-61b3-5c88-eb3f-4b8568776659,2010-04-10T05:22:05Z,2011-04-09T05:22:05Z,df166300-5a78-3502-a46a-832842197811,,Self,Ocie984 Effertz744
5e688e99-61b3-5c88-3f60-21df8aaced27,5e688e99-61b3-5c88-c4f3-02d01b73631c,2011-04-09T05:22:05Z,2012-04-07T05:22:05Z,df166300-5a78-3502-a46a-832842197811,,Self,Ocie984 Effertz744
5e688e99-61b3-5c88-3f60-21df8aaced27,5e688e99-61b3-5c88-9917-6caaf01295a9,2012-04-07T05:22:05Z,2013-04-06T05:22:05Z,df166300-5a78-3502-a46a-832842197811,,Self,Ocie984 Effertz744
5e688e99-61b3-5c88-3f60-21df8aaced27,5e688e99-61b3-5c88-ac26-36a1b47cff1a,2013-04-06T05:22:05Z,2014-04-05T05:22:05Z,df166300-5a78-3502-a46a-832842197811,,Self,Ocie984 Effertz744
5e688e99-61b3-5c88-3f60-21df8aaced27,5e688e99-61b3-5c88-2732-1a3cb199fbf1,2014-04-05T05:22:05Z,2015-04-11T05:22:05Z,df166300-5a78-3502-a46a-832842197811,,Self,Ocie984 Effertz744
5e688e99-61b3-5c88-3f60-21df8aaced27,5e688e99-61b3-5c88-001f-50f133374ad3,2015-04-11T05:22:05Z,2016-04-09T05:22:05Z,df166300-5a78-3502-a46a-832842197811,,Self,Ocie984 Bernie827 Homenick806
5e688e99-61b3-5c88-3f60-21df8aaced27,5e688e99-61b3-5c88-5027-bf18e5f1040b,2016-04-09T05:22:05Z,2017-04-08T05:22:05Z,df166300-5a78-3502-a46a-832842197811,,Spouse,Mr. Homenick806
5e688e99-61b3-5c88-3f60-21df8aaced27,5e688e99-61b3-5c88-ecd0-666f2d0845a3,2017-04-08T05:22:05Z,2018-04-07T05:22:05Z,df166300-5a78-3502-a46a-832842197811,,Spouse,Mr. Homenick806
5e688e99-61b3-5c88-3f60-21df8aaced27,5e688e99-61b3-5c88-1476-53671cf4b27c,2018-04-07T05:22:05Z,2019-04-06T05:22:05Z,df166300-5a78-3502-a46a-832842197811,,Self,Ocie984 Bernie827 Homenick806
5e688e99-61b3-5c88-3f60-21df8aaced27,5e688e99-61b3-5c88-df98-afaecef7a539,2019-04-06T05:22:05Z,2020-04-11T05:22:05Z,df166300-5a78-3502-a46a-832842197811,,Spouse,Mr. Homenick806
5e688e99-61b3-5c88-3f60-21df8aaced27,5e688e99-61b3-5c88-5986-848b1b148fdf,2020-04-11T05:22:05Z,2021-04-10T05:22:05Z,df166300-5a78-3502-a46a-832842197811,,Self,Ocie984 Bernie827 Homenick806
5e688e99-61b3-5c88-3f60-21df8aaced27,5e688e99-61b3-5c88-0a7d-04985d7f3f36,2021-04-10T05:22:05Z,2022-04-09T05:22:05Z,df166300-5a78-3502-a46a-832842197811,,Self,Ocie984 Bernie827 Homenick806
5e688e99-61b3-5c88-3f60-21df8aaced27,5e688e99-61b3-5c88-f626-a28d126a0ca3,2022-04-09T05:22:05Z,2023-04-08T05:22:05Z,df166300-5a78-3502-a46a-832842197811,,Self,Ocie984 Bernie827 Homenick806
5e688e99-61b3-5c88-3f60-21df8aaced27,5e688e99-61b3-5c88-62c7-9d67f443c1a1,2023-04-08T05:22:05Z,2024-04-06T05:22:05Z,df166300-5a78-3502-a46a-832842197811,,Self,Ocie984 Bernie827 Homenick806
5e688e99-61b3-5c88-3f60-21df8aaced27,5e688e99-61b3-5c88-d8b2-ca0c50a29e44,2024-04-06T05:22:05Z,2025-04-05T05:22:05Z,df166300-5a78-3502-a46a-832842197811,,Spouse,Mr. Homenick806
5e688e99-61b3-5c88-3f60-21df8aaced27,5e688e99-61b3-5c88-4140-71e140d239b3,2025-04-05T05:22:05Z,2026-04-11T05:22:05Z,df166300-5a78-3502-a46a-832842197811,,Self,Ocie984 Bernie827 Homenick806
5e688e99-61b3-5c88-3f60-21df8aaced27,5e688e99-61b3-5c88-d754-6dec99ad37b1,2026-04-11T05:22:05Z,2027-04-05T05:22:05Z,df166300-5a78-3502-a46a-832842197811,,Self,Ocie984 Bernie827 Homenick806
46976cf7-b0bf-be20-39a5-9f425a52886d,,1988-05-08T03:11:04Z,1989-05-14T03:11:04Z,e03e23c9-4df1-3eb6-a62d-f70f02301496,,,
46976cf7-b0bf-be20-39a5-9f425a52886d,,1989-05-14T03:11:04Z,1990-05-13T03:11:04Z,e03e23c9-4df1-3eb6-a62d-f70f02301496,,,
46976cf7-b0bf-be20-39a5-9f425a52886d,,1990-05-13T03:11:04Z,1991-05-12T03:11:04Z,e03e23c9-4df1-3eb6-a62d-f70f02301496,,,
46976cf7-b0bf-be20-39a5-9f425a52886d,,1991-05-12T03:11:04Z,1992-05-10T03:11:04Z,e03e23c9-4df1-3eb6-a62d-f70f02301496,,,
46976cf7-b0bf-be20-39a5-9f425a52886d,,1992-05-10T03:11:04Z,1993-05-09T03:11:04Z,e03e23c9-4df1-3eb6-a62d-f70f02301496,,,
46976cf7-b0bf-be20-39a5-9f425a52886d,,1993-05-09T03:11:04Z,1994-05-08T03:11:04Z,e03e23c9-4df1-3eb6-a62d-f70f02301496,,,
46976cf7-b0bf-be20-39a5-9f425a52886d,,1994-05-08T03:11:04Z,1995-05-14T03:11:04Z,e03e23c9-4df1-3eb6-a62d-f70f02301496,,,
46976cf7-b0bf-be20-39a5-9f425a52886d,,1995-05-14T03:11:04Z,1996-05-12T03:11:04Z,e03e23c9-4df1-3eb6-a62d-f70f02301496,,,
46976cf7-b0bf-be20-39a5-9f425a52886d,,1996-05-12T03:11:04Z,1997-05-11T03:11:04Z,e03e23c9-4df1-3eb6-a62d-f70f02301496,,,
46976cf7-b0bf-be20-39a5-9f425a52886d,,1997-05-11T03:11:04Z,1998-05-10T03:11:04Z,e03e23c9-4df1-3eb6-a62d-f70f02301496,,,
46976cf7-b0bf-be20-39a5-9f425a52886d,,1998-05-10T03:11:04Z,1999-05-09T03:11:04Z,e03e23c9-4df1-3eb6-a62d-f70f02301496,,,
46976cf7-b0bf-be20-39a5-9f425a52886d,,1999-05-09T03:11:04Z,2000-05-14T03:11:04Z,e03e23c9-4df1-3eb6-a62d-f70f02301496,,,
46976cf7-b0bf-be20-39a5-9f425a52886d,,2000-05-14T03:11:04Z,2001-05-13T03:11:04Z,e03e23c9-4df1-3eb6-a62d-f70f02301496,,,
46976cf7-b0bf-be20-39a5-9f425a52886d,,2001-05-13T03:11:04Z,2002-05-12T03:11:04Z,e03e23c9-4df1-3eb6-a62d-f70f02301496,,,
46976cf7-b0bf-be20-39a5-9f425a52886d,,2002-05-12T03:11:04Z,2003-05-11T03:11:04Z,e03e23c9-4df1-3eb6-a62d-f70f02301496,,,
46976cf7-b0bf-be20-39a5-9f425a52886d,,2003-05-11T03:11:04Z,2004-05-09T03:11:04Z,e03e23c9-4df1-3eb6-a62d-f70f02301496,,,
46976cf7-b0bf-be20-39a5-9f425a52886d,,2004-05-09T03:11:04Z,2005-05-08T03:11:04Z,e03e23c9-4df1-3eb6-a62d-f70f02301496,,,
46976cf7-b0bf-be20-39a5-9f425a52886d,,2005-05-08T03:11:04Z,2006-05-14T03:11:04Z,e03e23c9-4df1-3eb6-a62d-f70f02301496,,,
46976cf7-b0bf-be20-39a5-9f425a52886d,,2006-05-14T03:11:04Z,2007-05-13T03:11:04Z,e03e23c9-4df1-3eb6-a62d-f70f02301496,,,
46976cf7-b0bf-be20-39a5-9f425a52886d,,2007-05-13T03:11:04Z,2008-05-11T03:11:04Z,e03e23c9-4df1-3eb6-a62d-f70f02301496,,,
46976cf7-b0bf-be20-39a5-9f425a52886d,,2008-05-11T03:11:04Z,2009-05-10T03:11:04Z,e03e23c9-4df1-3eb6-a62d-f70f02301496,,,
46976cf7-b0bf-be20-39a5-9f425a52886d,,2009-05-10T03:11:04Z,2010-05-09T03:11:04Z,e03e23c9-4df1-3eb6-a62d-f70f02301496,,,
46976cf7-b0bf-be20-39a5-9f425a52886d,,2010-05-09T03:11:04Z,2011-05-08T03:11:04Z,e03e23c9-4df1-3eb6-a62d-f70f02301496,,,
46976cf7-b0bf-be20-39a5-9f425a52886d,,2011-05-08T03:11:04Z,2012-05-13T03:11:04Z,e03e23c9-4df1-3eb6-a62d-f70f02301496,,,
46976cf7-b0bf-be20-39a5-9f425a52886d,,2012-05-13T03:11:04Z,2013-05-12T03:11:04Z,e03e23c9-4df1-3eb6-a62d-f70f02301496,,,
46976cf7-b0bf-be20-39a5-9f425a52886d,,2013-05-12T03:11:04Z,2014-05-11T03:11:04Z,e03e23c9-4df1-3eb6-a62d-f70f02301496,,,
46976cf7-b0bf-be20-39a5-9f425a52886d,,2014-05-11T03:11:04Z,2015-05-10T03:11:04Z,e03e23c9-4df1-3eb6-a62d-f70f02301496,,,
46976cf7-b0bf-be20-39a5-9f425a52886d,,2015-05-10T03:11:04Z,2016-05-08T03:11:04Z,e03e23c9-4df1-3eb6-a62d-f70f02301496,,,
46976cf7-b0bf-be20-39a5-9f425a52886d,,2016-05-08T03:11:04Z,2017-05-14T03:11:04Z,e03e23c9-4df1-3eb6-a62d-f70f02301496,,,
46976cf7-b0bf-be20-39a5-9f425a52886d,,2017-05-14T03:11:04Z,2018-05-13T03:11:04Z,e03e23c9-4df1-3eb6-a62d-f70f02301496,,,
46976cf7-b0bf-be20-39a5-9f425a52886d,46976cf7-b0bf-be20-32cd-ea1752196972,2018-05-13T03:11:04Z,2019-05-12T03:11:04Z,df166300-5a78-3502-a46a-832842197811,,Self,Lindsay928 Deja232 Pollich983
46976cf7-b0bf-be20-39a5-9f425a52886d,,2019-05-12T03:11:04Z,2020-05-10T03:11:04Z,e03e23c9-4df1-3eb6-a62d-f70f02301496,,,
46976cf7-b0bf-be20-39a5-9f425a52886d,,2020-05-10T03:11:04Z,2021-05-09T03:11:04Z,e03e23c9-4df1-3eb6-a62d-f70f02301496,,,
46976cf7-b0bf-be20-39a5-9f425a52886d,,2021-05-09T03:11:04Z,2022-05-08T03:11:04Z,e03e23c9-4df1-3eb6-a62d-f70f02301496,,,
46976cf7-b0bf-be20-39a5-9f425a52886d,,2022-05-08T03:11:04Z,2023-05-14T03:11:04Z,e03e23c9-4df1-3eb6-a62d-f70f02301496,,,
46976cf7-b0bf-be20-39a5-9f425a52886d,,2023-05-14T03:11:04Z,2024-05-12T03:11:04Z,e03e23c9-4df1-3eb6-a62d-f70f02301496,,,
46976cf7-b0bf-be20-39a5-9f425a52886d,,2024-05-12T03:11:04Z,2025-05-11T03:11:04Z,e03e23c9-4df1-3eb6-a62d-f70f02301496,,,
46976cf7-b0bf-be20-39a5-9f425a52886d,,2025-05-11T03:11:04Z,2026-05-10T03:11:04Z,e03e23c9-4df1-3eb6-a62d-f70f02301496,,,
46976cf7-b0bf-be20-39a5-9f425a52886d,,2026-05-10T03:11:04Z,2027-05-08T03:11:04Z,e03e23c9-4df1-3eb6-a62d-f70f02301496,,,
76b20010-c318-5754-8c85-983aa538522f,76b20010-c318-5754-5b19-9f7318352a23,1992-09-18T01:52:48Z,1993-09-24T01:52:48Z,df166300-5a78-3502-a46a-832842197811,,Self,Shondra529 Hickle134
76b20010-c318-5754-8c85-983aa538522f,76b20010-c318-5754-e1b6-6e9cbe6d9443,1993-09-24T01:52:48Z,1994-09-23T01:52:48Z,df166300-5a78-3502-a46a-832842197811,,Self,Shondra529 Hickle134
76b20010-c318-5754-8c85-983aa538522f,76b20010-c318-5754-ab9f-bb68300ba435,1994-09-23T01:52:48Z,1995-09-22T01:52:48Z,df166300-5a78-3502-a46a-832842197811,,Self,Shondra529 Hickle134
76b20010-c318-5754-8c85-983aa538522f,76b20010-c318-5754-fe6b-cc09ba90e26c,1995-09-22T01:52:48Z,1996-09-20T01:52:48Z,df166300-5a78-3502-a46a-832842197811,,Self,Shondra529 Hickle134
76b20010-c318-5754-8c85-983aa538522f,76b20010-c318-5754-4251-ab0fa0d8091f,1996-09-20T01:52:48Z,1997-09-19T01:52:48Z,df166300-5a78-3502-a46a-832842197811,,Self,Shondra529 Hickle134
76b20010-c318-5754-8c85-983aa538522f,76b20010-c318-5754-537f-c19c474ba54f,1997-09-19T01:52:48Z,1998-09-18T01:52:48Z,df166300-5a78-3502-a46a-832842197811,,Self,Shondra529 Hickle134
76b20010-c318-5754-8c85-983aa538522f,76b20010-c318-5754-8e89-fcabf48fa1f9,1998-09-18T01:52:48Z,1999-09-24T01:52:48Z,df166300-5a78-3502-a46a-832842197811,,Self,Shondra529 Hickle134
76b20010-c318-5754-8c85-983aa538522f,76b20010-c318-5754-1505-d7b7e1cbb9d5,1999-09-24T01:52:48Z,2000-09-22T01:52:48Z,df166300-5a78-3502-a46a-832842197811,,Self,Shondra529 Hickle134
76b20010-c318-5754-8c85-983aa538522f,76b20010-c318-5754-dff2-9693c3ba8795,2000-09-22T01:52:48Z,2001-09-21T01:52:48Z,df166300-5a78-3502-a46a-832842197811,,Self,Shondra529 Hickle134
76b20010-c318-5754-8c85-983aa538522f,76b20010-c318-5754-ff98-a738fa6338d5,2001-09-21T01:52:48Z,2002-09-20T01:52:48Z,df166300-5a78-3502-a46a-832842197811,,Self,Shondra529 Hickle134
76b20010-c318-5754-8c85-983aa538522f,76b20010-c318-5754-a38b-55fbdb18b872,2002-09-20T01:52:48Z,2003-09-19T01:52:48Z,df166300-5a78-3502-a46a-832842197811,,Self,Shondra529 Hickle134
76b20010-c318-5754-8c85-983aa538522f,76b20010-c318-5754-0277-ee52365455c0,2003-09-19T01:52:48Z,2004-09-24T01:52:48Z,df166300-5a78-3502-a46a-832842197811,,Self,Shondra529 Hickle134
76b20010-c318-5754-8c85-983aa538522f,76b20010-c318-5754-3b2e-a50076a06055,2004-09-24T01:52:48Z,2005-09-23T01:52:48Z,df166300-5a78-3502-a46a-832842197811,,Self,Shondra529 Hickle134
76b20010-c318-5754-8c85-983aa538522f,76b20010-c318-5754-34eb-56b197b8b001,2005-09-23T01:52:48Z,2006-09-22T01:52:48Z,df166300-5a78-3502-a46a-832842197811,,Self,Shondra529 Hickle134
76b20010-c318-5754-8c85-983aa538522f,76b20010-c318-5754-bd31-96b75fbcb601,2006-09-22T01:52:48Z,2007-09-21T01:52:48Z,df166300-5a78-3502-a46a-832842197811,,Self,Shondra529 Hickle134
76b20010-c318-5754-8c85-983aa538522f,76b20010-c318-5754-2e93-59433c7d3e70,2007-09-21T01:52:48Z,2008-09-19T01:52:48Z,df166300-5a78-3502-a46a-832842197811,,Self,Shondra529 Hickle134
76b20010-c318-5754-8c85-983aa538522f,76b20010-c318-5754-3117-2c1b65a10dad,2008-09-19T01:52:48Z,2009-09-18T01:52:48Z,df166300-5a78-3502-a46a-832842197811,,Self,Shondra529 Hickle134
76b20010-c318-5754-8c85-983aa538522f,76b20010-c318-5754-e56d-57dc2d420e76,2009-09-18T01:52:48Z,2010-09-24T01:52:48Z,df166300-5a78-3502-a46a-832842197811,,Self,Shondra529 Hickle134
76b20010-c318-5754-8c85-983aa538522f,76b20010-c318-5754-8abb-f1e55132c90b,2010-09-24T01:52:48Z,2011-09-23T01:52:48Z,df166300-5a78-3502-a46a-832842197811,,Self,Shondra529 Hickle134
76b20010-c318-5754-8c85-983aa538522f,76b20010-c318-5754-ec98-728a4d6bd4d8,2011-09-23T01:52:48Z,2012-09-21T01:52:48Z,df166300-5a78-3502-a46a-832842197811,,Self,Shondra529 Hickle134
76b20010-c318-5754-8c85-983aa538522f,76b20010-c318-5754-2620-79d4f2aec583,2012-09-21T01:52:48Z,2013-09-20T01:52:48Z,df166300-5a78-3502-a46a-832842197811,,Self,Shondra529 Hickle134
76b20010-c318-5754-8c85-983aa538522f,76b20010-c318-5754-a2f2-2d256d5453d7,2013-09-20T01:52:48Z,2014-09-19T01:52:48Z,df166300-5a78-3502-a46a-832842197811,,Self,Shondra529 Hickle134
76b20010-c318-5754-8c85-983aa538522f,76b20010-c318-5754-612c-85690e0de13f,2014-09-19T01:52:48Z,2015-09-18T01:52:48Z,df166300-5a78-3502-a46a-832842197811,,Self,Shondra529 Hickle134
76b20010-c318-5754-8c85-983aa538522f,76b20010-c318-5754-0c15-b950b1baf472,2015-09-18T01:52:48Z,2016-09-23T01:52:48Z,df166300-5a78-3502-a46a-832842197811,,Self,Shondra529 Hickle134
76b20010-c318-5754-8c85-983aa538522f,76b20010-c318-5754-1f25-1e1a726b5eb1,2016-09-23T01:52:48Z,2017-09-22T01:52:48Z,df166300-5a78-3502-a46a-832842197811,,Self,Shondra529 Hickle134
76b20010-c318-5754-8c85-983aa538522f,76b20010-c318-5754-6401-9fe3d9bb24da,2017-09-22T01:52:48Z,2018-09-21T01:52:48Z,df166300-5a78-3502-a46a-832842197811,,Self,Shondra529 Hickle134
76b20010-c318-5754-8c85-983aa538522f,76b20010-c318-5754-aa04-2795f6d8df0a,2018-09-21T01:52:48Z,2019-09-20T01:52:48Z,df166300-5a78-3502-a46a-832842197811,,Self,Shondra529 Hickle134
76b20010-c318-5754-8c85-983aa538522f,76b20010-c318-5754-5107-04a6daaf44bc,2019-09-20T01:52:48Z,2020-09-18T01:52:48Z,df166300-5a78-3502-a46a-832842197811,,Self,Shondra529 Hickle134
76b20010-c318-5754-8c85-983aa538522f,76b20010-c318-5754-8911-c2b5ff5b76b5,2020-09-18T01:52:48Z,2021-09-24T01:52:48Z,df166300-5a78-3502-a46a-832842197811,,Self,Shondra529 Hickle134
76b20010-c318-5754-8c85-983aa538522f,76b20010-c318-5754-d95e-f6a23e7e2e02,2021-09-24T01:52:48Z,2022-09-23T01:52:48Z,df166300-5a78-3502-a46a-832842197811,,Self,Shondra529 Kyra237 Spinka232
76b20010-c318-5754-8c85-983aa538522f,76b20010-c318-5754-a82c-32604f1e42e6,2022-09-23T01:52:48Z,2023-09-22T01:52:48Z,df166300-5a78-3502-a46a-832842197811,,Spouse,Mr. Spinka232
76b20010-c318-5754-8c85-983aa538522f,76b20010-c318-5754-4197-82939aac8d1f,2023-09-22T01:52:48Z,2024-09-20T01:52:48Z,df166300-5a78-3502-a46a-832842197811,,Spouse,Mr. Spinka232
76b20010-c318-5754-8c85-983aa538522f,76b20010-c318-5754-cfa5-177c2d29fd94,2024-09-20T01:52:48Z,2025-09-19T01:52:48Z,df166300-5a78-3502-a46a-832842197811,,Spouse,Mr. Spinka232
76b20010-c318-5754-8c85-983aa538522f,76b20010-c318-5754-50ca-49db957ec475,2025-09-19T01:52:48Z,2026-09-18T01:52:48Z,df166300-5a78-3502-a46a-832842197811,,Spouse,Mr. Spinka232
76b20010-c318-5754-8c85-983aa538522f,76b20010-c318-5754-0a3a-2b80da7e3306,2026-09-18T01:52:48Z,2027-09-18T01:52:48Z,df166300-5a78-3502-a46a-832842197811,,Self,Shondra529 Kyra237 Spinka232
c86c400e-ff88-a1e3-2e23-caa4d8311f47,,1985-12-21T19:18:57Z,1986-12-27T19:18:57Z,e03e23c9-4df1-3eb6-a62d-f70f02301496,,,
c86c400e-ff88-a1e3-2e23-caa4d8311f47,,1986-12-27T19:18:57Z,1987-12-26T19:18:57Z,e03e23c9-4df1-3eb6-a62d-f70f02301496,,,
c86c400e-ff88-a1e3-2e23-caa4d8311f47,,1987-12-26T19:18:57Z,1988-12-24T19:18:57Z,e03e23c9-4df1-3eb6-a62d-f70f02301496,,,
c86c400e-ff88-a1e3-2e23-caa4d8311f47,,1988-12-24T19:18:57Z,1989-12-23T19:18:57Z,e03e23c9-4df1-3eb6-a62d-f70f02301496,,,
c86c400e-ff88-a1e3-2e23-caa4d8311f47,,1989-12-23T19:18:57Z,1990-12-22T19:18:57Z,e03e23c9-4df1-3eb6-a62d-f70f02301496,,,
c86c400e-ff88-a1e3-2e23-caa4d8311f47,,1990-12-22T19:18:57Z,1991-12-21T19:18:57Z,e03e23c9-4df1-3eb6-a62d-f70f02301496,,,
c86c400e-ff88-a1e3-2e23-caa4d8311f47,,1991-12-21T19:18:57Z,1992-12-26T19:18:57Z,e03e23c9-4df1-3eb6-a62d-f70f02301496,,,
c86c400e-ff88-a1e3-2e23-caa4d8311f47,,1992-12-26T19:18:57Z,1993-12-25T19:18:57Z,e03e23c9-4df1-3eb6-a62d-f70f02301496,,,
c86c400e-ff88-a1e3-2e23-caa4d8311f47,,1993-12-25T19:18:57Z,1994-12-24T19:18:57Z,e03e23c9-4df1-3eb6-a62d-f70f02301496,,,
c86c400e-ff88-a1e3-2e23-caa4d8311f47,,1994-12-24T19:18:57Z,1995-12-23T19:18:57Z,e03e23c9-4df1-3eb6-a62d-f70f02301496,,,
c86c400e-ff88-a1e3-2e23-caa4d8311f47,,1995-12-23T19:18:57Z,1996-12-21T19:18:57Z,e03e23c9-4df1-3eb6-a62d-f70f02301496,,,
c86c400e-ff88-a1e3-2e23-caa4d8311f47,,1996-12-21T19:18:57Z,1997-12-27T19:18:57Z,e03e23c9-4df1-3eb6-a62d-f70f02301496,,,
c86c400e-ff88-a1e3-2e23-caa4d8311f47,,1997-12-27T19:18:57Z,1998-12-26T19:18:57Z,e03e23c9-4df1-3eb6-a62d-f70f02301496,,,
c86c400e-ff88-a1e3-2e23-caa4d8311f47,,1998-12-26T19:18:57Z,1999-12-25T19:18:57Z,e03e23c9-4df1-3eb6-a62d-f70f02301496,,,
c86c400e-ff88-a1e3-2e23-caa4d8311f47,,1999-12-25T19:18:57Z,2000-12-23T19:18:57Z,e03e23c9-4df1-3eb6-a62d-f70f02301496,,,
c86c400e-ff88-a1e3-2e23-caa4d8311f47,,2000-12-23T19:18:57Z,2001-12-22T19:18:57Z,e03e23c9-4df1-3eb6-a62d-f70f02301496,,,
c86c400e-ff88-a1e3-2e23-caa4d8311f47,,2001-12-22T19:18:57Z,2002-12-21T19:18:57Z,e03e23c9-4df1-3eb6-a62d-f70f02301496,,,
c86c400e-ff88-a1e3-2e23-caa4d8311f47,,2002-12-21T19:18:57Z,2003-12-27T19:18:57Z,e03e23c9-4df1-3eb6-a62d-f70f02301496,,,
c86c400e-ff88-a1e3-2e23-caa4d8311f47,,2003-12-27T19:18:57Z,2004-12-25T19:18:57Z,e03e23c9-4df1-3eb6-a62d-f70f02301496,,,
c86c400e-ff88-a1e3-2e23-caa4d8311f47,,2004-12-25T19:18:57Z,2005-12-24T19:18:57Z,e03e23c9-4df1-3eb6-a62d-f70f02301496,,,
c86c400e-ff88-a1e3-2e23-caa4d8311f47,,2005-12-24T19:18:57Z,2006-12-23T19:18:57Z,e03e23c9-4df1-3eb6-a62d-f70f02301496,,,
c86c400e-ff88-a1e3-2e23-caa4d8311f47,c86c400e-ff88-a1e3-66e5-158791f43f09,2006-12-23T19:18:57Z,2007-12-22T19:18:57Z,734afbd6-4794-363b-9bc0-6a3981533ed5,,Self,Chrissy459 Greenfelder433
c86c400e-ff88-a1e3-2e23-caa4d8311f47,c86c400e-ff88-a1e3-262d-149b1ae2d485,2007-12-22T19:18:57Z,2008-12-27T19:18:57Z,8fa6c185-e44e-3e34-8bd8-39be8694f4ce,,Self,Chrissy459 Greenfelder433
c86c400e-ff88-a1e3-2e23-caa4d8311f47,c86c400e-ff88-a1e3-20ef-4525358a8bcf,2008-12-27T19:18:57Z,2009-12-26T19:18:57Z,8fa6c185-e44e-3e34-8bd8-39be8694f4ce,,Self,Chrissy459 Greenfelder433
c86c400e-ff88-a1e3-2e23-caa4d8311f47,c86c400e-ff88-a1e3-b6d5-1434e5729544,2009-12-26T19:18:57Z,2010-12-25T19:18:57Z,8fa6c185-e44e-3e34-8bd8-39be8694f4ce,,Self,Chrissy459 Greenfelder433
c86c400e-ff88-a1e3-2e23-caa4d8311f47,c86c400e-ff88-a1e3-d8a9-b3cb91457aa3,2010-12-25T19:18:57Z,2011-12-24T19:18:57Z,8fa6c185-e44e-3e34-8bd8-39be8694f4ce,,Self,Chrissy459 Greenfelder433
c86c400e-ff88-a1e3-2e23-caa4d8311f47,c86c400e-ff88-a1e3-bb53-5054c7d603c8,2011-12-24T19:18:57Z,2012-12-22T19:18:57Z,8fa6c185-e44e-3e34-8bd8-39be8694f4ce,,Self,Chrissy459 Greenfelder433
c86c400e-ff88-a1e3-2e23-caa4d8311f47,c86c400e-ff88-a1e3-e134-6bd29ae04a22,2012-12-22T19:18:57Z,2013-12-21T19:18:57Z,0133f751-9229-3cfd-815f-b6d4979bdd6a,,Self,Chrissy459 Greenfelder433
c86c400e-ff88-a1e3-2e23-caa4d8311f47,c86c400e-ff88-a1e3-3cbe-b84f191f8044,2013-12-21T19:18:57Z,2014-12-27T19:18:57Z,734afbd6-4794-363b-9bc0-6a3981533ed5,,Self,Chrissy459 Greenfelder433
c86c400e-ff88-a1e3-2e23-caa4d8311f47,c86c400e-ff88-a1e3-7e96-39f47c920f70,2014-12-27T19:18:57Z,2015-12-26T19:18:57Z,734afbd6-4794-363b-9bc0-6a3981533ed5,,Spouse,Mr. Stanton715
c86c400e-ff88-a1e3-2e23-caa4d8311f47,c86c400e-ff88-a1e3-9cc1-a5662d833d5a,2015-12-26T19:18:57Z,2016-12-24T19:18:57Z,734afbd6-4794-363b-9bc0-6a3981533ed5,,Self,Chrissy459 Jolynn62 Stanton715
c86c400e-ff88-a1e3-2e23-caa4d8311f47,c86c400e-ff88-a1e3-4b3b-b6035c07ae08,2016-12-24T19:18:57Z,2017-12-23T19:18:57Z,0133f751-9229-3cfd-815f-b6d4979bdd6a,,Self,Chrissy459 Jolynn62 Stanton715
c86c400e-ff88-a1e3-2e23-caa4d8311f47,c86c400e-ff88-a1e3-5b2e-e57541ae7951,2017-12-23T19:18:57Z,2018-12-22T19:18:57Z,0133f751-9229-3cfd-815f-b6d4979bdd6a,,Self,Chrissy459 Jolynn62 Stanton715
c86c400e-ff88-a1e3-2e23-caa4d8311f47,c86c400e-ff88-a1e3-b445-2a6921891453,2018-12-22T19:18:57Z,2019-12-21T19:18:57Z,734afbd6-4794-363b-9bc0-6a3981533ed5,,Spouse,Mr. Stanton715
c86c400e-ff88-a1e3-2e23-caa4d8311f47,c86c400e-ff88-a1e3-453f-9cf284567292,2019-12-21T19:18:57Z,2020-12-26T19:18:57Z,734afbd6-4794-363b-9bc0-6a3981533ed5,,Spouse,Mr. Stanton715
c86c400e-ff88-a1e3-2e23-caa4d8311f47,c86c400e-ff88-a1e3-aef3-7f4aca256139,2020-12-26T19:18:57Z,2021-12-25T19:18:57Z,734afbd6-4794-363b-9bc0-6a3981533ed5,,Self,Chrissy459 Jolynn62 Stanton715
c86c400e-ff88-a1e3-2e23-caa4d8311f47,c86c400e-ff88-a1e3-0bf9-706fd0fa335b,2021-12-25T19:18:57Z,2022-12-24T19:18:57Z,734afbd6-4794-363b-9bc0-6a3981533ed5,,Self,Chrissy459 Jolynn62 Stanton715
c86c400e-ff88-a1e3-2e23-caa4d8311f47,c86c400e-ff88-a1e3-6ea5-43608b8c2362,2022-12-24T19:18:57Z,2023-12-23T19:18:57Z,0133f751-9229-3cfd-815f-b6d4979bdd6a,,Self,Chrissy459 Jolynn62 Stanton715
c86c400e-ff88-a1e3-2e23-caa4d8311f47,c86c400e-ff88-a1e3-34e0-848cd84c6705,2023-12-23T19:18:57Z,2024-12-21T19:18:57Z,0133f751-9229-3cfd-815f-b6d4979bdd6a,,Self,Chrissy459 Jolynn62 Stanton715
c86c400e-ff88-a1e3-2e23-caa4d8311f47,c86c400e-ff88-a1e3-88e2-2aa98b9bc5cf,2024-12-21T19:18:57Z,2025-12-27T19:18:57Z,0133f751-9229-3cfd-815f-b6d4979bdd6a,,Self,Chrissy459 Jolynn62 Stanton715
c86c400e-ff88-a1e3-2e23-caa4d8311f47,c86c400e-ff88-a1e3-e609-e6b6ad23a441,2025-12-27T19:18:57Z,2026-12-21T19:18:57Z,0133f751-9229-3cfd-815f-b6d4979bdd6a,,Self,Chrissy459 Jolynn62 Stanton715
