Id,ORGANIZATION,NAME,GENDER,SPECIALITY,ADDRESS,CITY,STATE,ZIP,LAT,LON,ENCOUNTERS,PROCEDURES
bf84829b-f1be-3b2d-b563-405cc1c4a017,588f6ce6-b8db-3588-8189-29db2680a313,Concepción765 Serrano248,F,GENERAL PRACTICE,461 WALNUT AVE,JAMAICA PLAIN,MA,021302331,42.311587599999996,-71.09800136347226,45,0
7694cddc-bca6-356f-b0de-62cae60d0edf,75f0d4cd-dbbb-3037-b6ad-2e99665728c7,Trenton748 Johns824,M,GENERAL PRACTICE,70 FULTON ST,BOSTON,MA,021091402,42.362439499999994,-71.05377386223965,33,0
feb18d7d-c517-3ed5-a711-6d21cae0657f,2e1eaaf1-ebb0-332c-8921-f48e15b91879,Joshua658 Rutherford999,M,GENERAL PRACTICE,2 SEAPORT DRIVE,QUINCY,MA,021711599,42.29287335,-71.03019020136307,7,0
8a9cee3b-b034-3189-807d-36fd568f20b3,02c936e2-3aee-38b2-88a4-81f3689b7bb7,Nolan344 Ullrich385,M,GENERAL PRACTICE,120 FISHER AVENUE,BOSTON,MA,021203320,42.3276141,-71.1051603,7,0
0187e778-849d-39b1-9af0-d465777ec596,a14e698d-a9ba-3eae-9c8b-682ec726433d,Wendie72 Stroman228,F,GENERAL PRACTICE,776 WESTERN AVE,LYNN,MA,019052408,42.466763,-70.9494939,5,0
4cc7e5fb-e2ac-343d-a192-99af23feee33,6cf8a214-8d57-3267-85e5-7719e15cd63e,Rosette746 Bruen238,F,GENERAL PRACTICE,170 MORTON STREET,JAMAICA PLAIN,MA,021303735,42.299067750000006,-71.10124351911541,136,0
bcf26df0-9031-32e7-9e73-80c2e7d6f4bc,0fedae9f-701f-3317-9b2f-69aea2202cdc,Adrian111 Murazik203,M,GENERAL PRACTICE,88 EAST NEWTON STREET,WINTHROP,MA,021522715,42.3750976,-70.982827,307,0
b336b20a-6251-3821-87ed-bb07c9312e0d,f480acd0-7ef1-350d-aae6-d8e7d53ace57,Rozella39 Bahringer146,F,GENERAL PRACTICE,1193 SEA ST,QUINCY,MA,021693544,42.26883395,-70.95264075087945,32,0
6b0ebbb7-bcbd-377e-8c96-0453417f9613,22249c0a-8ce9-3726-a3bb-b037c773ce5c,George991 Larkin917,F,GENERAL PRACTICE,337 NEPONSET AVENUE,DORCHESTER,MA,021223103,42.2875144,-71.0470691675753,12,0
825aba56-94c6-3592-a0a9-b39a6b0d9a64,39c15c0f-5c49-311e-99d2-1fb99d80e06e,Talitha643 Breitenberg711,F,GENERAL PRACTICE,398 NEPONSET AVE,DORCHESTER,MA,021223134,42.286764399999996,-71.04402811508834,35,0
64a394d3-0c07-3a46-9ad1-08e8095687ee,bccd7d67-203c-3d93-b6b0-bff5a146cd1d,Louis204 Klocko335,M,GENERAL PRACTICE,286 WASHINGTON ST,STOUGHTON,MA,020721763,42.1384306,-71.1022598,1,0
953e2af9-a0fd-358d-a506-bc9f076a676a,50c47685-8125-3c50-8311-8bd7ba9e9108,Yoshiko258 Purdy2,F,GENERAL PRACTICE,4199 WASHINGTON ST,ROSLINDALE,MA,021311733,42.2871447,-71.1277526,42,0
d39fa101-8149-3537-8e95-ab6d45e80eb6,be509ccb-bfb7-3b87-8945-8426b689ef9d,Pasquale620 Bode78,M,GENERAL PRACTICE,2049 DORCHESTER AVENUE,BOSTON,MA,021244742,42.3554334,-71.060511,2,0
9c701926-c4dc-330d-9602-0d010bb1b3bd,63b4f233-fb49-3b1e-a17c-2d572367b131,Ileen763 Brakus656,F,GENERAL PRACTICE,2222 CENTRE STREET,WEST ROXBURY,MA,021324034,42.27370345,-71.15856364656862,80,0
cb2c3f27-d2bd-3f9a-8ed3-955b2f40100a,a2cc09de-c1e2-3126-8c09-d49f95225281,Ana María762 Peña909,F,GENERAL PRACTICE,300 LONGWOOD AVE,WALTHAM,MA,024532741,42.3756401,-71.2358004,61,0
218d92cb-7737-331a-b57d-39c001dbfe12,c0132cf6-1703-3aad-89b4-cc2f2bbc123e,Farah862 Tromp100,F,GENERAL PRACTICE,66 NEWTON STREET,WALTHAM,MA,024536058,42.3746705,-71.22789736306842,5,0
7120be39-991a-3c22-b145-c9eb3ed1a037,79d49935-bcc0-36ca-920b-45365c367438,Neal874 Harvey63,M,GENERAL PRACTICE,409 W BROADWAY,SOUTH BOSTON,MA,021272245,42.336831,-71.047958,35,0
7c19e4ec-c781-3899-b692-776829b4a172,b3312a2d-37e9-35a8-b50d-6c165c437baa,Creola518 Schroeder447,F,GENERAL PRACTICE,45 DIMOCK ST,ROXBURY,MA,021191029,42.32030665,-71.09721114916246,9,0
84aa5ae9-3636-395a-9791-9babf5235355,04b252db-4231-3cb5-963d-6f096fb4b97c,Zachary28 Schowalter414,M,GENERAL PRACTICE,1177 PROVIDENCE HIGHWAY,NORWOOD,MA,020625019,42.194543,-71.1994976,7,0
0aadd02b-22cc-3d95-823e-e32ae543f58b,940d491c-ad61-3bd3-9054-d6d884280934,Wilburn655 Berge125,M,GENERAL PRACTICE,321 CENTRE STREET,DORCHESTER,MA,021221112,42.29394375,-71.06005213312326,1,0
581b2141-8b90-3d0c-9124-735efa5a7073,41e2a44c-477c-3511-96f9-12c476aa3b6a,Walter473 Volkman526,M,GENERAL PRACTICE,85 E NEWTON ST,BOSTON,MA,021183553,42.336277100000004,-71.07085295687423,119,0
d610c3b1-e7e2-3872-9ed2-5514d269ba2a,67d2f85b-ddc7-3ed0-b90b-6fa5b7b8358a,Kasey569 Douglas31,M,GENERAL PRACTICE,43 FOUNDRY AVE,WALTHAM,MA,024538313,42.37050535,-71.21908334877376,35,0
6f890d3c-ea3c-3ef2-a92d-06a449f1bb89,0d1570ab-371c-3898-9397-95905d8c5166,Carrol931 Pollich983,F,GENERAL PRACTICE,750 WASHINGTON ST,BOSTON,MA,021111552,42.3499038,-71.0631836,41,0
c4a966fe-e53d-3a58-a77f-eee4c194aeff,22fa6d28-92b6-3446-a388-f5aba50debaf,Velvet616 Borer986,F,GENERAL PRACTICE,123 CAPTAIN'S ROW,CHELSEA,MA,021504019,42.3917638,-71.0328284,7,0
3286f75c-b57b-3ec1-8adc-56c3ed975dae,1b3fe590-8793-3f08-865d-01fc425a84d4,Fritz267 Weimann465,M,GENERAL PRACTICE,1340 BOYLSTON ST,BOSTON,MA,022154302,42.34392675,-71.09888049065322,32,0
106e92de-0822-394f-b10f-92e9d7fcdf66,125eccb3-d003-34ea-9bd8-360dff059782,Melvina326 Glover433,F,GENERAL PRACTICE,125 PARKER HILL AVENUE,DEDHAM,MA,020266146,42.2489143,-71.1755732,88,0
9ae7c7d2-3c70-3621-a72a-fa18541faa91,e68de1a0-767e-3466-b9a6-43948ee073d3,Chastity705 Collier206,F,GENERAL PRACTICE,160 WELLS AVENUE,NEWTON,MA,024593302,42.29337605,-71.19806353028767,5,0
a9080cf4-2d9f-3715-be32-465bc9fa40cc,5862e05c-9533-3f7a-8f73-215d50f5ee2f,Riley817 Dicki44,M,GENERAL PRACTICE,1200 CENTRE ST,ROSLINDALE,MA,021311000,42.29768,-71.130463,149,0
9706f8f0-06ee-3fd3-a71f-a606e4264244,25431f9a-00e4-36d8-9810-4125328eec50,Lionel365 Lynch190,M,GENERAL PRACTICE,55 FRUIT ST,WALTHAM,MA,02451,42.3756401,-71.2358004,14,0
e653501a-c6ad-3fbc-b2ed-805cd45d8d20,121b0ad1-1beb-3caa-9271-3d3f726bb727,Jimmie93 Herzog843,F,GENERAL PRACTICE,1030 MAIN STREET,WALTHAM,MA,024517447,42.375828,-71.2527956,2,0
54a29773-0ec2-3927-a134-368de551926c,0a2252ba-33de-322f-8f0a-e5b0141f1780,Guillermo498 Echevarría842,M,GENERAL PRACTICE,632 BLUE  HILL AVENUE,DORCHESTER,MA,021213213,42.2941088,-71.0885355,37,0
dea58a5f-edf4-3374-a301-212036804eb3,d70d47dc-b40c-3a04-8342-35cbfe716409,Roxanne257 Lebsack687,F,GENERAL PRACTICE,83 LITTLEFIELD RD,NEWTON,MA,024593010,42.3104327,-71.18883283411856,34,0
66ad092c-db46-363e-ae75-a54add99a69f,ba07b31b-bf14-39b8-be95-4c5ca5062daa,Corey514 Nitzsche158,M,GENERAL PRACTICE,1575 CAMBRIDGE ST,CAMBRIDGE,MA,021384308,42.375209549999994,-71.10711344152975,95,0
