split,seed,transform,failed,best_epoch,epochs_run,best_valid_nll,test_nll,seconds,nonfinite_loss_batches,nonfinite_grad_batches,clipped_batches,max_grad_norm,c,c2,c4,ibs,ibll,ibs2,ibll2,ibs4,ibll4,tail_q99train_meanS,tail_maxtrain_meanS,tail_2xmaxtrain_meanS,max_train_time,max_test_time
1,1,softplus,False,14,24,0.6664716526865959,0.5373993886987392,0.8593730926513672,0,0,0,1.4391849040985107,0.6215032628476621,0.621896887008646,0.6203362952808049,0.1906122730592864,-0.5614557338149836,0.1981362567721125,-0.5799020889138373,0.206151538900109,-0.5977953789324445,0.1938834935426712,0.1862363517284393,0.0086903162300586,5.5560992470910335,5.536934291581109
1,1,exp,False,5,15,0.6479430124163628,0.5310219913876395,0.5453579425811768,0,0,0,0.9788410663604736,0.6194904226942505,0.6192079984423179,0.6175422983959095,0.1885878334515524,-0.5554095805296235,0.1958046047819877,-0.5730767949590907,0.2035711742572697,-0.5912097810936405,0.2516459822654724,0.2486561983823776,0.1560660451650619,5.5560992470910335,5.536934291581109
2,1,softplus,False,17,27,0.7136630825698376,0.5321135004617763,0.7691564559936523,0,0,0,2.0094428062438965,0.623888733563078,0.6251577712581001,0.6227074557717304,0.1883722972085248,-0.5554526957279582,0.1954854946349247,-0.5729354757416003,0.2041492769445075,-0.5933710935754258,0.1982898712158203,0.1907183974981308,0.0097444672137498,5.5560992470910335,5.547885694729637
2,1,exp,False,5,15,0.6945830658078194,0.5246112365369642,0.4557042121887207,0,0,0,1.180559754371643,0.6248791388666235,0.6249741593261418,0.623502102969992,0.1891975993749149,-0.5568174354175828,0.1958805641279523,-0.5729902285944904,0.2036938478259551,-0.5914447383025845,0.2509170174598694,0.248183473944664,0.161183699965477,5.5560992470910335,5.547885694729637
3,1,softplus,False,17,27,0.6299663558602333,0.4854686742733287,0.9135432243347168,0,0,0,1.4987189769744873,0.6059154321904605,0.6059730741072613,0.6054519534644283,0.1913953413923908,-0.5669133112822697,0.1964346440544992,-0.5758389998357137,0.2029718842219601,-0.5903260998054183,0.1891558021306991,0.181388720870018,0.009096410125494,5.5560992470910335,5.5533613963039015
3,1,exp,False,8,18,0.6249783560633659,0.478237906655831,0.7481036186218262,0,0,0,1.3765887022018433,0.5902430375619343,0.5894683829282037,0.5892248577141181,0.1931912548426604,-0.5669431030269093,0.1983133838177469,-0.5786706925365738,0.2044470988643182,-0.5929783765372494,0.2418028116226196,0.2385329753160476,0.1434749662876129,5.5560992470910335,5.5533613963039015
4,1,softplus,False,17,27,0.700028233230114,0.4941716252182627,1.00758695602417,0,0,0,1.869930505752564,0.6259500221031136,0.626202634515918,0.625660087652409,0.1891419597962576,-0.555870323743243,0.1967197459012067,-0.5746004881452971,0.2041725174049895,-0.5928090816854772,0.1923056542873382,0.1850701421499252,0.0081396307796239,5.5560992470910335,5.547885694729637
4,1,exp,False,5,15,0.6820194870233536,0.4889989200506588,0.4342741966247558,0,0,0,0.9818435311317444,0.6298944362211985,0.6302651300294686,0.6294940654890344,0.1898789055065856,-0.5578038782736212,0.1967921012644677,-0.5744416847371874,0.2044843112991834,-0.5928999536459016,0.2408456355333328,0.2381945550441742,0.1512776464223861,5.5560992470910335,5.547885694729637
5,1,softplus,False,17,27,0.6382320299744606,0.4541576023460651,0.9241042137145996,0,0,0,1.936749696731568,0.6308540062182648,0.6306925107744226,0.6296281707103942,0.1879323553698458,-0.5543261930771739,0.196105549821558,-0.5746522877844334,0.2031246999490925,-0.5905864728357147,0.1844319850206375,0.1767954230308532,0.0049058948643505,5.5560992470910335,5.5560992470910335
5,1,exp,False,10,20,0.6159400939941406,0.4425765240814139,0.7649807929992676,0,0,0,1.281518578529358,0.634526086497891,0.6337768882139054,0.6329401205217459,0.1878029811733333,-0.553972550972212,0.1961081319488632,-0.5745475711372281,0.2036866248551834,-0.5918957113904887,0.2381314635276794,0.2350156605243683,0.1412291824817657,5.5560992470910335,5.5560992470910335
6,1,softplus,False,17,27,0.6629785895347595,0.536624247501898,1.028263807296753,0,0,0,1.498971462249756,0.6134415854986222,0.6133040194855467,0.6134215494091729,0.1923229105107948,-0.5667723529753792,0.1977485652324426,-0.5784525112723482,0.2052056739613856,-0.5956423728807005,0.184996873140335,0.1771799772977829,0.0057816915214061,5.5560992470910335,5.5560992470910335
6,1,exp,False,10,20,0.6559081822633743,0.5089997968359573,0.7387814521789551,0,0,0,1.5007750988006592,0.6141666998425127,0.6139993112524067,0.6144401397220683,0.1915340989425591,-0.5636345608129483,0.1972992174181459,-0.5773940770255761,0.2044145189309807,-0.5939783721661289,0.2446091920137405,0.2417488396167755,0.1544882655143737,5.5560992470910335,5.5560992470910335
7,1,softplus,False,14,24,0.6920901983976364,0.5321692845173951,0.9165372848510742,0,0,0,1.007514238357544,0.6320172844369322,0.6312542820760838,0.6300229086555303,0.1890880602986593,-0.5566620937965254,0.1966344394295289,-0.5753498873274235,0.2037471381652205,-0.5921410018959309,0.1736217737197876,0.1666258424520492,0.0068167392164468,5.5560992470910335,5.5560992470910335
7,1,exp,False,5,15,0.6763063296675682,0.5059047016946748,0.5559995174407959,0,0,0,0.7731109857559204,0.6420074925544957,0.6413530812337135,0.6397557736504322,0.1905626837846303,-0.5598500521628498,0.1979521488100841,-0.5777849334578031,0.2047285278648278,-0.5936003310954518,0.240138828754425,0.23750039935112,0.1492992043495178,5.5560992470910335,5.5560992470910335
8,1,softplus,False,15,25,0.6557472348213196,0.4965461993850705,0.7451574802398682,0,0,0,1.6148743629455566,0.636550087825314,0.6367721961475131,0.6358007622615461,0.1879420941332447,-0.5572455180026308,0.1941027012198241,-0.5707755861503232,0.2009065779129021,-0.5858980879108079,0.1781951040029525,0.1701119095087051,0.0082456199452281,5.5560992470910335,5.5560992470910335
8,1,exp,False,7,17,0.6267680525779724,0.4733549489138701,0.4782745838165283,0,0,0,1.107480764389038,0.6386050039319281,0.6382568868285848,0.637260170563614,0.1865450131634664,-0.5496497660710185,0.1929792291121604,-0.565216622961218,0.1998839180351556,-0.5816836068020667,0.23954838514328,0.2364455312490463,0.1487990319728851,5.5560992470910335,5.5560992470910335
9,1,softplus,False,20,30,0.6417820602655411,0.5776704592764048,0.8319532871246338,0,0,0,1.4299757480621338,0.6101446988754471,0.6099971420985592,0.6097616972188074,0.1918521522702677,-0.5674945855016732,0.1989720196980194,-0.582445773734891,0.2075065163945237,-0.6020960077554512,0.1911682784557342,0.1843648552894592,0.0108446814119815,5.5560992470910335,5.5560992470910335
9,1,exp,False,6,16,0.6339497342705727,0.5543106668561861,0.6053695678710938,0,0,0,1.0623451471328735,0.6273321700499016,0.6271413657075866,0.6275151148480603,0.1917631289039425,-0.5643505366254683,0.1990959507781933,-0.5811663386131948,0.2075652942280795,-0.6011222435510638,0.2439169585704803,0.241246610879898,0.1574671864509582,5.5560992470910335,5.5560992470910335
10,1,softplus,False,15,25,0.6282949298620224,0.5315742025214635,0.8992836475372314,0,0,0,1.4223837852478027,0.6328745497825384,0.6320199513090631,0.6304932223414745,0.1896482802959717,-0.5594989159668354,0.1975824564058896,-0.5783579763591422,0.2054917839450566,-0.596572658233426,0.1919487118721008,0.1846568137407302,0.0075559332035481,5.5560992470910335,5.5560992470910335
10,1,exp,False,8,18,0.622900515794754,0.5188658754812198,0.6131587028503418,0,0,0,1.1033966541290283,0.6283568884308861,0.6275494450478788,0.6257359366101545,0.1884807310078807,-0.5550894581431287,0.1961646675361143,-0.5732782028983122,0.2039995602284348,-0.591830533654374,0.2480582594871521,0.2454308271408081,0.1569957882165908,5.5560992470910335,5.5560992470910335
1,2,softplus,False,18,28,0.663899227976799,0.5334459655224137,0.9424939155578612,0,0,0,1.7006638050079346,0.6158009118515702,,,0.1867556351726162,-0.5531373756334855,,,,,0.195913091301918,0.1882589310407638,0.0060511701740324,5.5560992470910335,5.536934291581109
1,2,exp,False,4,14,0.6416608020663261,0.5270220232824404,0.521425724029541,0,0,0,1.05772864818573,0.620705370724754,,,0.1900590502814924,-0.5598124583411135,,,,,0.2628099918365478,0.259757786989212,0.1629423052072525,5.5560992470910335,5.536934291581109
2,2,softplus,False,16,26,0.7079864554107189,0.5258216700374044,0.904360294342041,0,0,0,2.2337162494659424,0.6328082896276318,,,0.1872206569274463,-0.553747003670878,,,,,0.1874922662973404,0.1800492107868194,0.0079265870153903,5.5560992470910335,5.547885694729637
2,2,exp,False,5,15,0.6963763125240803,0.517126132214397,0.631702184677124,0,0,0,1.1962742805480957,0.633568392083506,,,0.1885037398859852,-0.5551255318368733,,,,,0.260027527809143,0.2572682499885559,0.1675168871879577,5.5560992470910335,5.547885694729637
3,2,softplus,False,15,25,0.6304306238889694,0.4961311746300803,0.903496265411377,0,0,0,1.3185306787490845,0.5996582687133877,,,0.1942268383935246,-0.573553752400097,,,,,0.1799520701169967,0.1715101301670074,0.0059011788107454,5.5560992470910335,5.5533613963039015
3,2,exp,False,8,18,0.6137599647045135,0.4782793255736392,0.519669771194458,0,0,0,1.3106255531311035,0.5982594980449605,,,0.1934788476001629,-0.5682052845676354,,,,,0.2491099834442138,0.2460770159959793,0.1551096886396408,5.5560992470910335,5.5533613963039015
4,2,softplus,False,16,26,0.6983081474900246,0.4884058650730671,0.8577423095703125,0,0,0,1.559403419494629,0.6223465446484754,,,0.1911161873178882,-0.5587559145641959,,,,,0.1846861094236374,0.1773459762334823,0.0057236682623624,5.5560992470910335,5.547885694729637
4,2,exp,False,4,14,0.6748746335506439,0.4935466925485732,0.3840968608856201,0,0,0,1.5231348276138306,0.6251336061257247,,,0.1903811494390374,-0.5597613481238322,,,,,0.2524809539318084,0.2495875507593155,0.1547672003507614,5.5560992470910335,5.547885694729637
5,2,softplus,False,16,26,0.6284770965576172,0.4527085962411768,0.8621189594268799,0,0,0,1.3629480600357056,0.6305629869145809,,,0.1892103095346202,-0.5574678388606013,,,,,0.1841141432523727,0.1763754934072494,0.0052080312743783,5.5560992470910335,5.5560992470910335
5,2,exp,False,5,15,0.6197377368807793,0.4359620190869653,0.5352597236633301,0,0,0,1.018413782119751,0.6389977983288491,,,0.1868891220368182,-0.5517817554276515,,,,,0.2459592074155807,0.2428454607725143,0.1453814655542373,5.5560992470910335,5.5560992470910335
6,2,softplus,False,18,28,0.6713815033435822,0.5252150184399372,0.9378063678741456,0,0,0,2.008700370788574,0.6122966234154744,,,0.192003775216262,-0.5692754178338696,,,,,0.183611050248146,0.1759440153837204,0.0057726902887225,5.5560992470910335,5.5560992470910335
6,2,exp,False,8,18,0.6528220325708389,0.5169226631924912,0.6737499237060547,0,0,0,1.132673740386963,0.6130216929809461,,,0.1917931781844772,-0.5637230627859822,,,,,0.2496099770069122,0.2466843873262405,0.1537484228610992,5.5560992470910335,5.5560992470910335
7,2,softplus,False,11,21,0.6906099021434784,0.5221917010244281,0.7544155120849609,0,0,0,1.0693144798278809,0.6413230669011732,,,0.1900951873146673,-0.5594874096736757,,,,,0.1645629554986953,0.1570808887481689,0.0039738859049975,5.5560992470910335,5.5560992470910335
7,2,exp,False,5,15,0.6810446232557297,0.5039167214056541,0.5325562953948975,0,0,0,0.6662840843200684,0.6481014136777346,,,0.1899069507185469,-0.5588791696797895,,,,,0.2424542903900146,0.2397134751081466,0.1480247229337692,5.5560992470910335,5.5560992470910335
8,2,softplus,False,14,24,0.6570959538221359,0.4890193069765178,0.71488356590271,0,0,0,1.1294987201690674,0.6334091184294942,,,0.1883948926623878,-0.5585185810502108,,,,,0.1662598699331283,0.1584958881139755,0.0073287058621644,5.5560992470910335,5.5560992470910335
8,2,exp,False,6,16,0.6374562978744507,0.4742926972645464,0.5589237213134766,0,0,0,1.201600432395935,0.6388359672695205,,,0.1876198983150457,-0.5523805553939481,,,,,0.2491545677185058,0.2459052205085754,0.1540585607290268,5.5560992470910335,5.5560992470910335
9,2,softplus,False,14,24,0.6527736783027649,0.5761163962274296,0.6576578617095947,0,0,0,1.541309833526611,0.6093379234421495,,,0.1921007190415007,-0.5688506939102934,,,,,0.1774647682905197,0.1697747856378555,0.0055696899071335,5.5560992470910335,5.5560992470910335
9,2,exp,False,7,17,0.6365988850593567,0.5644328534273811,0.6214578151702881,0,0,0,0.9770793914794922,0.6198825276184389,,,0.1914053162356332,-0.5643310436690806,,,,,0.2499036639928817,0.2471698224544525,0.159327358007431,5.5560992470910335,5.5560992470910335
10,2,softplus,False,10,20,0.6372231245040894,0.5301372356963961,0.6206889152526855,0,0,0,1.5394572019577026,0.6222241939151708,,,0.1892375774433971,-0.5600845207163838,,,,,0.1577603667974472,0.1503015309572219,0.0037578432820737,5.5560992470910335,5.5560992470910335
10,2,exp,False,6,16,0.6164446845650673,0.5149308857288254,0.4827053546905517,0,0,0,1.0463074445724487,0.6228204842792514,,,0.1900463338954768,-0.5606636769084758,,,,,0.25985848903656,0.2571781575679779,0.163286343216896,5.5560992470910335,5.5560992470910335
1,3,softplus,False,12,22,0.6713262498378754,0.5319547160174298,0.8723714351654053,0,0,0,1.9320158958435056,0.6183874852031046,,,0.1867166163982539,-0.5520353306216391,,,,,0.1697428673505783,0.1621511876583099,0.0055824993178248,5.5560992470910335,5.536934291581109
1,3,exp,False,5,15,0.6428650915622711,0.5312382036644251,0.4130403995513916,0,0,0,1.3721541166305542,0.6197078830904839,,,0.1874327179182709,-0.5525939688832837,,,,,0.2516330480575561,0.2485621571540832,0.1533903926610946,5.5560992470910335,5.536934291581109
2,3,softplus,False,17,27,0.7157901041209698,0.531100343116802,0.7530426979064941,0,0,0,2.2419209480285645,0.6344247808381737,,,0.1885226530534819,-0.5566813979013537,,,,,0.1942444741725921,0.1868728846311569,0.0089000184088945,5.5560992470910335,5.547885694729637
2,3,exp,False,4,14,0.6966464780271053,0.5231967187302204,0.440340518951416,0,0,0,0.8019809126853943,0.6245163701220815,,,0.1893825960866857,-0.5572754889546072,,,,,0.2521435022354126,0.2493175864219665,0.158394455909729,5.5560992470910335,5.547885694729637
3,3,softplus,False,12,22,0.6285875588655472,0.4902935620689549,0.684673547744751,0,0,0,1.4725781679153442,0.6060166575535378,,,0.1918645493343947,-0.5697887897852761,,,,,0.1691007763147354,0.1609372198581695,0.0054294462315738,5.5560992470910335,5.5533613963039015
3,3,exp,False,4,14,0.6186009421944618,0.4667592534506249,0.4069077968597412,0,0,0,0.8367152810096741,0.6186314052623882,,,0.1912477860066305,-0.5631351340372023,,,,,0.2463230937719345,0.2432539761066436,0.1524477303028106,5.5560992470910335,5.5533613963039015
4,3,softplus,False,12,22,0.7083684280514717,0.5032494988662631,0.7065434455871582,0,0,0,1.0685948133468628,0.6233778914011773,,,0.1899945462616733,-0.5573173542796485,,,,,0.1648893654346466,0.1579470932483673,0.0073952563107013,5.5560992470910335,5.547885694729637
4,3,exp,False,5,15,0.6796591505408287,0.4821910575366034,0.5024008750915527,0,0,0,1.0992913246154783,0.6270150001372871,,,0.1886194449644772,-0.5542194602029851,,,,,0.2414505928754806,0.2386610209941864,0.1481658518314361,5.5560992470910335,5.547885694729637
5,3,softplus,False,21,31,0.635457418859005,0.4611251364945689,0.8764395713806152,0,0,0,2.985613822937012,0.634883170029032,,,0.1851509673116036,-0.547648637042683,,,,,0.1938472688198089,0.1868148148059845,0.0117987226694822,5.5560992470910335,5.5560992470910335
5,3,exp,False,13,23,0.6182654201984406,0.438733676292188,0.6674044132232666,0,0,0,1.250957727432251,0.6359660523097542,,,0.1834792081084491,-0.544013149039328,,,,,0.2295219600200653,0.2263567596673965,0.1314848810434341,5.5560992470910335,5.5560992470910335
6,3,softplus,False,18,28,0.6731857359409332,0.539249191681544,0.8645873069763184,0,0,0,2.448251247406006,0.612924380025906,,,0.1926112415869421,-0.5685748072484937,,,,,0.1858814358711242,0.1786501407623291,0.0093389051035046,5.5560992470910335,5.5560992470910335
6,3,exp,False,12,22,0.6638902947306633,0.5253190770745277,0.7619965076446533,0,0,0,1.6187419891357422,0.6109893821315343,,,0.1920032102085637,-0.5654681449418766,,,,,0.244803100824356,0.2419111132621765,0.1531407088041305,5.5560992470910335,5.5560992470910335
7,3,softplus,False,12,22,0.6967691481113434,0.5238234876815615,0.6611244678497314,0,0,0,1.2487307786941528,0.6363746690590838,,,0.1913127620923403,-0.5621633036159712,,,,,0.1701501011848449,0.1627886295318603,0.0049987542442977,5.5560992470910335,5.5560992470910335
7,3,exp,False,6,16,0.676238976418972,0.5087823848272192,0.5895793437957764,0,0,0,1.1564310789108276,0.6372500386452993,,,0.1901419573558455,-0.5589272842596839,,,,,0.2501727342605591,0.2474264800548553,0.1528502404689788,5.5560992470910335,5.5560992470910335
8,3,softplus,False,15,25,0.6585860624909401,0.4919135753461121,1.0499897003173828,0,0,0,1.507849097251892,0.6315292394001625,,,0.1870075434028609,-0.5540293831413707,,,,,0.1721477955579757,0.1643576174974441,0.0086868330836296,5.5560992470910335,5.5560992470910335
8,3,exp,False,7,17,0.6260967329144478,0.4748208947969729,0.519026517868042,0,0,0,0.8541926145553589,0.6350690305821559,,,0.1863197059497784,-0.5496808520157592,,,,,0.2432607263326645,0.2399795353412628,0.148831307888031,5.5560992470910335,5.5560992470910335
9,3,softplus,False,13,23,0.6411487013101578,0.5629597988247212,0.8278522491455078,0,0,0,1.17902934551239,0.6192629922558497,,,0.1914335834734589,-0.5676856054945251,,,,,0.1720628589391708,0.1646792292594909,0.0071973749436438,5.5560992470910335,5.5560992470910335
9,3,exp,False,6,16,0.6326615512371063,0.5529552310869839,0.5501601696014404,0,0,0,1.2605069875717163,0.6219690555624752,,,0.1912354820095034,-0.5628850751959061,,,,,0.2482918053865432,0.2454675137996673,0.1567590236663818,5.5560992470910335,5.5560992470910335
10,3,softplus,False,12,22,0.6460373401641846,0.5240736587914858,0.6660385131835938,0,0,0,1.1307278871536257,0.6365589850691473,,,0.1896758562344456,-0.5600638969689306,,,,,0.1790548712015152,0.1720038950443267,0.0081962496042251,5.5560992470910335,5.5560992470910335
10,3,exp,False,6,16,0.6174741387367249,0.5182169185930423,0.5050923824310303,0,0,0,1.1296663284301758,0.6288818430771792,,,0.1906427830872194,-0.5610112663879064,,,,,0.2497773468494415,0.2470630556344986,0.155242919921875,5.5560992470910335,5.5560992470910335
1,4,softplus,False,11,21,0.6731557846069336,0.5419191328704046,0.6101634502410889,0,0,0,1.202830195426941,0.6175190952323671,,,0.1874566414629784,-0.5540065163648433,,,,,0.1620870977640152,0.1541556119918823,0.0040056253783404,5.5560992470910335,5.536934291581109
1,4,exp,False,5,15,0.6506228521466255,0.5316484422440741,0.4233982563018799,0,0,0,0.8534671664237976,0.6193189724416889,,,0.1893778114180005,-0.5584106865535965,,,,,0.2487464249134063,0.2458368092775344,0.1567277014255523,5.5560992470910335,5.536934291581109
2,4,softplus,False,19,29,0.7137216441333294,0.5364891208553675,1.0128233432769775,0,0,0,2.5164365768432617,0.6281265520750887,,,0.1868443097502998,-0.5517512179584029,,,,,0.2063749879598617,0.1991600841283798,0.0122413989156484,5.5560992470910335,5.547885694729637
2,4,exp,False,5,15,0.6949077434837818,0.5198815997169717,0.5115480422973633,0,0,0,1.3659783601760864,0.6303317903612502,,,0.1874168582805625,-0.5527785213326318,,,,,0.2517504096031189,0.2489004135131836,0.1591759622097015,5.5560992470910335,5.547885694729637
3,4,softplus,False,18,28,0.6445318013429642,0.5043659756717221,0.9797484874725342,0,0,0,1.864587664604187,0.5966612691400285,,,0.192450105814728,-0.5695412448340358,,,,,0.1904435008764267,0.1825516372919082,0.0080593153834342,5.5560992470910335,5.5533613963039015
3,4,exp,False,4,14,0.6222619414329529,0.4809651351275839,0.4164178371429443,0,0,0,1.1337597370147705,0.6007130113770396,,,0.1916397439865327,-0.5641575853396189,,,,,0.2466174513101577,0.2435965687036514,0.1550061553716659,5.5560992470910335,5.5533613963039015
4,4,softplus,False,17,27,0.708722747862339,0.5011753271034844,0.8697679042816162,0,0,0,1.2729570865631104,0.6190681211885221,,,0.1895628460201155,-0.5570445224957666,,,,,0.1846020966768264,0.1775236576795578,0.0078689428046345,5.5560992470910335,5.547885694729637
4,4,exp,False,4,14,0.6884759217500687,0.4928644802089671,0.4025163650512695,0,0,0,1.2690094709396362,0.6188837389626974,,,0.1903145547409563,-0.5594363789597248,,,,,0.2332485318183899,0.2305314987897873,0.1445979923009872,5.5560992470910335,5.547885694729637
5,4,softplus,False,14,24,0.6432580500841141,0.4598218849237138,0.8965141773223877,0,0,0,1.0359759330749512,0.6253042123311405,,,0.1890731960570305,-0.5580452906152998,,,,,0.1684662401676178,0.1609074920415878,0.0049737989902496,5.5560992470910335,5.5560992470910335
5,4,exp,False,9,19,0.6169790774583817,0.4453818301697707,0.6733558177947998,0,0,0,1.1838703155517578,0.6361765448703816,,,0.1867821756311222,-0.5521412500387928,,,,,0.2400278449058532,0.2369612157344818,0.1444640755653381,5.5560992470910335,5.5560992470910335
6,4,softplus,False,14,24,0.6814238578081131,0.5419177425572196,0.8706071376800537,0,0,0,1.0549691915512085,0.600957716147541,,,0.1943566800804143,-0.5746974946033524,,,,,0.1675124615430832,0.1598948240280151,0.0053632222115993,5.5560992470910335,5.5560992470910335
6,4,exp,False,9,19,0.6614492610096931,0.5156774898101618,0.6144802570343018,0,0,0,1.921806812286377,0.6118321323332816,,,0.1920871975298661,-0.5653063293483396,,,,,0.2440195232629776,0.2411677688360214,0.1538359522819519,5.5560992470910335,5.5560992470910335
7,4,softplus,False,17,27,0.7035337015986443,0.5315527431581212,0.9241223335266112,0,0,0,1.5070843696594238,0.6293853601586679,,,0.1920189374283079,-0.5640411743383644,,,,,0.1798304766416549,0.1728036999702453,0.0064076078124344,5.5560992470910335,5.5560992470910335
7,4,exp,False,3,13,0.6837060824036598,0.5182491094216534,0.403698205947876,0,0,0,1.6038213968276978,0.6402535119815911,,,0.191237788978819,-0.5628386267982516,,,,,0.249828353524208,0.2470216304063797,0.1551743596792221,5.5560992470910335,5.5560992470910335
8,4,softplus,False,13,23,0.6583451181650162,0.4979099265858321,0.7943382263183594,0,0,0,1.6221271753311155,0.6344740467493829,,,0.1868933792567175,-0.5551158335954968,,,,,0.1637755930423736,0.1558490991592407,0.005811664275825,5.5560992470910335,5.5560992470910335
8,4,exp,False,5,15,0.6253512725234032,0.4771818168180722,0.4575066566467285,0,0,0,0.9459459781646729,0.6378893651112518,,,0.1864739047550561,-0.5503395803750678,,,,,0.2471738010644912,0.2440484911203384,0.1562182009220123,5.5560992470910335,5.5560992470910335
9,4,softplus,False,13,23,0.6538863927125931,0.5811741421235859,0.6400866508483887,0,0,0,1.3661394119262695,0.6085042639473969,,,0.1912898506684732,-0.5690436530031593,,,,,0.170436218380928,0.1633269041776657,0.0083695594221353,5.5560992470910335,5.5560992470910335
9,4,exp,False,13,23,0.635772354900837,0.5645123460016198,0.6484894752502441,0,0,0,2.0708162784576416,0.6142420618850849,,,0.1923977905878881,-0.5663144308668313,,,,,0.2480064928531646,0.2454074621200561,0.1658036410808563,5.5560992470910335,5.5560992470910335
10,4,softplus,False,17,27,0.6367357075214386,0.5316294423398676,1.089566707611084,0,0,0,1.7237361669540403,0.6263118187690788,,,0.1882668934696168,-0.556232342742113,,,,,0.1941840350627899,0.1873996406793594,0.0118980966508388,5.5560992470910335,5.5560992470910335
10,4,exp,False,7,17,0.625325158238411,0.5176286205481947,0.5910384654998779,0,0,0,1.1445516347885132,0.6369187218317929,,,0.1883865107737875,-0.5564221118940273,,,,,0.2506534159183502,0.2479481846094131,0.1575915366411209,5.5560992470910335,5.5560992470910335
1,5,softplus,False,15,25,0.6708875894546509,0.5305478287851044,0.6867480278015137,0,0,0,1.3784185647964478,0.6172095348772463,,,0.18762206867342224,-0.5534907132775579,,,,,0.18414293229579926,0.1767897754907608,0.00875910185277462,5.5560992470910335,5.536934291581109
1,5,exp,False,5,15,0.6433171033859253,0.5239439436860629,0.44522619247436523,0,0,0,0.8711965084075928,0.6216230245772885,,,0.1882873592673299,-0.5548851691548917,,,,,0.25611740350723267,0.25320136547088623,0.16264209151268005,5.5560992470910335,5.536934291581109
2,5,softplus,False,18,28,0.7158130407333374,0.5429618363459325,0.8651363849639893,0,0,0,2.1865029335021973,0.6204136253827157,,,0.18807595095356283,-0.5544489278278617,,,,,0.19623932242393494,0.18919609487056732,0.01314195804297924,5.5560992470910335,5.547885694729637
2,5,exp,False,9,19,0.6934344097971916,0.5154447642458468,0.5588312149047852,0,0,0,1.4266514778137207,0.6327024194373719,,,0.18629409100589034,-0.5498521840549037,,,,,0.2524872124195099,0.2495984435081482,0.1599993109703064,5.5560992470910335,5.547885694729637
3,5,softplus,False,15,25,0.6386632993817329,0.49369251799988867,0.8045005798339844,0,0,0,1.6321015357971191,0.5974659385329707,,,0.19215732612947364,-0.5663935285174181,,,,,0.17802606523036957,0.17026761174201965,0.008375190198421478,5.5560992470910335,5.5533613963039015
3,5,exp,False,7,17,0.6192161217331886,0.46830869512249335,0.5043067932128906,0,0,0,1.5115269422531128,0.6046225698502866,,,0.18998647544393427,-0.5589122908479149,,,,,0.2393750250339508,0.23631936311721802,0.14747516810894012,5.5560992470910335,5.5533613963039015
4,5,softplus,False,16,26,0.7030912414193153,0.4985373863658297,0.700676679611206,0,0,0,1.7957875728607178,0.6191861183064946,,,0.1913895489776604,-0.5598793470920488,,,,,0.18147511780261993,0.17459480464458466,0.00840577483177185,5.5560992470910335,5.547885694729637
4,5,exp,False,5,15,0.6812801957130432,0.4914025456860174,0.5415077209472656,0,0,0,1.226048231124878,0.6209689837890605,,,0.18870864369055068,-0.5541406839076178,,,,,0.24502897262573242,0.24231185019016266,0.15327519178390503,5.5560992470910335,5.547885694729637
5,5,softplus,False,13,23,0.6427351608872414,0.45286103677587447,0.815401554107666,0,0,0,0.8955300450325012,0.6264135561767504,,,0.18686780274892498,-0.551574529108491,,,,,0.16441622376441956,0.15691067278385162,0.004949288442730904,5.5560992470910335,5.5560992470910335
5,5,exp,False,8,18,0.6270119473338127,0.43189346739629497,0.711667537689209,0,0,0,0.868438720703125,0.6322918986735453,,,0.18555080518463882,-0.5480890558310095,,,,,0.2297094464302063,0.22660201787948608,0.1341404914855957,5.5560992470910335,5.5560992470910335
6,5,softplus,False,15,25,0.6782950684428215,0.5309495545235706,0.8545286655426025,0,0,0,1.1832239627838135,0.6120369104369121,,,0.1920220511576548,-0.5694663909927274,,,,,0.17115025222301483,0.16372154653072357,0.006961962208151817,5.5560992470910335,5.5560992470910335
6,5,exp,False,8,18,0.6629141345620155,0.506540006379018,0.5070714950561523,0,0,0,1.10935378074646,0.6191123386184229,,,0.1910247260503927,-0.5624041728972128,,,,,0.24347367882728577,0.2406233847141266,0.15341468155384064,5.5560992470910335,5.5560992470910335
7,5,softplus,False,12,22,0.7017506211996078,0.5185125107823432,0.7721612453460693,0,0,0,1.2713640928268433,0.6373222746198666,,,0.18922210980406926,-0.5584017454307165,,,,,0.16372811794281006,0.15684249997138977,0.006806532386690378,5.5560992470910335,5.5560992470910335
7,5,exp,False,6,16,0.6771539524197578,0.5003404815306609,0.5486559867858887,0,0,0,0.9495232701301575,0.6388712073138044,,,0.18816982780310362,-0.5545256911566642,,,,,0.23602363467216492,0.23339398205280304,0.14716516435146332,5.5560992470910335,5.5560992470910335
8,5,softplus,False,13,23,0.6645311638712883,0.5016169453803041,0.8426642417907715,0,0,0,1.5853835344314575,0.632921580494177,,,0.1883726272336754,-0.5568927628844423,,,,,0.16597187519073486,0.1581186205148697,0.007961961440742016,5.5560992470910335,5.5560992470910335
8,5,exp,False,4,14,0.6299107223749161,0.4809717872693607,0.4975113868713379,0,0,0,0.8350347876548767,0.6298754316264965,,,0.1861336886013372,-0.5492134560018742,,,,,0.2375859022140503,0.234453484416008,0.14712567627429962,5.5560992470910335,5.5560992470910335
9,5,softplus,False,15,25,0.6342122331261635,0.582357275732973,0.8928325176239014,0,0,0,1.711209774017334,0.6090341366612976,,,0.19252011732174312,-0.5693815354383588,,,,,0.18236447870731354,0.1752355396747589,0.011349744163453579,5.5560992470910335,5.5560992470910335
9,5,exp,False,9,19,0.6319411098957062,0.5577277631061511,0.5983874797821045,0,0,0,1.4175339937210083,0.6156643434468251,,,0.19057965245441721,-0.5615591968299551,,,,,0.2383785992860794,0.2357245832681656,0.15397930145263672,5.5560992470910335,5.5560992470910335
10,5,softplus,False,12,22,0.6421025097370148,0.5304691420763397,0.7682023048400879,0,0,0,1.1431708335876465,0.6180007002696082,,,0.1914481474070709,-0.5648663277893919,,,,,0.17580969631671906,0.16896510124206543,0.008825652301311493,5.5560992470910335,5.5560992470910335
10,5,exp,False,8,18,0.624895729124546,0.5289425822121374,0.635512113571167,0,0,0,1.5394480228424072,0.617645088659641,,,0.19123219437668337,-0.563097602602761,,,,,0.24717146158218384,0.24453265964984894,0.15627196431159973,5.5560992470910335,5.5560992470910335
