Censoring horizon P(C>τ),Metric,Direction,Reproduction mean,Reproduction SE,Paper mean,Paper SE,Difference (ours-paper),Difference / combined SE
10^-8,Concordance C_td,higher,0.6236022362697011,0.0033464424978839,0.628,0.003,-0.0043977637302988,-0.9785216225994482
10^-8,IBLL,higher,-0.5593965409095244,0.0016136608028317,-0.559,0.002,-0.0003965409095243,-0.1543077416329634
10^-8,IBS,lower,0.1894935086364687,0.0005136730896134,0.19,0.002,-0.0005064913635312,-0.2452847647219629
0.2,Concordance C_td,higher,0.6236526972434693,0.0033195407675981,0.628,0.003,-0.0043473027565307,-0.9716165203379176
0.2,IBLL,higher,-0.5753695730942401,0.0011383021448506,-0.575,0.002,-0.0003695730942401,-0.1605969732819707
0.2,IBS,lower,0.1963580801289888,0.0004745614184037,0.196,0.001,0.0003580801289888,0.3235006917573216
0.4,Concordance C_td,higher,0.6226978488173581,0.0031907447129926,0.628,0.003,-0.0053021511826418,-1.21064876029672
0.4,IBLL,higher,-0.5926505644354373,0.0015508697575279,-0.593,0.001,0.0003494355645626,0.1893633738809348
0.4,IBS,lower,0.2038649478509358,0.000631775163737,0.204,0.001,-0.0001350521490641,-0.1141749776195993
