metric,n_splits,mean_delta_exp_minus_softplus,sd_delta,se_delta,ci95_low,ci95_high,paired_t_p,wilcoxon_p,exp_wins_splits,softplus_wins_splits
test_nll,10,-0.014845153018858564,0.005286934606907092,0.001671875519819339,-0.018627198201324854,-0.011063107836392274,9.533505388145853e-06,0.001953125,10,0
c,10,0.003315933446435604,0.0027144327830562116,0.0008583790149887338,0.001374145209283172,0.005257721683588036,0.003829374370235381,0.00390625,9,1
ibs,10,-0.0004131180784890887,0.0007281704536146991,0.0002302677158260438,-0.0009340198412061552,0.00010778368422797785,0.10638291628343784,0.10546875,7,3
ibll,10,0.002653083994642691,0.002662453232443491,0.0008419416378199141,0.0007484796879903201,0.004557688301295062,0.011715857114108259,0.01953125,9,1
best_valid_nll,10,-0.01863389782607553,0.005493608921361596,0.0017372316765723482,-0.022563788906673602,-0.01470400674547746,1.990550937141203e-06,0.001953125,10,0
best_epoch,10,-8.48,1.8383567541572434,0.5813394495091104,-9.7950811997242,-7.164918800275801,1.4373191215030616e-07,0.001953125,10,0
epochs_run,10,-8.48,1.8383567541572436,0.5813394495091104,-9.7950811997242,-7.164918800275801,1.4373191215030637e-07,0.001953125,10,0
seconds,10,-0.2851049757003784,0.06766840146893795,0.02139862742645276,-0.33351203400717866,-0.23669791739357818,3.143427360436767e-07,0.001953125,10,0
max_grad_norm,10,-0.38502268433570863,0.27772842213496046,0.08782543849111986,-0.5836976290942886,-0.18634773957712866,0.0017609636764007164,0.001953125,10,0
tail_q99train_meanS,10,0.06643623679876327,0.006509412926122134,0.0020584571077087305,0.061779683308247096,0.07109279028927945,1.2936494389682381e-10,0.001953125,0,0
tail_maxtrain_meanS,10,0.07099239319562914,0.006549162149849427,0.0020710269159289157,0.06630740482341267,0.0756773815678456,7.552300963925327e-11,0.001953125,0,0
tail_2xmaxtrain_meanS,10,0.14568281620740892,0.005599881122522487,0.0017708378973351486,0.1416769025737977,0.14968872984102014,2.9338918961139415e-14,0.001953125,0,0
