metric,softplus,exp,delta_exp_minus_softplus
c,0.6233139663341433,0.6249501376651623,0.0016361713310190096
c2,0.6233270468781114,0.6245992649010208,0.0012722180229094437
c4,0.6223284102766298,0.6237410580485129,0.001412647771883102
ibs,0.18983077243352436,0.18975442301515255,-7.634941837181275e-05
ibs2,0.19679218731700057,0.1966389999595716,-0.00015318735742897438
ibs4,0.20434276077997468,0.20404748763893882,-0.0002952731410358622
ibll,-0.5601691723888672,-0.5583520922035362,0.0018170801853309992
ibll2,-0.576331107526501,-0.5748567146920674,0.0014743928344335133
ibll4,-0.5937238255510797,-0.592264364823895,0.0014594607271847249
