split,test_nll_softplus,test_nll_exp,test_nll_delta_exp_minus_softplus,c_softplus,c_exp,c_delta_exp_minus_softplus,ibs_softplus,ibs_exp,ibs_delta_exp_minus_softplus,ibll_softplus,ibll_exp,ibll_delta_exp_minus_softplus,best_valid_nll_softplus,best_valid_nll_exp,best_valid_nll_delta_exp_minus_softplus,best_epoch_softplus,best_epoch_exp,best_epoch_delta_exp_minus_softplus,epochs_run_softplus,epochs_run_exp,epochs_run_delta_exp_minus_softplus,seconds_softplus,seconds_exp,seconds_delta_exp_minus_softplus,max_grad_norm_softplus,max_grad_norm_exp,max_grad_norm_delta_exp_minus_softplus,tail_q99train_meanS_softplus,tail_q99train_meanS_exp,tail_q99train_meanS_delta_exp_minus_softplus,tail_maxtrain_meanS_softplus,tail_maxtrain_meanS_exp,tail_maxtrain_meanS_delta_exp_minus_softplus,tail_2xmaxtrain_meanS_softplus,tail_2xmaxtrain_meanS_exp,tail_2xmaxtrain_meanS_delta_exp_minus_softplus
1,0.5350534063788184,0.5289749208529284,-0.006078485525889965,0.6180840580023901,0.6201691347056931,0.002085076703303046,0.18783264695331142,0.18874895446732923,0.0009163075140178056,-0.5548251339425019,-0.5562223726925017,-0.0013972387499998629,0.6691481009125709,0.6452817723155022,-0.02386632859706872,14.0,4.8,-9.2,24.0,14.8,-9.2,0.7942299842834473,0.4696897029876709,-0.3245402812957764,1.530622673034668,1.0266775012016296,-0.5039451718330383,0.1811538964509964,0.25419057011604307,0.07303667366504668,0.17351837158203123,0.2512028634548187,0.07768449187278745,0.00661774259060616,0.15835370719432826,0.1517359646037221
2,0.5336972941634566,0.52005209028888,-0.013645203874576572,0.6279323962973375,0.6291996221741666,0.0012672258768290368,0.1878071735786631,0.18815897692680772,0.0003518033481446081,-0.5544162486172909,-0.5543698323193198,4.641629797108582e-05,0.7133948653936386,0.6951896019279957,-0.018205263465642885,17.4,5.6,-11.799999999999999,27.4,15.6,-11.799999999999999,0.8609038352966308,0.5196252346038819,-0.34127860069274896,2.2376039028167725,1.194288957118988,-1.0433149456977844,0.1965281844139099,0.25346513390541076,0.056936949491500854,0.18919933438301084,0.25065363347530367,0.06145429909229283,0.01039088591933244,0.1612540632486343,0.15086317732930188
3,0.493990380928795,0.47451006318603445,-0.019480317742760545,0.601143513226077,0.6024939044193218,0.0013503911932448709,0.19241883221290235,0.19190882157598416,-0.00051001063691819,-0.5692381253638193,-0.5642706795638561,0.0049674457999632216,0.6344359278678894,0.6197634652256966,-0.014672462642192796,15.4,6.2,-9.2,25.4,16.2,-9.2,0.8571924209594727,0.5190811634063721,-0.33811125755310056,1.5573034048080445,1.233843243122101,-0.3234601616859436,0.18133564293384546,0.24464567303657528,0.06331003010272981,0.17333106398582454,0.24155597984790797,0.06822491586208343,0.007372308149933759,0.15070274174213405,0.1433304335922003
4,0.49710794052538143,0.48980073920616396,-0.007307201319217471,0.6219857395295566,0.6243791530471936,0.0023934135176369997,0.190241017674719,0.1895805396683214,-0.0006604780063975968,-0.5577734924349805,-0.5570723498935563,0.0007011425414242822,0.7037037596106529,0.6812618777155877,-0.02244188189506524,15.6,4.6,-11.0,25.6,14.6,-11.000000000000002,0.8284634590148926,0.4529592037200928,-0.3755042552947998,1.5133346796035767,1.2198654770851136,-0.2934692025184631,0.1815916687250137,0.2426109373569488,0.0610192686319351,0.17449633479118346,0.2398572951555252,0.06536096036434175,0.00750665459781878,0.15041677653789515,0.14291012194007638
5,0.45613485135627985,0.43890950340532653,-0.017225347950953318,0.6296035863339537,0.6355916761360842,0.005988089802130503,0.18764692620440498,0.18610085842687232,-0.0015460677775326614,-0.5538124977408498,-0.5499995522617988,0.0038129454790510886,0.6376319512724876,0.619586855173111,-0.018045096099376656,16.2,9.0,-7.199999999999999,26.2,19.0,-7.199999999999999,0.8749156951904297,0.6705336570739746,-0.20438203811645506,1.6433635115623475,1.1206398248672484,-0.522723686695099,0.17905517220497127,0.23666998445987697,0.057614812254905695,0.17156077921390528,0.23355622291564937,0.06199544370174409,0.0063671472482383,0.13934001922607417,0.13297287197783586
6,0.5347911509408338,0.5146918066584313,-0.020099344282402565,0.6103314431048912,0.6138244491813396,0.003493006076448424,0.1926633317104136,0.19168848218317175,-0.0009748495272418611,-0.5697572927307645,-0.5641072541572718,0.005650038573492666,0.6734529510140419,0.659396781027317,-0.014056169986724876,16.4,9.4,-6.999999999999998,26.4,19.4,-7.0,0.9111586570739746,0.6592159271240234,-0.25194272994995115,1.6388232469558717,1.4566702842712402,-0.18215296268463144,0.17863041460514065,0.2453030943870544,0.06667267978191374,0.1710781008005142,0.2424270987510681,0.07134899795055391,0.00664369426667686,0.15372560620307918,0.14708191193640233
7,0.5256499454327698,0.5074386797759725,-0.018211265656797315,0.6352845310351447,0.641296732834585,0.0060122017994402865,0.1903474113876088,0.19000384172818904,-0.0003435696594197568,-0.5601511453710507,-0.5590041648114478,0.0011469805596029392,0.6969507142901421,0.6788899928331376,-0.018060721457004547,13.2,5.0,-8.2,23.2,15.0,-8.2,0.8056721687316895,0.5260978698730469,-0.2795742988586426,1.220801591873169,1.0298341631889343,-0.19096742868423466,0.17037868499755854,0.2437235683202743,0.07334488332271577,0.16322831213474268,0.2410111933946609,0.07778288125991822,0.00580070391297334,0.15050273835659023,0.1447020344436169
8,0.4954011907347673,0.47612442901256447,-0.01927676172220283,0.6337768145797061,0.6360549597042706,0.002278145124564479,0.18772210733777725,0.18661844215693674,-0.001103665180840513,-0.5563604157348303,-0.5502528419715336,0.006107573763296736,0.65886110663414,0.629116615653038,-0.02974449098110199,14.0,5.8,-8.2,24.0,15.8,-8.2,0.8294066429138184,0.5022485733032227,-0.3271580696105957,1.4919465780258179,0.9888509154319763,-0.5030956625938415,0.16927004754543298,0.24334467649459834,0.07407462894916536,0.16138662695884703,0.24016645252704621,0.07877982556819918,0.00760695692151782,0.15100655555725095,0.14339959863573312
9,0.5760556144370229,0.5587877720956644,-0.017267842341358475,0.6112568030364282,0.6198180317125451,0.008561228676116972,0.19183928455508872,0.19147627403827688,-0.00036301051681184027,-0.568491214669602,-0.5638880566374482,0.00460315803215372,0.644760613143444,0.6341847270727158,-0.010575886070728235,15.0,8.2,-6.800000000000001,25.0,18.2,-6.800000000000001,0.7700765132904053,0.6047729015350342,-0.16530361175537112,1.4455328226089477,1.3576563596725464,-0.08787646293640128,0.17869932055473323,0.24569950401782986,0.06700018346309664,0.17147626280784606,0.2430031985044479,0.07152693569660185,0.00866620996966952,0.15866730213165278,0.15000109216198326
10,0.5295767362851105,0.5197169765126839,-0.00985975977242659,0.6271940495611087,0.6269246052557501,-0.00026944430535857933,0.18965535097010042,0.18975771062820954,0.00010235965810911907,-0.5601492008367309,-0.5592568231872599,0.0008923776494710323,0.63807872235775,0.6214080452919006,-0.01667067706584935,13.2,7.0,-6.199999999999999,23.2,17.0,-6.199999999999999,0.8087560176849365,0.5655014038085937,-0.24325461387634284,1.3918951749801636,1.1926740169525147,-0.19922115802764884,0.17975153625011442,0.2511037945747375,0.07135225832462311,0.17266539633274072,0.24843057692050935,0.07576518058776863,0.00804675500839942,0.15787771046161647,0.14983095545321706
