filename,virus,bacteria,healthy
NORMAL2-IM-0332-0001.jpeg,0.0,0.0,1.0
NORMAL2-IM-0333-0001.jpeg,0.0,0.0,1.0
NORMAL2-IM-0335-0001.jpeg,0.0,0.0,1.0
NORMAL2-IM-0336-0001.jpeg,0.0,0.0,1.0
NORMAL2-IM-0337-0001.jpeg,0.0,0.0,1.0
NORMAL2-IM-0338-0001.jpeg,0.0,0.0,1.0
NORMAL2-IM-0339-0001.jpeg,0.0,0.0,1.0
NORMAL2-IM-0340-0001.jpeg,0.0,0.0,1.0
NORMAL2-IM-0341-0001.jpeg,0.0,0.0,1.0
NORMAL2-IM-0343-0001.jpeg,0.0,0.0,1.0
NORMAL2-IM-0345-0001.jpeg,0.0,0.0,1.0
NORMAL2-IM-0346-0001.jpeg,0.0,0.0,1.0
NORMAL2-IM-0347-0001.jpeg,0.0,0.0,1.0
NORMAL2-IM-0348-0001.jpeg,0.0,0.0,1.0
NORMAL2-IM-0349-0001.jpeg,0.0,0.0,1.0
NORMAL2-IM-0350-0001.jpeg,0.0,0.0,1.0
NORMAL2-IM-0351-0001.jpeg,0.0,0.0,1.0
NORMAL2-IM-0352-0001.jpeg,0.0,0.0,1.0
NORMAL2-IM-0353-0001.jpeg,0.0,0.0,1.0
NORMAL2-IM-0354-0001.jpeg,0.0,0.0,1.0
NORMAL2-IM-0357-0001.jpeg,0.0,0.0,1.0
NORMAL2-IM-0359-0001.jpeg,0.0,0.0,1.0
NORMAL2-IM-0360-0001.jpeg,0.0,0.0,1.0
NORMAL2-IM-0361-0001.jpeg,0.0,0.0,1.0
NORMAL2-IM-0362-0001.jpeg,0.0,0.0,1.0
NORMAL2-IM-0364-0001.jpeg,0.0,0.0,1.0
NORMAL2-IM-0366-0001.jpeg,0.0,0.0,1.0
NORMAL2-IM-0368-0001.jpeg,0.0,0.0,1.0
NORMAL2-IM-0369-0001.jpeg,0.0,0.0,1.0
NORMAL2-IM-0370-0001.jpeg,0.0,0.0,1.0
NORMAL2-IM-0372-0001.jpeg,0.0,0.0,1.0
NORMAL2-IM-0373-0001.jpeg,0.0,0.0,1.0
NORMAL2-IM-0374-0001-0001.jpeg,0.0,0.0,1.0
NORMAL2-IM-0374-0001-0002.jpeg,0.0,0.0,1.0
NORMAL2-IM-0374-0001.jpeg,0.0,0.0,1.0
NORMAL2-IM-0376-0001.jpeg,0.0,0.0,1.0
NORMAL2-IM-0378-0001.jpeg,0.0,0.0,1.0
NORMAL2-IM-0380-0001.jpeg,0.0,0.0,1.0
NORMAL2-IM-0381-0001.jpeg,0.0,0.0,1.0
person10_virus_35.jpeg,1.0,0.0,0.0
person11_virus_38.jpeg,1.0,0.0,0.0
person14_virus_44.jpeg,1.0,0.0,0.0
person15_virus_46.jpeg,1.0,0.0,0.0
person16_virus_47.jpeg,1.0,0.0,0.0
person17_virus_48.jpeg,1.0,0.0,0.0
person18_virus_49.jpeg,1.0,0.0,0.0
person19_virus_50.jpeg,1.0,0.0,0.0
person1_virus_11.jpeg,1.0,0.0,0.0
person1_virus_12.jpeg,1.0,0.0,0.0
person1_virus_13.jpeg,1.0,0.0,0.0
person1_virus_6.jpeg,1.0,0.0,0.0
person1_virus_7.jpeg,1.0,0.0,0.0
person1_virus_8.jpeg,1.0,0.0,0.0
person1_virus_9.jpeg,1.0,0.0,0.0
person3_virus_15.jpeg,1.0,0.0,0.0
person3_virus_16.jpeg,1.0,0.0,0.0
person3_virus_17.jpeg,1.0,0.0,0.0
person78_bacteria_378.jpeg,0.0,1.0,0.0
person78_bacteria_380.jpeg,0.0,1.0,0.0
person78_bacteria_381.jpeg,0.0,1.0,0.0
person78_bacteria_382.jpeg,0.0,1.0,0.0
person78_bacteria_384.jpeg,0.0,1.0,0.0
person78_bacteria_385.jpeg,0.0,1.0,0.0
person78_bacteria_386.jpeg,0.0,1.0,0.0
person78_bacteria_387.jpeg,0.0,1.0,0.0
person78_virus_140.jpeg,1.0,0.0,0.0
person79_virus_148.jpeg,1.0,0.0,0.0
person80_bacteria_389.jpeg,0.0,1.0,0.0
person80_bacteria_390.jpeg,0.0,1.0,0.0
person80_bacteria_391.jpeg,0.0,1.0,0.0
person80_bacteria_392.jpeg,0.0,1.0,0.0
person80_bacteria_393.jpeg,0.0,1.0,0.0
person81_bacteria_395.jpeg,0.0,1.0,0.0
person81_bacteria_396.jpeg,0.0,1.0,0.0
person81_bacteria_397.jpeg,0.0,1.0,0.0
person81_bacteria_398.jpeg,0.0,1.0,0.0
person82_bacteria_402.jpeg,0.0,1.0,0.0
person82_bacteria_403.jpeg,0.0,1.0,0.0
person82_bacteria_404.jpeg,0.0,1.0,0.0
person82_bacteria_405.jpeg,0.0,1.0,0.0
person83_bacteria_407.jpeg,0.0,1.0,0.0
person83_bacteria_409.jpeg,0.0,1.0,0.0
person83_bacteria_410.jpeg,0.0,1.0,0.0
person83_bacteria_411.jpeg,0.0,1.0,0.0
person83_bacteria_412.jpeg,0.0,1.0,0.0
person83_bacteria_414.jpeg,0.0,1.0,0.0
person85_bacteria_417.jpeg,0.0,1.0,0.0
person85_bacteria_419.jpeg,0.0,1.0,0.0
person85_bacteria_421.jpeg,0.0,1.0,0.0
person85_bacteria_422.jpeg,0.0,1.0,0.0
person85_bacteria_423.jpeg,0.0,1.0,0.0
person85_bacteria_424.jpeg,0.0,1.0,0.0
person86_bacteria_428.jpeg,0.0,1.0,0.0
person86_bacteria_429.jpeg,0.0,1.0,0.0
person87_bacteria_433.jpeg,0.0,1.0,0.0
person87_bacteria_434.jpeg,0.0,1.0,0.0
person88_bacteria_437.jpeg,0.0,1.0,0.0
person88_bacteria_438.jpeg,0.0,1.0,0.0
person8_virus_27.jpeg,1.0,0.0,0.0
person8_virus_28.jpeg,1.0,0.0,0.0
